code,skill_path,group_id,group_label,sub_group_id,sub_group_label,leaf_id,leaf_label
10010001,Occupational Skills|Administrative|Backroom organization,1,Occupational Skills,0,Administrative,1,Backroom organization
10010002,Occupational Skills|Administrative|Calendar management,1,Occupational Skills,0,Administrative,2,Calendar management
10010003,Occupational Skills|Administrative|Case management,1,Occupational Skills,0,Administrative,3,Case management
10010004,Occupational Skills|Administrative|Computer literacy,1,Occupational Skills,0,Administrative,4,Computer literacy
10010005,Occupational Skills|Administrative|Computer skills,1,Occupational Skills,0,Administrative,5,Computer skills
10010006,Occupational Skills|Administrative|Data entry,1,Occupational Skills,0,Administrative,6,Data entry
10010007,Occupational Skills|Administrative|Document management,1,Occupational Skills,0,Administrative,7,Document management
10010008,Occupational Skills|Administrative|Documentation Skills,1,Occupational Skills,0,Administrative,8,Documentation Skills
10010009,Occupational Skills|Administrative|Minute Taking,1,Occupational Skills,0,Administrative,9,Minute Taking
10010010,Occupational Skills|Administrative|Office Administration,1,Occupational Skills,0,Administrative,10,Office Administration
10010011,Occupational Skills|Administrative|Order processing,1,Occupational Skills,0,Administrative,11,Order processing
10010012,Occupational Skills|Administrative|Ordering of supplies and equipment,1,Occupational Skills,0,Administrative,12,Ordering of supplies and equipment
10010013,Occupational Skills|Administrative|Proofreading,1,Occupational Skills,0,Administrative,13,Proofreading
10010014,Occupational Skills|Administrative|Purchasing building materials,1,Occupational Skills,0,Administrative,14,Purchasing building materials
10010015,Occupational Skills|Administrative|Records management,1,Occupational Skills,0,Administrative,15,Records management
10010016,Occupational Skills|Administrative|Technical Records,1,Occupational Skills,0,Administrative,16,Technical Records
10010017,Occupational Skills|Administrative|Work scheduling,1,Occupational Skills,0,Administrative,17,Work scheduling
10010018,Occupational Skills|Administrative|information filing,1,Occupational Skills,0,Administrative,18,information filing
10020001,Occupational Skills|Analysis and research|A/B testing,1,Occupational Skills,1,Analysis and research,1,A/B testing
10020002,Occupational Skills|Analysis and research|Analytical Skills,1,Occupational Skills,1,Analysis and research,2,Analytical Skills
10020003,Occupational Skills|Analysis and research|Business Engagement,1,Occupational Skills,1,Analysis and research,3,Business Engagement
10020004,Occupational Skills|Analysis and research|Comparative market analysis,1,Occupational Skills,1,Analysis and research,4,Comparative market analysis
10020005,Occupational Skills|Analysis and research|Data Analysis,1,Occupational Skills,1,Analysis and research,5,Data Analysis
10020006,Occupational Skills|Analysis and research|Data augmentation,1,Occupational Skills,1,Analysis and research,6,Data augmentation
10020007,Occupational Skills|Analysis and research|Data cleansing,1,Occupational Skills,1,Analysis and research,7,Data cleansing
10020008,Occupational Skills|Analysis and research|Data collection,1,Occupational Skills,1,Analysis and research,8,Data collection
10020009,Occupational Skills|Analysis and research|Data engineering,1,Occupational Skills,1,Analysis and research,9,Data engineering
10020010,Occupational Skills|Analysis and research|Data lakes,1,Occupational Skills,1,Analysis and research,10,Data lakes
10020011,Occupational Skills|Analysis and research|Data mining,1,Occupational Skills,1,Analysis and research,11,Data mining
10020012,Occupational Skills|Analysis and research|Data modeling,1,Occupational Skills,1,Analysis and research,12,Data modeling
10020013,Occupational Skills|Analysis and research|Data pipelines,1,Occupational Skills,1,Analysis and research,13,Data pipelines
10020014,Occupational Skills|Analysis and research|Data preparation,1,Occupational Skills,1,Analysis and research,14,Data preparation
10020015,Occupational Skills|Analysis and research|Data science,1,Occupational Skills,1,Analysis and research,15,Data science
10020016,Occupational Skills|Analysis and research|Data structuring,1,Occupational Skills,1,Analysis and research,16,Data structuring
10020017,Occupational Skills|Analysis and research|Data visualization,1,Occupational Skills,1,Analysis and research,17,Data visualization
10020018,Occupational Skills|Analysis and research|Engineering design knowledge,1,Occupational Skills,1,Analysis and research,18,Engineering design knowledge
10020019,Occupational Skills|Analysis and research|Forecasting,1,Occupational Skills,1,Analysis and research,19,Forecasting
10020020,Occupational Skills|Analysis and research|Impact assessment,1,Occupational Skills,1,Analysis and research,20,Impact assessment
10020021,Occupational Skills|Analysis and research|Market and trend analysis,1,Occupational Skills,1,Analysis and research,21,Market and trend analysis
10020022,Occupational Skills|Analysis and research|Market research,1,Occupational Skills,1,Analysis and research,22,Market research
10020023,Occupational Skills|Analysis and research|Predictive Analysis,1,Occupational Skills,1,Analysis and research,23,Predictive Analysis
10020024,Occupational Skills|Analysis and research|Predictive modeling,1,Occupational Skills,1,Analysis and research,24,Predictive modeling
10020025,Occupational Skills|Analysis and research|Qualitative Research,1,Occupational Skills,1,Analysis and research,25,Qualitative Research
10020026,Occupational Skills|Analysis and research|Quantitative Research,1,Occupational Skills,1,Analysis and research,26,Quantitative Research
10020027,Occupational Skills|Analysis and research|Reports preparation,1,Occupational Skills,1,Analysis and research,27,Reports preparation
10020028,Occupational Skills|Analysis and research|Research Skills,1,Occupational Skills,1,Analysis and research,28,Research Skills
10020029,Occupational Skills|Analysis and research|Run Experiments,1,Occupational Skills,1,Analysis and research,29,Run Experiments
10020030,Occupational Skills|Analysis and research|Scientific method,1,Occupational Skills,1,Analysis and research,30,Scientific method
10020031,Occupational Skills|Analysis and research|Speech analysis,1,Occupational Skills,1,Analysis and research,31,Speech analysis
10020032,Occupational Skills|Analysis and research|Statistical analysis,1,Occupational Skills,1,Analysis and research,32,Statistical analysis
10020033,Occupational Skills|Analysis and research|T-distributed Stochastic Neighbor Embedding / t-SNE,1,Occupational Skills,1,Analysis and research,33,T-distributed Stochastic Neighbor Embedding / t-SNE
10020034,Occupational Skills|Analysis and research|Time series analysis,1,Occupational Skills,1,Analysis and research,34,Time series analysis
10020035,Occupational Skills|Analysis and research|Time-series,1,Occupational Skills,1,Analysis and research,35,Time-series
10020036,Occupational Skills|Analysis and research|Unstructured data,1,Occupational Skills,1,Analysis and research,36,Unstructured data
10020037,Occupational Skills|Analysis and research|Using models,1,Occupational Skills,1,Analysis and research,37,Using models
10030001,Occupational Skills|Banking and insurance|Anti-Money Laundering,1,Occupational Skills,2,Banking and insurance,1,Anti-Money Laundering
10030002,Occupational Skills|Banking and insurance|Auto insurance knowledge,1,Occupational Skills,2,Banking and insurance,2,Auto insurance knowledge
10030003,Occupational Skills|Banking and insurance|Commercial insurance knowledge,1,Occupational Skills,2,Banking and insurance,3,Commercial insurance knowledge
10030004,Occupational Skills|Banking and insurance|Cryptocurrencies,1,Occupational Skills,2,Banking and insurance,4,Cryptocurrencies
10030005,Occupational Skills|Banking and insurance|Fire insurance knowledge,1,Occupational Skills,2,Banking and insurance,5,Fire insurance knowledge
10030006,Occupational Skills|Banking and insurance|Group insurance knowledge,1,Occupational Skills,2,Banking and insurance,6,Group insurance knowledge
10030007,Occupational Skills|Banking and insurance|Home insurance knowledge,1,Occupational Skills,2,Banking and insurance,7,Home insurance knowledge
10030008,Occupational Skills|Banking and insurance|ISO8583,1,Occupational Skills,2,Banking and insurance,8,ISO8583
10030009,Occupational Skills|Banking and insurance|Insurance expertise,1,Occupational Skills,2,Banking and insurance,9,Insurance expertise
10030010,Occupational Skills|Banking and insurance|Investment management,1,Occupational Skills,2,Banking and insurance,10,Investment management
10030011,Occupational Skills|Banking and insurance|KYC,1,Occupational Skills,2,Banking and insurance,11,KYC
10030012,Occupational Skills|Banking and insurance|Liability insurance knowledge,1,Occupational Skills,2,Banking and insurance,12,Liability insurance knowledge
10030013,Occupational Skills|Banking and insurance|Life insurance knowledge,1,Occupational Skills,2,Banking and insurance,13,Life insurance knowledge
10030014,Occupational Skills|Banking and insurance|Mortgage expertise,1,Occupational Skills,2,Banking and insurance,14,Mortgage expertise
10030015,Occupational Skills|Banking and insurance|Personal insurance knowledge,1,Occupational Skills,2,Banking and insurance,15,Personal insurance knowledge
10030016,Occupational Skills|Banking and insurance|Personal lines insurance knowledge,1,Occupational Skills,2,Banking and insurance,16,Personal lines insurance knowledge
10030017,Occupational Skills|Banking and insurance|Portfolio management,1,Occupational Skills,2,Banking and insurance,17,Portfolio management
10030018,Occupational Skills|Banking and insurance|Property insurance knowledge,1,Occupational Skills,2,Banking and insurance,18,Property insurance knowledge
10030019,Occupational Skills|Banking and insurance|Retirement planning,1,Occupational Skills,2,Banking and insurance,19,Retirement planning
10030020,Occupational Skills|Banking and insurance|Tenant insurance knowledge,1,Occupational Skills,2,Banking and insurance,20,Tenant insurance knowledge
10030021,Occupational Skills|Banking and insurance|Understanding policy wordings,1,Occupational Skills,2,Banking and insurance,21,Understanding policy wordings
10030022,Occupational Skills|Banking and insurance|Underwriting,1,Occupational Skills,2,Banking and insurance,22,Underwriting
10030023,Occupational Skills|Banking and insurance|Wealth management,1,Occupational Skills,2,Banking and insurance,23,Wealth management
10040001,Occupational Skills|Business analysis|Benchmarking,1,Occupational Skills,3,Business analysis,1,Benchmarking
10040002,Occupational Skills|Business analysis|Business Analysis,1,Occupational Skills,3,Business analysis,2,Business Analysis
10040003,Occupational Skills|Business analysis|Business Intelligence,1,Occupational Skills,3,Business analysis,3,Business Intelligence
10040004,Occupational Skills|Business analysis|Business Systems Analysis,1,Occupational Skills,3,Business analysis,4,Business Systems Analysis
10040005,Occupational Skills|Business analysis|Company Research,1,Occupational Skills,3,Business analysis,5,Company Research
10040006,Occupational Skills|Business analysis|Critical Control Points (CCPs),1,Occupational Skills,3,Business analysis,6,Critical Control Points (CCPs)
10040007,Occupational Skills|Business analysis|Failure Mode Effects Analysis (FMEA),1,Occupational Skills,3,Business analysis,7,Failure Mode Effects Analysis (FMEA)
10040008,Occupational Skills|Business analysis|Feasibility studies,1,Occupational Skills,3,Business analysis,8,Feasibility studies
10040009,Occupational Skills|Business analysis|Key Performance Indicators,1,Occupational Skills,3,Business analysis,9,Key Performance Indicators
10040010,Occupational Skills|Business analysis|Process Failure Mode Effects Analysis (PFMEA),1,Occupational Skills,3,Business analysis,10,Process Failure Mode Effects Analysis (PFMEA)
10040011,Occupational Skills|Business analysis|Reporting Skills,1,Occupational Skills,3,Business analysis,11,Reporting Skills
10040012,Occupational Skills|Business analysis|Requirements Analysis,1,Occupational Skills,3,Business analysis,12,Requirements Analysis
10040013,Occupational Skills|Business analysis|Standard operating procedures (SOPs),1,Occupational Skills,3,Business analysis,13,Standard operating procedures (SOPs)
10040014,Occupational Skills|Business analysis|System thinking,1,Occupational Skills,3,Business analysis,14,System thinking
10040015,Occupational Skills|Business analysis|Zachman Framework,1,Occupational Skills,3,Business analysis,15,Zachman Framework
10050001,Occupational Skills|Business planning and operations|5S Methodology,1,Occupational Skills,4,Business planning and operations,1,5S Methodology
10050002,Occupational Skills|Business planning and operations|Asset Integrity,1,Occupational Skills,4,Business planning and operations,2,Asset Integrity
10050003,Occupational Skills|Business planning and operations|Asset Management,1,Occupational Skills,4,Business planning and operations,3,Asset Management
10050004,Occupational Skills|Business planning and operations|Business Planning,1,Occupational Skills,4,Business planning and operations,4,Business Planning
10050005,Occupational Skills|Business planning and operations|Business Process,1,Occupational Skills,4,Business planning and operations,5,Business Process
10050006,Occupational Skills|Business planning and operations|Business Strategy,1,Occupational Skills,4,Business planning and operations,6,Business Strategy
10050007,Occupational Skills|Business planning and operations|COSO,1,Occupational Skills,4,Business planning and operations,7,COSO
10050008,Occupational Skills|Business planning and operations|Capacity planning,1,Occupational Skills,4,Business planning and operations,8,Capacity planning
10050009,Occupational Skills|Business planning and operations|Change Management,1,Occupational Skills,4,Business planning and operations,9,Change Management
10050010,Occupational Skills|Business planning and operations|Cognitive business,1,Occupational Skills,4,Business planning and operations,10,Cognitive business
10050011,Occupational Skills|Business planning and operations|Continuous Improvement,1,Occupational Skills,4,Business planning and operations,11,Continuous Improvement
10050012,Occupational Skills|Business planning and operations|Cost control,1,Occupational Skills,4,Business planning and operations,12,Cost control
10050013,Occupational Skills|Business planning and operations|Digital transformation / Digitization,1,Occupational Skills,4,Business planning and operations,13,Digital transformation / Digitization
10050014,Occupational Skills|Business planning and operations|Estimating,1,Occupational Skills,4,Business planning and operations,14,Estimating
10050015,Occupational Skills|Business planning and operations|Event Planning,1,Occupational Skills,4,Business planning and operations,15,Event Planning
10050016,Occupational Skills|Business planning and operations|Exit strategy planning,1,Occupational Skills,4,Business planning and operations,16,Exit strategy planning
10050017,Occupational Skills|Business planning and operations|Internal Audit,1,Occupational Skills,4,Business planning and operations,17,Internal Audit
10050018,Occupational Skills|Business planning and operations|Kaizen,1,Occupational Skills,4,Business planning and operations,18,Kaizen
10050019,Occupational Skills|Business planning and operations|Kanban,1,Occupational Skills,4,Business planning and operations,19,Kanban
10050020,Occupational Skills|Business planning and operations|Logistics Management,1,Occupational Skills,4,Business planning and operations,20,Logistics Management
10050021,Occupational Skills|Business planning and operations|Operations Management,1,Occupational Skills,4,Business planning and operations,21,Operations Management
10050022,Occupational Skills|Business planning and operations|Operations Monitoring,1,Occupational Skills,4,Business planning and operations,22,Operations Monitoring
10050023,Occupational Skills|Business planning and operations|Performance management,1,Occupational Skills,4,Business planning and operations,23,Performance management
10050024,Occupational Skills|Business planning and operations|Process design,1,Occupational Skills,4,Business planning and operations,24,Process design
10050025,Occupational Skills|Business planning and operations|Process optimization,1,Occupational Skills,4,Business planning and operations,25,Process optimization
10050026,Occupational Skills|Business planning and operations|Product development,1,Occupational Skills,4,Business planning and operations,26,Product development
10050027,Occupational Skills|Business planning and operations|Product selection,1,Occupational Skills,4,Business planning and operations,27,Product selection
10050028,Occupational Skills|Business planning and operations|Production Scheduling,1,Occupational Skills,4,Business planning and operations,28,Production Scheduling
10050029,Occupational Skills|Business planning and operations|Purchasing,1,Occupational Skills,4,Business planning and operations,29,Purchasing
10050030,Occupational Skills|Business planning and operations|Risk Management,1,Occupational Skills,4,Business planning and operations,30,Risk Management
10050031,Occupational Skills|Business planning and operations|Root cause analysis,1,Occupational Skills,4,Business planning and operations,31,Root cause analysis
10050032,Occupational Skills|Business planning and operations|Special Processes,1,Occupational Skills,4,Business planning and operations,32,Special Processes
10050033,Occupational Skills|Business planning and operations|Standard Practices / Best practices,1,Occupational Skills,4,Business planning and operations,33,Standard Practices / Best practices
10050034,Occupational Skills|Business planning and operations|Supply Chain Management,1,Occupational Skills,4,Business planning and operations,34,Supply Chain Management
10050035,Occupational Skills|Business planning and operations|Technical Documents,1,Occupational Skills,4,Business planning and operations,35,Technical Documents
10050036,Occupational Skills|Business planning and operations|Urban planning,1,Occupational Skills,4,Business planning and operations,36,Urban planning
10050037,Occupational Skills|Business planning and operations|Vendor management,1,Occupational Skills,4,Business planning and operations,37,Vendor management
10050038,Occupational Skills|Business planning and operations|Work order management,1,Occupational Skills,4,Business planning and operations,38,Work order management
10050039,Occupational Skills|Business planning and operations|Workflow automation,1,Occupational Skills,4,Business planning and operations,39,Workflow automation
10060001,Occupational Skills|Corporate finance and accounting|Accounting,1,Occupational Skills,5,Corporate finance and accounting,1,Accounting
10060002,Occupational Skills|Corporate finance and accounting|Auditing,1,Occupational Skills,5,Corporate finance and accounting,2,Auditing
10060003,Occupational Skills|Corporate finance and accounting|Budgeting,1,Occupational Skills,5,Corporate finance and accounting,3,Budgeting
10060004,Occupational Skills|Corporate finance and accounting|Business Valuation,1,Occupational Skills,5,Corporate finance and accounting,4,Business Valuation
10060005,Occupational Skills|Corporate finance and accounting|CSA National and Multilateral Instruments,1,Occupational Skills,5,Corporate finance and accounting,5,CSA National and Multilateral Instruments
10060006,Occupational Skills|Corporate finance and accounting|Expense management,1,Occupational Skills,5,Corporate finance and accounting,6,Expense management
10060007,Occupational Skills|Corporate finance and accounting|Financial Analysis,1,Occupational Skills,5,Corporate finance and accounting,7,Financial Analysis
10060008,Occupational Skills|Corporate finance and accounting|Financial Reporting,1,Occupational Skills,5,Corporate finance and accounting,8,Financial Reporting
10060009,Occupational Skills|Corporate finance and accounting|Financial Risk,1,Occupational Skills,5,Corporate finance and accounting,9,Financial Risk
10060010,Occupational Skills|Corporate finance and accounting|Financial management,1,Occupational Skills,5,Corporate finance and accounting,10,Financial management
10060011,Occupational Skills|Corporate finance and accounting|General Ledger,1,Occupational Skills,5,Corporate finance and accounting,11,General Ledger
10060012,Occupational Skills|Corporate finance and accounting|Generally Accepted Accounting Principles (GAAP),1,Occupational Skills,5,Corporate finance and accounting,12,Generally Accepted Accounting Principles (GAAP)
10060013,Occupational Skills|Corporate finance and accounting|Property valuations and appraisals,1,Occupational Skills,5,Corporate finance and accounting,13,Property valuations and appraisals
10060014,Occupational Skills|Corporate finance and accounting|Zero-based Budgeting,1,Occupational Skills,5,Corporate finance and accounting,14,Zero-based Budgeting
10070001,Occupational Skills|Customer service|CRM Modeling,1,Occupational Skills,6,Customer service,1,CRM Modeling
10070002,Occupational Skills|Customer service|Customer Service,1,Occupational Skills,6,Customer service,2,Customer Service
10070003,Occupational Skills|Customer service|Customer retention,1,Occupational Skills,6,Customer service,3,Customer retention
10070004,Occupational Skills|Customer service|Providing client advice,1,Occupational Skills,6,Customer service,4,Providing client advice
10070005,Occupational Skills|Customer service|Technical Support,1,Occupational Skills,6,Customer service,5,Technical Support
10080001,Occupational Skills|Education and training|Childcare,1,Occupational Skills,7,Education and training,1,Childcare
10080002,Occupational Skills|Education and training|Coaching,1,Occupational Skills,7,Education and training,2,Coaching
10080003,Occupational Skills|Education and training|K-12 Education,1,Occupational Skills,7,Education and training,3,K-12 Education
10080004,Occupational Skills|Education and training|Knowledge Management,1,Occupational Skills,7,Education and training,4,Knowledge Management
10080005,Occupational Skills|Education and training|Montessori,1,Occupational Skills,7,Education and training,5,Montessori
10080006,Occupational Skills|Education and training|Teaching and Training,1,Occupational Skills,7,Education and training,6,Teaching and Training
10080007,Occupational Skills|Education and training|Yoga Instruction,1,Occupational Skills,7,Education and training,7,Yoga Instruction
10080008,Occupational Skills|Education and training|Young Adult Literature,1,Occupational Skills,7,Education and training,8,Young Adult Literature
10090001,Occupational Skills|Electrical|Eddy Current Testing,1,Occupational Skills,8,Electrical,1,Eddy Current Testing
10090002,Occupational Skills|Electrical|Electrical repairs,1,Occupational Skills,8,Electrical,2,Electrical repairs
10090003,Occupational Skills|Electrical|Electrical schematics comprehension,1,Occupational Skills,8,Electrical,3,Electrical schematics comprehension
10090004,Occupational Skills|Electrical|Installation of electrical systems/components,1,Occupational Skills,8,Electrical,4,Installation of electrical systems/components
10090005,Occupational Skills|Electrical|Splice and connect wires,1,Occupational Skills,8,Electrical,5,Splice and connect wires
10090006,Occupational Skills|Electrical|Volt/Var Optimization,1,Occupational Skills,8,Electrical,6,Volt/Var Optimization
10100001,Occupational Skills|Environmental and social sustainability|AI Safety,1,Occupational Skills,9,Environmental and social sustainability,1,AI Safety
10100002,Occupational Skills|Environmental and social sustainability|Air quality,1,Occupational Skills,9,Environmental and social sustainability,2,Air quality
10100003,Occupational Skills|Environmental and social sustainability|BOMA BEST,1,Occupational Skills,9,Environmental and social sustainability,3,BOMA BEST
10100004,Occupational Skills|Environmental and social sustainability|BREEAM,1,Occupational Skills,9,Environmental and social sustainability,4,BREEAM
10100005,Occupational Skills|Environmental and social sustainability|Carbon capture and storage,1,Occupational Skills,9,Environmental and social sustainability,5,Carbon capture and storage
10100006,Occupational Skills|Environmental and social sustainability|Clean energy,1,Occupational Skills,9,Environmental and social sustainability,6,Clean energy
10100007,Occupational Skills|Environmental and social sustainability|Cleantech,1,Occupational Skills,9,Environmental and social sustainability,7,Cleantech
10100008,Occupational Skills|Environmental and social sustainability|Climate risk assessments,1,Occupational Skills,9,Environmental and social sustainability,8,Climate risk assessments
10100009,Occupational Skills|Environmental and social sustainability|Contaminated sites,1,Occupational Skills,9,Environmental and social sustainability,9,Contaminated sites
10100010,Occupational Skills|Environmental and social sustainability|Direct Air Capture,1,Occupational Skills,9,Environmental and social sustainability,10,Direct Air Capture
10100011,"Occupational Skills|Environmental and social sustainability|ESG (Envirnomental, Social and Governance)",1,Occupational Skills,9,Environmental and social sustainability,11,"ESG (Envirnomental, Social and Governance)"
10100012,Occupational Skills|Environmental and social sustainability|Ecological risk assessments,1,Occupational Skills,9,Environmental and social sustainability,12,Ecological risk assessments
10100013,Occupational Skills|Environmental and social sustainability|EnerGuide,1,Occupational Skills,9,Environmental and social sustainability,13,EnerGuide
10100014,Occupational Skills|Environmental and social sustainability|Energy Star,1,Occupational Skills,9,Environmental and social sustainability,14,Energy Star
10100015,Occupational Skills|Environmental and social sustainability|Energy conservation,1,Occupational Skills,9,Environmental and social sustainability,15,Energy conservation
10100016,Occupational Skills|Environmental and social sustainability|Energy efficiency,1,Occupational Skills,9,Environmental and social sustainability,16,Energy efficiency
10100017,Occupational Skills|Environmental and social sustainability|Environmental consulting,1,Occupational Skills,9,Environmental and social sustainability,17,Environmental consulting
10100018,Occupational Skills|Environmental and social sustainability|Environmental management,1,Occupational Skills,9,Environmental and social sustainability,18,Environmental management
10100019,Occupational Skills|Environmental and social sustainability|Environmental site assessments,1,Occupational Skills,9,Environmental and social sustainability,19,Environmental site assessments
10100020,Occupational Skills|Environmental and social sustainability|Forest management,1,Occupational Skills,9,Environmental and social sustainability,20,Forest management
10100021,Occupational Skills|Environmental and social sustainability|GHG emissions,1,Occupational Skills,9,Environmental and social sustainability,21,GHG emissions
10100022,Occupational Skills|Environmental and social sustainability|GRESB (Green Real Estate Sustainability Benchmark),1,Occupational Skills,9,Environmental and social sustainability,22,GRESB (Green Real Estate Sustainability Benchmark)
10100023,Occupational Skills|Environmental and social sustainability|Green Globes,1,Occupational Skills,9,Environmental and social sustainability,23,Green Globes
10100024,Occupational Skills|Environmental and social sustainability|Green energy,1,Occupational Skills,9,Environmental and social sustainability,24,Green energy
10100025,Occupational Skills|Environmental and social sustainability|Hydroelectric energy,1,Occupational Skills,9,Environmental and social sustainability,25,Hydroelectric energy
10100026,Occupational Skills|Environmental and social sustainability|ISO 14000,1,Occupational Skills,9,Environmental and social sustainability,26,ISO 14000
10100027,Occupational Skills|Environmental and social sustainability|Leadership in Energy and Environmental Design (LEED),1,Occupational Skills,9,Environmental and social sustainability,27,Leadership in Energy and Environmental Design (LEED)
10100028,Occupational Skills|Environmental and social sustainability|Low carbon,1,Occupational Skills,9,Environmental and social sustainability,28,Low carbon
10100029,Occupational Skills|Environmental and social sustainability|Net zero,1,Occupational Skills,9,Environmental and social sustainability,29,Net zero
10100030,Occupational Skills|Environmental and social sustainability|Novoclimat,1,Occupational Skills,9,Environmental and social sustainability,30,Novoclimat
10100031,Occupational Skills|Environmental and social sustainability|Nuclear energy,1,Occupational Skills,9,Environmental and social sustainability,31,Nuclear energy
10100032,Occupational Skills|Environmental and social sustainability|Renewable energy,1,Occupational Skills,9,Environmental and social sustainability,32,Renewable energy
10100033,Occupational Skills|Environmental and social sustainability|Responsible/Ethical AI Governance,1,Occupational Skills,9,Environmental and social sustainability,33,Responsible/Ethical AI Governance
10100034,Occupational Skills|Environmental and social sustainability|Site remediation,1,Occupational Skills,9,Environmental and social sustainability,34,Site remediation
10100035,Occupational Skills|Environmental and social sustainability|Solar power,1,Occupational Skills,9,Environmental and social sustainability,35,Solar power
10100036,Occupational Skills|Environmental and social sustainability|Virtual power plant platform,1,Occupational Skills,9,Environmental and social sustainability,36,Virtual power plant platform
10100037,Occupational Skills|Environmental and social sustainability|WELL Building Standard,1,Occupational Skills,9,Environmental and social sustainability,37,WELL Building Standard
10100038,Occupational Skills|Environmental and social sustainability|Waste diversion,1,Occupational Skills,9,Environmental and social sustainability,38,Waste diversion
10100039,Occupational Skills|Environmental and social sustainability|Waste management,1,Occupational Skills,9,Environmental and social sustainability,39,Waste management
10100040,Occupational Skills|Environmental and social sustainability|Wastewater processing,1,Occupational Skills,9,Environmental and social sustainability,40,Wastewater processing
10100041,Occupational Skills|Environmental and social sustainability|Water Resource Management,1,Occupational Skills,9,Environmental and social sustainability,41,Water Resource Management
10100042,Occupational Skills|Environmental and social sustainability|Water conservation,1,Occupational Skills,9,Environmental and social sustainability,42,Water conservation
10100043,Occupational Skills|Environmental and social sustainability|Wind power generation,1,Occupational Skills,9,Environmental and social sustainability,43,Wind power generation
10100044,Occupational Skills|Environmental and social sustainability|Zero Waste,1,Occupational Skills,9,Environmental and social sustainability,44,Zero Waste
10100045,Occupational Skills|Environmental and social sustainability|Zero carbon,1,Occupational Skills,9,Environmental and social sustainability,45,Zero carbon
10100046,Occupational Skills|Environmental and social sustainability|Zero energy,1,Occupational Skills,9,Environmental and social sustainability,46,Zero energy
10110001,"Occupational Skills|Facilities maintenance, construction and design|Assembling wood materials",1,Occupational Skills,10,"Facilities maintenance, construction and design",1,Assembling wood materials
10110002,"Occupational Skills|Facilities maintenance, construction and design|Blueprint Reading",1,Occupational Skills,10,"Facilities maintenance, construction and design",2,Blueprint Reading
10110003,"Occupational Skills|Facilities maintenance, construction and design|Building Automation Systems (BAS)",1,Occupational Skills,10,"Facilities maintenance, construction and design",3,Building Automation Systems (BAS)
10110004,"Occupational Skills|Facilities maintenance, construction and design|Building Information Modeling (BIM)",1,Occupational Skills,10,"Facilities maintenance, construction and design",4,Building Information Modeling (BIM)
10110005,"Occupational Skills|Facilities maintenance, construction and design|Building code",1,Occupational Skills,10,"Facilities maintenance, construction and design",5,Building code
10110006,"Occupational Skills|Facilities maintenance, construction and design|Carpentry",1,Occupational Skills,10,"Facilities maintenance, construction and design",6,Carpentry
10110007,"Occupational Skills|Facilities maintenance, construction and design|Cement finishing",1,Occupational Skills,10,"Facilities maintenance, construction and design",7,Cement finishing
10110008,"Occupational Skills|Facilities maintenance, construction and design|Cladding",1,Occupational Skills,10,"Facilities maintenance, construction and design",8,Cladding
10110009,"Occupational Skills|Facilities maintenance, construction and design|Cleaning",1,Occupational Skills,10,"Facilities maintenance, construction and design",9,Cleaning
10110010,"Occupational Skills|Facilities maintenance, construction and design|Construction drawings comprehension",1,Occupational Skills,10,"Facilities maintenance, construction and design",10,Construction drawings comprehension
10110011,"Occupational Skills|Facilities maintenance, construction and design|Construction management",1,Occupational Skills,10,"Facilities maintenance, construction and design",11,Construction management
10110012,"Occupational Skills|Facilities maintenance, construction and design|Construction specifications comprehension",1,Occupational Skills,10,"Facilities maintenance, construction and design",12,Construction specifications comprehension
10110013,"Occupational Skills|Facilities maintenance, construction and design|Drywall installation",1,Occupational Skills,10,"Facilities maintenance, construction and design",13,Drywall installation
10110014,"Occupational Skills|Facilities maintenance, construction and design|Drywall repair",1,Occupational Skills,10,"Facilities maintenance, construction and design",14,Drywall repair
10110015,"Occupational Skills|Facilities maintenance, construction and design|Facility Management",1,Occupational Skills,10,"Facilities maintenance, construction and design",15,Facility Management
10110016,"Occupational Skills|Facilities maintenance, construction and design|Facility operations",1,Occupational Skills,10,"Facilities maintenance, construction and design",16,Facility operations
10110017,"Occupational Skills|Facilities maintenance, construction and design|Glazing",1,Occupational Skills,10,"Facilities maintenance, construction and design",17,Glazing
10110018,"Occupational Skills|Facilities maintenance, construction and design|HVAC",1,Occupational Skills,10,"Facilities maintenance, construction and design",18,HVAC
10110019,"Occupational Skills|Facilities maintenance, construction and design|Interior Finishing",1,Occupational Skills,10,"Facilities maintenance, construction and design",19,Interior Finishing
10110020,"Occupational Skills|Facilities maintenance, construction and design|Kitchen cleaning",1,Occupational Skills,10,"Facilities maintenance, construction and design",20,Kitchen cleaning
10110021,"Occupational Skills|Facilities maintenance, construction and design|Landscape maintenance",1,Occupational Skills,10,"Facilities maintenance, construction and design",21,Landscape maintenance
10110022,"Occupational Skills|Facilities maintenance, construction and design|Lawn care",1,Occupational Skills,10,"Facilities maintenance, construction and design",22,Lawn care
10110023,"Occupational Skills|Facilities maintenance, construction and design|Manage construction schedules",1,Occupational Skills,10,"Facilities maintenance, construction and design",23,Manage construction schedules
10110024,"Occupational Skills|Facilities maintenance, construction and design|Masonry",1,Occupational Skills,10,"Facilities maintenance, construction and design",24,Masonry
10110025,"Occupational Skills|Facilities maintenance, construction and design|Property inspections",1,Occupational Skills,10,"Facilities maintenance, construction and design",25,Property inspections
10110026,"Occupational Skills|Facilities maintenance, construction and design|Real estate knowledge",1,Occupational Skills,10,"Facilities maintenance, construction and design",26,Real estate knowledge
10110027,"Occupational Skills|Facilities maintenance, construction and design|Real estate services",1,Occupational Skills,10,"Facilities maintenance, construction and design",27,Real estate services
10110028,"Occupational Skills|Facilities maintenance, construction and design|Repairs or building fixtures and components",1,Occupational Skills,10,"Facilities maintenance, construction and design",28,Repairs or building fixtures and components
10110029,"Occupational Skills|Facilities maintenance, construction and design|Road construction",1,Occupational Skills,10,"Facilities maintenance, construction and design",29,Road construction
10110030,"Occupational Skills|Facilities maintenance, construction and design|Roofing",1,Occupational Skills,10,"Facilities maintenance, construction and design",30,Roofing
10110031,"Occupational Skills|Facilities maintenance, construction and design|Rubble removal",1,Occupational Skills,10,"Facilities maintenance, construction and design",31,Rubble removal
10110032,"Occupational Skills|Facilities maintenance, construction and design|Tree trimming",1,Occupational Skills,10,"Facilities maintenance, construction and design",32,Tree trimming
10110033,"Occupational Skills|Facilities maintenance, construction and design|Woodworking",1,Occupational Skills,10,"Facilities maintenance, construction and design",33,Woodworking
10110034,"Occupational Skills|Facilities maintenance, construction and design|buildingSMART",1,Occupational Skills,10,"Facilities maintenance, construction and design",34,buildingSMART
10110035,"Occupational Skills|Facilities maintenance, construction and design|installation of building fixtures and components",1,Occupational Skills,10,"Facilities maintenance, construction and design",35,installation of building fixtures and components
10120001,Occupational Skills|General maintenance|De-icing,1,Occupational Skills,11,General maintenance,1,De-icing
10120002,Occupational Skills|General maintenance|Industrial maintenance,1,Occupational Skills,11,General maintenance,2,Industrial maintenance
10120003,Occupational Skills|General maintenance|Maintenance Planning,1,Occupational Skills,11,General maintenance,3,Maintenance Planning
10120004,Occupational Skills|General maintenance|Mechanical Maintenance,1,Occupational Skills,11,General maintenance,4,Mechanical Maintenance
10120005,Occupational Skills|General maintenance|Predictive maintenance,1,Occupational Skills,11,General maintenance,5,Predictive maintenance
10120006,Occupational Skills|General maintenance|Preventive Maintenance,1,Occupational Skills,11,General maintenance,6,Preventive Maintenance
10120007,Occupational Skills|General maintenance|Repairs / Corrective maintenance,1,Occupational Skills,11,General maintenance,7,Repairs / Corrective maintenance
10120008,Occupational Skills|General maintenance|Turnaround maintenance,1,Occupational Skills,11,General maintenance,8,Turnaround maintenance
10120009,Occupational Skills|General maintenance|Vehicle maintenance,1,Occupational Skills,11,General maintenance,9,Vehicle maintenance
10120010,Occupational Skills|General maintenance|aircraft maintenance,1,Occupational Skills,11,General maintenance,10,aircraft maintenance
10130001,Occupational Skills|Health and safety|First Aid,1,Occupational Skills,12,Health and safety,1,First Aid
10130002,Occupational Skills|Health and safety|Hazard Analysis Critical Control Point (HACCP),1,Occupational Skills,12,Health and safety,2,Hazard Analysis Critical Control Point (HACCP)
10130003,Occupational Skills|Health and safety|Hazard assessments,1,Occupational Skills,12,Health and safety,3,Hazard assessments
10130004,Occupational Skills|Health and safety|Hazardous materials,1,Occupational Skills,12,Health and safety,4,Hazardous materials
10130005,Occupational Skills|Health and safety|Job hazard analysis (JHA),1,Occupational Skills,12,Health and safety,5,Job hazard analysis (JHA)
10130006,Occupational Skills|Health and safety|Job safety analysis (JSA),1,Occupational Skills,12,Health and safety,6,Job safety analysis (JSA)
10130007,Occupational Skills|Health and safety|National Safety Code of Canada,1,Occupational Skills,12,Health and safety,7,National Safety Code of Canada
10130008,Occupational Skills|Health and safety|OHSA standards,1,Occupational Skills,12,Health and safety,8,OHSA standards
10130009,Occupational Skills|Health and safety|OHSAS 18001,1,Occupational Skills,12,Health and safety,9,OHSAS 18001
10130010,Occupational Skills|Health and safety|Occupational Health and Safety,1,Occupational Skills,12,Health and safety,10,Occupational Health and Safety
10130011,Occupational Skills|Health and safety|Occupational Health and Safety Act,1,Occupational Skills,12,Health and safety,11,Occupational Health and Safety Act
10130012,Occupational Skills|Health and safety|Personal Protective Equipment inventory management and control,1,Occupational Skills,12,Health and safety,12,Personal Protective Equipment inventory management and control
10130013,Occupational Skills|Health and safety|Safety and sanitation expertise,1,Occupational Skills,12,Health and safety,13,Safety and sanitation expertise
10140001,Occupational Skills|Health services|ACLS (Advanced Cardiac Life Support),1,Occupational Skills,13,Health services,1,ACLS (Advanced Cardiac Life Support)
10140002,Occupational Skills|Health services|ALS (Advanced Life Support),1,Occupational Skills,13,Health services,2,ALS (Advanced Life Support)
10140003,Occupational Skills|Health services|Acute Care,1,Occupational Skills,13,Health services,3,Acute Care
10140004,Occupational Skills|Health services|Anesthesiology,1,Occupational Skills,13,Health services,4,Anesthesiology
10140005,Occupational Skills|Health services|Basic Life Support,1,Occupational Skills,13,Health services,5,Basic Life Support
10140006,Occupational Skills|Health services|CPR,1,Occupational Skills,13,Health services,6,CPR
10140007,Occupational Skills|Health services|Cardiac Support,1,Occupational Skills,13,Health services,7,Cardiac Support
10140008,Occupational Skills|Health services|Charge Nurse Expertise,1,Occupational Skills,13,Health services,8,Charge Nurse Expertise
10140009,Occupational Skills|Health services|Clinical Nursing,1,Occupational Skills,13,Health services,9,Clinical Nursing
10140010,Occupational Skills|Health services|Dispensing of medications,1,Occupational Skills,13,Health services,10,Dispensing of medications
10140011,Occupational Skills|Health services|EP guidelines,1,Occupational Skills,13,Health services,11,EP guidelines
10140012,Occupational Skills|Health services|Family Centered Care,1,Occupational Skills,13,Health services,12,Family Centered Care
10140013,Occupational Skills|Health services|Geriatrics,1,Occupational Skills,13,Health services,13,Geriatrics
10140014,Occupational Skills|Health services|Harm reduction,1,Occupational Skills,13,Health services,14,Harm reduction
10140015,Occupational Skills|Health services|Home care,1,Occupational Skills,13,Health services,15,Home care
10140016,Occupational Skills|Health services|ICH guidelines,1,Occupational Skills,13,Health services,16,ICH guidelines
10140017,Occupational Skills|Health services|ITLS (International Trauma Life Support),1,Occupational Skills,13,Health services,17,ITLS (International Trauma Life Support)
10140018,Occupational Skills|Health services|Immunology,1,Occupational Skills,13,Health services,18,Immunology
10140019,Occupational Skills|Health services|Infection control,1,Occupational Skills,13,Health services,19,Infection control
10140020,Occupational Skills|Health services|Intensive Care,1,Occupational Skills,13,Health services,20,Intensive Care
10140021,Occupational Skills|Health services|Intravenous Therapy,1,Occupational Skills,13,Health services,21,Intravenous Therapy
10140022,Occupational Skills|Health services|Long term care,1,Occupational Skills,13,Health services,22,Long term care
10140023,Occupational Skills|Health services|Medical imaging,1,Occupational Skills,13,Health services,23,Medical imaging
10140024,Occupational Skills|Health services|Medication Management,1,Occupational Skills,13,Health services,24,Medication Management
10140025,Occupational Skills|Health services|Nursing,1,Occupational Skills,13,Health services,25,Nursing
10140026,Occupational Skills|Health services|PALS (Pediatric Advanced Life Support),1,Occupational Skills,13,Health services,26,PALS (Pediatric Advanced Life Support)
10140027,Occupational Skills|Health services|Patient Assessment,1,Occupational Skills,13,Health services,27,Patient Assessment
10140028,Occupational Skills|Health services|Patient Counseling,1,Occupational Skills,13,Health services,28,Patient Counseling
10140029,Occupational Skills|Health services|Patient care,1,Occupational Skills,13,Health services,29,Patient care
10140030,Occupational Skills|Health services|Pediatrics,1,Occupational Skills,13,Health services,30,Pediatrics
10140031,Occupational Skills|Health services|Perioperative Nursing,1,Occupational Skills,13,Health services,31,Perioperative Nursing
10140032,Occupational Skills|Health services|Physical Assessment,1,Occupational Skills,13,Health services,32,Physical Assessment
10140033,Occupational Skills|Health services|Physical Therapy,1,Occupational Skills,13,Health services,33,Physical Therapy
10140034,Occupational Skills|Health services|Psychopharmacology,1,Occupational Skills,13,Health services,34,Psychopharmacology
10140035,Occupational Skills|Health services|Respiratory Therapy,1,Occupational Skills,13,Health services,35,Respiratory Therapy
10140036,Occupational Skills|Health services|Surgical Expertise,1,Occupational Skills,13,Health services,36,Surgical Expertise
10140037,Occupational Skills|Health services|Symptoms monitoring and assessment,1,Occupational Skills,13,Health services,37,Symptoms monitoring and assessment
10140038,Occupational Skills|Health services|Toxicology,1,Occupational Skills,13,Health services,38,Toxicology
10140039,Occupational Skills|Health services|Travel nursing,1,Occupational Skills,13,Health services,39,Travel nursing
10140040,Occupational Skills|Health services|USP guidelines,1,Occupational Skills,13,Health services,40,USP guidelines
10140041,Occupational Skills|Health services|Working with amputees,1,Occupational Skills,13,Health services,41,Working with amputees
10150001,Occupational Skills|Hospitality and food services|Bartending,1,Occupational Skills,14,Hospitality and food services,1,Bartending
10150002,Occupational Skills|Hospitality and food services|Catering,1,Occupational Skills,14,Hospitality and food services,2,Catering
10150003,Occupational Skills|Hospitality and food services|Cooking / meals preparation,1,Occupational Skills,14,Hospitality and food services,3,Cooking / meals preparation
10150004,Occupational Skills|Hospitality and food services|Food handling,1,Occupational Skills,14,Hospitality and food services,4,Food handling
10150005,Occupational Skills|Hospitality and food services|Food menus planning,1,Occupational Skills,14,Hospitality and food services,5,Food menus planning
10150006,Occupational Skills|Hospitality and food services|Kitchen inspection,1,Occupational Skills,14,Hospitality and food services,6,Kitchen inspection
10150007,Occupational Skills|Hospitality and food services|Kitchen management,1,Occupational Skills,14,Hospitality and food services,7,Kitchen management
10150008,Occupational Skills|Hospitality and food services|Restaurant management,1,Occupational Skills,14,Hospitality and food services,8,Restaurant management
10160001,Occupational Skills|Human resources|Management of unionized employees,1,Occupational Skills,15,Human resources,1,Management of unionized employees
10160002,Occupational Skills|Human resources|Organizational Development,1,Occupational Skills,15,Human resources,2,Organizational Development
10160003,Occupational Skills|Human resources|Perform background checks,1,Occupational Skills,15,Human resources,3,Perform background checks
10160004,Occupational Skills|Human resources|Physical Demands Analysis (PDA),1,Occupational Skills,15,Human resources,4,Physical Demands Analysis (PDA)
10160005,Occupational Skills|Human resources|Post Offer Employment Testing (POET),1,Occupational Skills,15,Human resources,5,Post Offer Employment Testing (POET)
10160006,Occupational Skills|Human resources|Staff Development,1,Occupational Skills,15,Human resources,6,Staff Development
10160007,Occupational Skills|Human resources|Talent acquisition,1,Occupational Skills,15,Human resources,7,Talent acquisition
10160008,Occupational Skills|Human resources|Talent management,1,Occupational Skills,15,Human resources,8,Talent management
10170001,Occupational Skills|IT infrastructure and cybersecurity|COBIT,1,Occupational Skills,16,IT infrastructure and cybersecurity,1,COBIT
10170002,Occupational Skills|IT infrastructure and cybersecurity|Computer architecture knowledge,1,Occupational Skills,16,IT infrastructure and cybersecurity,2,Computer architecture knowledge
10170003,Occupational Skills|IT infrastructure and cybersecurity|Cybersecurity,1,Occupational Skills,16,IT infrastructure and cybersecurity,3,Cybersecurity
10170004,Occupational Skills|IT infrastructure and cybersecurity|Data infrastructure,1,Occupational Skills,16,IT infrastructure and cybersecurity,4,Data infrastructure
10170005,Occupational Skills|IT infrastructure and cybersecurity|Disaster recovery,1,Occupational Skills,16,IT infrastructure and cybersecurity,5,Disaster recovery
10170006,Occupational Skills|IT infrastructure and cybersecurity|Fraud detection,1,Occupational Skills,16,IT infrastructure and cybersecurity,6,Fraud detection
10170007,Occupational Skills|IT infrastructure and cybersecurity|ISO 27001,1,Occupational Skills,16,IT infrastructure and cybersecurity,7,ISO 27001
10170008,Occupational Skills|IT infrastructure and cybersecurity|ISO27000,1,Occupational Skills,16,IT infrastructure and cybersecurity,8,ISO27000
10170009,Occupational Skills|IT infrastructure and cybersecurity|Information Technology Infrastructure Library (ITIL),1,Occupational Skills,16,IT infrastructure and cybersecurity,9,Information Technology Infrastructure Library (ITIL)
10170010,Occupational Skills|IT infrastructure and cybersecurity|Internet of Things (IoT),1,Occupational Skills,16,IT infrastructure and cybersecurity,10,Internet of Things (IoT)
10170011,Occupational Skills|IT infrastructure and cybersecurity|Network Administration,1,Occupational Skills,16,IT infrastructure and cybersecurity,11,Network Administration
10170012,Occupational Skills|IT infrastructure and cybersecurity|Network Communications,1,Occupational Skills,16,IT infrastructure and cybersecurity,12,Network Communications
10170013,Occupational Skills|IT infrastructure and cybersecurity|Network infrastructure knowledge,1,Occupational Skills,16,IT infrastructure and cybersecurity,13,Network infrastructure knowledge
10170014,Occupational Skills|IT infrastructure and cybersecurity|Network-Attached Storage,1,Occupational Skills,16,IT infrastructure and cybersecurity,14,Network-Attached Storage
10170015,Occupational Skills|IT infrastructure and cybersecurity|Penetration Testing,1,Occupational Skills,16,IT infrastructure and cybersecurity,15,Penetration Testing
10170016,Occupational Skills|IT infrastructure and cybersecurity|System Monitoring,1,Occupational Skills,16,IT infrastructure and cybersecurity,16,System Monitoring
10170017,Occupational Skills|IT infrastructure and cybersecurity|Zero trust,1,Occupational Skills,16,IT infrastructure and cybersecurity,17,Zero trust
10180001,Occupational Skills|Legal|Contract management,1,Occupational Skills,17,Legal,1,Contract management
10180002,Occupational Skills|Legal|Corporate Law,1,Occupational Skills,17,Legal,2,Corporate Law
10180003,Occupational Skills|Legal|Highway Traffic Act,1,Occupational Skills,17,Legal,3,Highway Traffic Act
10180004,Occupational Skills|Legal|Labour Relations Act,1,Occupational Skills,17,Legal,4,Labour Relations Act
10180005,Occupational Skills|Legal|Legal Writing,1,Occupational Skills,17,Legal,5,Legal Writing
10180006,Occupational Skills|Legal|Ontario Employment Legislation (ESA),1,Occupational Skills,17,Legal,6,Ontario Employment Legislation (ESA)
10180007,Occupational Skills|Legal|e-Discovery,1,Occupational Skills,17,Legal,7,e-Discovery
10190001,Occupational Skills|Manufacturing|Aerospace Welding,1,Occupational Skills,18,Manufacturing,1,Aerospace Welding
10190002,Occupational Skills|Manufacturing|Automated systems knowledge,1,Occupational Skills,18,Manufacturing,2,Automated systems knowledge
10190003,Occupational Skills|Manufacturing|Automation,1,Occupational Skills,18,Manufacturing,3,Automation
10190004,Occupational Skills|Manufacturing|Biotechnology,1,Occupational Skills,18,Manufacturing,4,Biotechnology
10190005,Occupational Skills|Manufacturing|CNC Machining,1,Occupational Skills,18,Manufacturing,5,CNC Machining
10190006,Occupational Skills|Manufacturing|Coating,1,Occupational Skills,18,Manufacturing,6,Coating
10190007,Occupational Skills|Manufacturing|Corrosion Control,1,Occupational Skills,18,Manufacturing,7,Corrosion Control
10190008,Occupational Skills|Manufacturing|Current Good Manufacturing Practice (GMP/cGMP),1,Occupational Skills,18,Manufacturing,8,Current Good Manufacturing Practice (GMP/cGMP)
10190009,Occupational Skills|Manufacturing|E-coat paint,1,Occupational Skills,18,Manufacturing,9,E-coat paint
10190010,Occupational Skills|Manufacturing|Flux-cored arc welding,1,Occupational Skills,18,Manufacturing,10,Flux-cored arc welding
10190011,Occupational Skills|Manufacturing|Gas metal arc welding (GMAW),1,Occupational Skills,18,Manufacturing,11,Gas metal arc welding (GMAW)
10190012,Occupational Skills|Manufacturing|Gas tungsten arc welding,1,Occupational Skills,18,Manufacturing,12,Gas tungsten arc welding
10190013,Occupational Skills|Manufacturing|Laser cutting,1,Occupational Skills,18,Manufacturing,13,Laser cutting
10190014,Occupational Skills|Manufacturing|Lean Manufacturing,1,Occupational Skills,18,Manufacturing,14,Lean Manufacturing
10190015,Occupational Skills|Manufacturing|Machining,1,Occupational Skills,18,Manufacturing,15,Machining
10190016,Occupational Skills|Manufacturing|Manufacturing practices,1,Occupational Skills,18,Manufacturing,16,Manufacturing practices
10190017,Occupational Skills|Manufacturing|Mechatronics,1,Occupational Skills,18,Manufacturing,17,Mechatronics
10190018,Occupational Skills|Manufacturing|Metal fabrication,1,Occupational Skills,18,Manufacturing,18,Metal fabrication
10190019,Occupational Skills|Manufacturing|Oxy-acetylene welding,1,Occupational Skills,18,Manufacturing,19,Oxy-acetylene welding
10190020,Occupational Skills|Manufacturing|Plasma arc welding,1,Occupational Skills,18,Manufacturing,20,Plasma arc welding
10190021,Occupational Skills|Manufacturing|Product design,1,Occupational Skills,18,Manufacturing,21,Product design
10190022,Occupational Skills|Manufacturing|Reading engineering drawings,1,Occupational Skills,18,Manufacturing,22,Reading engineering drawings
10190023,Occupational Skills|Manufacturing|Reading technical documents,1,Occupational Skills,18,Manufacturing,23,Reading technical documents
10190024,Occupational Skills|Manufacturing|Resistance spot welding (RSW),1,Occupational Skills,18,Manufacturing,24,Resistance spot welding (RSW)
10190025,Occupational Skills|Manufacturing|Resistance welding and submerged arc welding,1,Occupational Skills,18,Manufacturing,25,Resistance welding and submerged arc welding
10190026,Occupational Skills|Manufacturing|Robotics,1,Occupational Skills,18,Manufacturing,26,Robotics
10190027,Occupational Skills|Manufacturing|Sealing,1,Occupational Skills,18,Manufacturing,27,Sealing
10190028,Occupational Skills|Manufacturing|Shielded metal arc welding,1,Occupational Skills,18,Manufacturing,28,Shielded metal arc welding
10190029,Occupational Skills|Manufacturing|Spot welding,1,Occupational Skills,18,Manufacturing,29,Spot welding
10190030,Occupational Skills|Manufacturing|Steam-assisted gravity drainage (SAGD),1,Occupational Skills,18,Manufacturing,30,Steam-assisted gravity drainage (SAGD)
10190031,Occupational Skills|Manufacturing|Steel fabrication,1,Occupational Skills,18,Manufacturing,31,Steel fabrication
10190032,Occupational Skills|Manufacturing|Structure Assembly,1,Occupational Skills,18,Manufacturing,32,Structure Assembly
10190033,Occupational Skills|Manufacturing|Tooling,1,Occupational Skills,18,Manufacturing,33,Tooling
10190034,Occupational Skills|Manufacturing|Welding,1,Occupational Skills,18,Manufacturing,34,Welding
10200001,Occupational Skills|Mechanical|Composite Structures,1,Occupational Skills,19,Mechanical,1,Composite Structures
10200002,Occupational Skills|Mechanical|Engine Diagnostics,1,Occupational Skills,19,Mechanical,2,Engine Diagnostics
10200003,Occupational Skills|Mechanical|Lubrication,1,Occupational Skills,19,Mechanical,3,Lubrication
10200004,Occupational Skills|Mechanical|Machine Fitting,1,Occupational Skills,19,Mechanical,4,Machine Fitting
10200005,Occupational Skills|Mechanical|Machinery cleaning,1,Occupational Skills,19,Mechanical,5,Machinery cleaning
10200006,Occupational Skills|Mechanical|Machinery/equipment repairs,1,Occupational Skills,19,Mechanical,6,Machinery/equipment repairs
10200007,Occupational Skills|Mechanical|Manual J,1,Occupational Skills,19,Mechanical,7,Manual J
10200008,Occupational Skills|Mechanical|Mechanical aptitude,1,Occupational Skills,19,Mechanical,8,Mechanical aptitude
10200009,Occupational Skills|Mechanical|Mechanical assembly knowledge,1,Occupational Skills,19,Mechanical,9,Mechanical assembly knowledge
10200010,Occupational Skills|Mechanical|Mechanical repairs,1,Occupational Skills,19,Mechanical,10,Mechanical repairs
10200011,Occupational Skills|Mechanical|Mechanical skills,1,Occupational Skills,19,Mechanical,11,Mechanical skills
10200012,Occupational Skills|Mechanical|installation of machinery/equipment,1,Occupational Skills,19,Mechanical,12,installation of machinery/equipment
10210001,Occupational Skills|Natural sciences|Cartography,1,Occupational Skills,20,Natural sciences,1,Cartography
10210002,Occupational Skills|Natural sciences|Ecology,1,Occupational Skills,20,Natural sciences,2,Ecology
10210003,Occupational Skills|Natural sciences|High-throughput chemistry,1,Occupational Skills,20,Natural sciences,3,High-throughput chemistry
10210004,Occupational Skills|Natural sciences|Hydrogeology,1,Occupational Skills,20,Natural sciences,4,Hydrogeology
10210005,Occupational Skills|Natural sciences|Laboratory Skills,1,Occupational Skills,20,Natural sciences,5,Laboratory Skills
10210006,Occupational Skills|Natural sciences|Laboratory testing,1,Occupational Skills,20,Natural sciences,6,Laboratory testing
10210007,Occupational Skills|Natural sciences|Sample preparation,1,Occupational Skills,20,Natural sciences,7,Sample preparation
10210008,Occupational Skills|Natural sciences|Zooarchaeology,1,Occupational Skills,20,Natural sciences,8,Zooarchaeology
10210009,Occupational Skills|Natural sciences|Zoology,1,Occupational Skills,20,Natural sciences,9,Zoology
10220001,Occupational Skills|Physical requirements|Dexterity,1,Occupational Skills,21,Physical requirements,1,Dexterity
10220002,Occupational Skills|Physical requirements|Hand-eye co-ordination,1,Occupational Skills,21,Physical requirements,2,Hand-eye co-ordination
10220003,Occupational Skills|Physical requirements|Handling heavy loads,1,Occupational Skills,21,Physical requirements,3,Handling heavy loads
10220004,Occupational Skills|Physical requirements|Standing for extended periods,1,Occupational Skills,21,Physical requirements,4,Standing for extended periods
10220005,Occupational Skills|Physical requirements|Working at heights,1,Occupational Skills,21,Physical requirements,5,Working at heights
10230001,Occupational Skills|Plumbing|Installation of Pipes,1,Occupational Skills,22,Plumbing,1,Installation of Pipes
10230002,Occupational Skills|Plumbing|Installation of plumbing systems/components,1,Occupational Skills,22,Plumbing,2,Installation of plumbing systems/components
10230003,Occupational Skills|Plumbing|Plumbing repairs,1,Occupational Skills,22,Plumbing,3,Plumbing repairs
10240001,Occupational Skills|Project and program management|Integrated Project Delivery (IPD),1,Occupational Skills,23,Project and program management,1,Integrated Project Delivery (IPD)
10240002,Occupational Skills|Project and program management|Program Management,1,Occupational Skills,23,Project and program management,2,Program Management
10240003,Occupational Skills|Project and program management|Project Management,1,Occupational Skills,23,Project and program management,3,Project Management
10240004,Occupational Skills|Project and program management|Project Management Life Cycle (PMLC),1,Occupational Skills,23,Project and program management,4,Project Management Life Cycle (PMLC)
10240005,Occupational Skills|Project and program management|Project delivery,1,Occupational Skills,23,Project and program management,5,Project delivery
10240006,Occupational Skills|Project and program management|Scrum,1,Occupational Skills,23,Project and program management,6,Scrum
10250001,Occupational Skills|Quality management|Advanced product quality planning (APQP),1,Occupational Skills,24,Quality management,1,Advanced product quality planning (APQP)
10250002,Occupational Skills|Quality management|Food quality control,1,Occupational Skills,24,Quality management,2,Food quality control
10250003,Occupational Skills|Quality management|IATF16949,1,Occupational Skills,24,Quality management,3,IATF16949
10250004,Occupational Skills|Quality management|ISO 9000,1,Occupational Skills,24,Quality management,4,ISO 9000
10250005,Occupational Skills|Quality management|Incident reporting,1,Occupational Skills,24,Quality management,5,Incident reporting
10250006,Occupational Skills|Quality management|Inspections,1,Occupational Skills,24,Quality management,6,Inspections
10250007,Occupational Skills|Quality management|Non-Destructive Testing,1,Occupational Skills,24,Quality management,7,Non-Destructive Testing
10250008,Occupational Skills|Quality management|Product Realization,1,Occupational Skills,24,Quality management,8,Product Realization
10250009,Occupational Skills|Quality management|Production part approval process (PPAP),1,Occupational Skills,24,Quality management,9,Production part approval process (PPAP)
10250010,Occupational Skills|Quality management|Quality Assurance,1,Occupational Skills,24,Quality management,10,Quality Assurance
10250011,Occupational Skills|Quality management|Quality Management Systems (QMS),1,Occupational Skills,24,Quality management,11,Quality Management Systems (QMS)
10250012,Occupational Skills|Quality management|Quality System,1,Occupational Skills,24,Quality management,12,Quality System
10250013,Occupational Skills|Quality management|Quality improvement,1,Occupational Skills,24,Quality management,13,Quality improvement
10250014,Occupational Skills|Quality management|Quantity Surveying,1,Occupational Skills,24,Quality management,14,Quantity Surveying
10250015,Occupational Skills|Quality management|Regulatory compliance management,1,Occupational Skills,24,Quality management,15,Regulatory compliance management
10250016,Occupational Skills|Quality management|Regulatory reporting,1,Occupational Skills,24,Quality management,16,Regulatory reporting
10250017,Occupational Skills|Quality management|Safe Quality Food (SQF),1,Occupational Skills,24,Quality management,17,Safe Quality Food (SQF)
10250018,Occupational Skills|Quality management|Six sigma,1,Occupational Skills,24,Quality management,18,Six sigma
10250019,Occupational Skills|Quality management|User Acceptance Testing,1,Occupational Skills,24,Quality management,19,User Acceptance Testing
10250020,Occupational Skills|Quality management|Zero Defects,1,Occupational Skills,24,Quality management,20,Zero Defects
10260001,Occupational Skills|Retail trade|Cash handling,1,Occupational Skills,25,Retail trade,1,Cash handling
10260002,Occupational Skills|Retail trade|Merchandising,1,Occupational Skills,25,Retail trade,2,Merchandising
10260003,Occupational Skills|Retail trade|Product returns,1,Occupational Skills,25,Retail trade,3,Product returns
10270001,"Occupational Skills|Sales, marketing and communications|Account development",1,Occupational Skills,26,"Sales, marketing and communications",1,Account development
10270002,"Occupational Skills|Sales, marketing and communications|Account management",1,Occupational Skills,26,"Sales, marketing and communications",2,Account management
10270003,"Occupational Skills|Sales, marketing and communications|Business Development",1,Occupational Skills,26,"Sales, marketing and communications",3,Business Development
10270004,"Occupational Skills|Sales, marketing and communications|Business-to-Business (B2B)",1,Occupational Skills,26,"Sales, marketing and communications",4,Business-to-Business (B2B)
10270005,"Occupational Skills|Sales, marketing and communications|Business-to-Consumer (B2C)",1,Occupational Skills,26,"Sales, marketing and communications",5,Business-to-Consumer (B2C)
10270006,"Occupational Skills|Sales, marketing and communications|Cold calling",1,Occupational Skills,26,"Sales, marketing and communications",6,Cold calling
10270007,"Occupational Skills|Sales, marketing and communications|Content creation",1,Occupational Skills,26,"Sales, marketing and communications",7,Content creation
10270008,"Occupational Skills|Sales, marketing and communications|Contract Negotiation",1,Occupational Skills,26,"Sales, marketing and communications",8,Contract Negotiation
10270009,"Occupational Skills|Sales, marketing and communications|Cross selling",1,Occupational Skills,26,"Sales, marketing and communications",9,Cross selling
10270010,"Occupational Skills|Sales, marketing and communications|Customer acquisition",1,Occupational Skills,26,"Sales, marketing and communications",10,Customer acquisition
10270011,"Occupational Skills|Sales, marketing and communications|Digital Marketing",1,Occupational Skills,26,"Sales, marketing and communications",11,Digital Marketing
10270012,"Occupational Skills|Sales, marketing and communications|Display advertising",1,Occupational Skills,26,"Sales, marketing and communications",12,Display advertising
10270013,"Occupational Skills|Sales, marketing and communications|External relations / Stakeholder relations",1,Occupational Skills,26,"Sales, marketing and communications",13,External relations / Stakeholder relations
10270014,"Occupational Skills|Sales, marketing and communications|Grant Writing",1,Occupational Skills,26,"Sales, marketing and communications",14,Grant Writing
10270015,"Occupational Skills|Sales, marketing and communications|Indigenous relations",1,Occupational Skills,26,"Sales, marketing and communications",15,Indigenous relations
10270016,"Occupational Skills|Sales, marketing and communications|Key Account Development",1,Occupational Skills,26,"Sales, marketing and communications",16,Key Account Development
10270017,"Occupational Skills|Sales, marketing and communications|Lead Generation",1,Occupational Skills,26,"Sales, marketing and communications",17,Lead Generation
10270018,"Occupational Skills|Sales, marketing and communications|Listing properties",1,Occupational Skills,26,"Sales, marketing and communications",18,Listing properties
10270019,"Occupational Skills|Sales, marketing and communications|Local Marketing",1,Occupational Skills,26,"Sales, marketing and communications",19,Local Marketing
10270020,"Occupational Skills|Sales, marketing and communications|Marketing Strategy",1,Occupational Skills,26,"Sales, marketing and communications",20,Marketing Strategy
10270021,"Occupational Skills|Sales, marketing and communications|Negotiation skills",1,Occupational Skills,26,"Sales, marketing and communications",21,Negotiation skills
10270022,"Occupational Skills|Sales, marketing and communications|Online Advertising",1,Occupational Skills,26,"Sales, marketing and communications",22,Online Advertising
10270023,"Occupational Skills|Sales, marketing and communications|Planograms",1,Occupational Skills,26,"Sales, marketing and communications",23,Planograms
10270024,"Occupational Skills|Sales, marketing and communications|Product Management",1,Occupational Skills,26,"Sales, marketing and communications",24,Product Management
10270025,"Occupational Skills|Sales, marketing and communications|Property showings",1,Occupational Skills,26,"Sales, marketing and communications",25,Property showings
10270026,"Occupational Skills|Sales, marketing and communications|Proposal development",1,Occupational Skills,26,"Sales, marketing and communications",26,Proposal development
10270027,"Occupational Skills|Sales, marketing and communications|Public Relations",1,Occupational Skills,26,"Sales, marketing and communications",27,Public Relations
10270028,"Occupational Skills|Sales, marketing and communications|Sales",1,Occupational Skills,26,"Sales, marketing and communications",28,Sales
10270029,"Occupational Skills|Sales, marketing and communications|Sales management",1,Occupational Skills,26,"Sales, marketing and communications",29,Sales management
10270030,"Occupational Skills|Sales, marketing and communications|Sales presentation",1,Occupational Skills,26,"Sales, marketing and communications",30,Sales presentation
10270031,"Occupational Skills|Sales, marketing and communications|Search Engine Marketing",1,Occupational Skills,26,"Sales, marketing and communications",31,Search Engine Marketing
10270032,"Occupational Skills|Sales, marketing and communications|Search Engine Optimization",1,Occupational Skills,26,"Sales, marketing and communications",32,Search Engine Optimization
10270033,"Occupational Skills|Sales, marketing and communications|Social Media Marketing",1,Occupational Skills,26,"Sales, marketing and communications",33,Social Media Marketing
10270034,"Occupational Skills|Sales, marketing and communications|Social media management",1,Occupational Skills,26,"Sales, marketing and communications",34,Social media management
10270035,"Occupational Skills|Sales, marketing and communications|Up-selling",1,Occupational Skills,26,"Sales, marketing and communications",35,Up-selling
10270036,"Occupational Skills|Sales, marketing and communications|Virtual tours",1,Occupational Skills,26,"Sales, marketing and communications",36,Virtual tours
10270037,"Occupational Skills|Sales, marketing and communications|Visual Merchandising",1,Occupational Skills,26,"Sales, marketing and communications",37,Visual Merchandising
10280001,Occupational Skills|Security|Assist law enforcement,1,Occupational Skills,27,Security,1,Assist law enforcement
10280002,Occupational Skills|Security|Conduct patrols,1,Occupational Skills,27,Security,2,Conduct patrols
10280003,Occupational Skills|Security|Detain and restrain individuals,1,Occupational Skills,27,Security,3,Detain and restrain individuals
10280004,Occupational Skills|Security|Loss Prevention,1,Occupational Skills,27,Security,4,Loss Prevention
10280005,Occupational Skills|Security|Report suspicious incidents,1,Occupational Skills,27,Security,5,Report suspicious incidents
10290001,Occupational Skills|Software and web development|Agile Software Development,1,Occupational Skills,28,Software and web development,1,Agile Software Development
10290002,Occupational Skills|Software and web development|Behavior-Driven Development (BDD),1,Occupational Skills,28,Software and web development,2,Behavior-Driven Development (BDD)
10290003,Occupational Skills|Software and web development|CI/CD tools,1,Occupational Skills,28,Software and web development,3,CI/CD tools
10290004,Occupational Skills|Software and web development|Computation,1,Occupational Skills,28,Software and web development,4,Computation
10290005,Occupational Skills|Software and web development|Containerization,1,Occupational Skills,28,Software and web development,5,Containerization
10290006,Occupational Skills|Software and web development|Data migration,1,Occupational Skills,28,Software and web development,6,Data migration
10290007,Occupational Skills|Software and web development|Development of ML algorithms,1,Occupational Skills,28,Software and web development,7,Development of ML algorithms
10290008,Occupational Skills|Software and web development|Devops,1,Occupational Skills,28,Software and web development,8,Devops
10290009,Occupational Skills|Software and web development|Digital Signal Processing,1,Occupational Skills,28,Software and web development,9,Digital Signal Processing
10290010,Occupational Skills|Software and web development|Distributed computing,1,Occupational Skills,28,Software and web development,10,Distributed computing
10290011,Occupational Skills|Software and web development|Enterprise architecture,1,Occupational Skills,28,Software and web development,11,Enterprise architecture
10290012,Occupational Skills|Software and web development|Feature engineering,1,Occupational Skills,28,Software and web development,12,Feature engineering
10290013,Occupational Skills|Software and web development|Human-Computer Interaction (HCI),1,Occupational Skills,28,Software and web development,13,Human-Computer Interaction (HCI)
10290014,Occupational Skills|Software and web development|Information Systems,1,Occupational Skills,28,Software and web development,14,Information Systems
10290015,Occupational Skills|Software and web development|Large-scale system design,1,Occupational Skills,28,Software and web development,15,Large-scale system design
10290016,Occupational Skills|Software and web development|MLops,1,Occupational Skills,28,Software and web development,16,MLops
10290017,Occupational Skills|Software and web development|Model creation,1,Occupational Skills,28,Software and web development,17,Model creation
10290018,Occupational Skills|Software and web development|Model deployment,1,Occupational Skills,28,Software and web development,18,Model deployment
10290019,Occupational Skills|Software and web development|Model monitoring,1,Occupational Skills,28,Software and web development,19,Model monitoring
10290020,Occupational Skills|Software and web development|Model optimization,1,Occupational Skills,28,Software and web development,20,Model optimization
10290021,Occupational Skills|Software and web development|Model testing,1,Occupational Skills,28,Software and web development,21,Model testing
10290022,Occupational Skills|Software and web development|ModelOps,1,Occupational Skills,28,Software and web development,22,ModelOps
10290023,Occupational Skills|Software and web development|Software Development Life Cycle (SDLC),1,Occupational Skills,28,Software and web development,23,Software Development Life Cycle (SDLC)
10290024,Occupational Skills|Software and web development|Software Documentation,1,Occupational Skills,28,Software and web development,24,Software Documentation
10290025,Occupational Skills|Software and web development|Software design,1,Occupational Skills,28,Software and web development,25,Software design
10290026,Occupational Skills|Software and web development|Source control,1,Occupational Skills,28,Software and web development,26,Source control
10290027,Occupational Skills|Software and web development|System design,1,Occupational Skills,28,Software and web development,27,System design
10290028,Occupational Skills|Software and web development|Systems Integration,1,Occupational Skills,28,Software and web development,28,Systems Integration
10290029,Occupational Skills|Software and web development|Test-driven development (TDD),1,Occupational Skills,28,Software and web development,29,Test-driven development (TDD)
10290030,Occupational Skills|Software and web development|The Open Group Architecture Framework (TOGAF),1,Occupational Skills,28,Software and web development,30,The Open Group Architecture Framework (TOGAF)
10290031,Occupational Skills|Software and web development|User Interface Design,1,Occupational Skills,28,Software and web development,31,User Interface Design
10290032,Occupational Skills|Software and web development|Waterfall Software Development,1,Occupational Skills,28,Software and web development,32,Waterfall Software Development
10290033,Occupational Skills|Software and web development|Web Design,1,Occupational Skills,28,Software and web development,33,Web Design
10290034,Occupational Skills|Software and web development|Web Development,1,Occupational Skills,28,Software and web development,34,Web Development
10300001,Occupational Skills|Transportation|Docking/Shoring,1,Occupational Skills,29,Transportation,1,Docking/Shoring
10300002,Occupational Skills|Transportation|Fleet management,1,Occupational Skills,29,Transportation,2,Fleet management
10300003,Occupational Skills|Transportation|Ground Handling (Aviation),1,Occupational Skills,29,Transportation,3,Ground Handling (Aviation)
10300004,Occupational Skills|Transportation|Inspection of vehicles,1,Occupational Skills,29,Transportation,4,Inspection of vehicles
10300005,Occupational Skills|Transportation|Jacking,1,Occupational Skills,29,Transportation,5,Jacking
10300006,Occupational Skills|Transportation|Precision Long Line,1,Occupational Skills,29,Transportation,6,Precision Long Line
10300007,Occupational Skills|Transportation|Rigging,1,Occupational Skills,29,Transportation,7,Rigging
10300008,Occupational Skills|Transportation|Transporting construction materials,1,Occupational Skills,29,Transportation,8,Transporting construction materials
10300009,Occupational Skills|Transportation|Truck driving,1,Occupational Skills,29,Transportation,9,Truck driving
10310001,Occupational Skills|Video production and computer graphics|Animation,1,Occupational Skills,30,Video production and computer graphics,1,Animation
10310002,Occupational Skills|Video production and computer graphics|Graphic Design,1,Occupational Skills,30,Video production and computer graphics,2,Graphic Design
10310003,Occupational Skills|Video production and computer graphics|Photography,1,Occupational Skills,30,Video production and computer graphics,3,Photography
10310004,Occupational Skills|Video production and computer graphics|Storyboarding,1,Occupational Skills,30,Video production and computer graphics,4,Storyboarding
10310005,Occupational Skills|Video production and computer graphics|Video Editing,1,Occupational Skills,30,Video production and computer graphics,5,Video Editing
10310006,Occupational Skills|Video production and computer graphics|Video Production,1,Occupational Skills,30,Video production and computer graphics,6,Video Production
10320001,Occupational Skills|Warehousing|Cycle counting,1,Occupational Skills,31,Warehousing,1,Cycle counting
10320002,Occupational Skills|Warehousing|Inventory Management,1,Occupational Skills,31,Warehousing,2,Inventory Management
10320003,Occupational Skills|Warehousing|Loading and unloading,1,Occupational Skills,31,Warehousing,3,Loading and unloading
10320004,Occupational Skills|Warehousing|Stocking,1,Occupational Skills,31,Warehousing,4,Stocking
10320005,Occupational Skills|Warehousing|Warehouse management,1,Occupational Skills,31,Warehousing,5,Warehouse management
20010001,Social-Emotional Skills|Cognitive|Ability to Learn,2,Social-Emotional Skills,0,Cognitive,1,Ability to Learn
20010002,Social-Emotional Skills|Cognitive|Mathematical skills,2,Social-Emotional Skills,0,Cognitive,2,Mathematical skills
20010003,Social-Emotional Skills|Cognitive|Multi-tasking,2,Social-Emotional Skills,0,Cognitive,3,Multi-tasking
20010004,Social-Emotional Skills|Cognitive|Opportunity spotting,2,Social-Emotional Skills,0,Cognitive,4,Opportunity spotting
20020001,Social-Emotional Skills|Interpersonal|Advocacy Skills,2,Social-Emotional Skills,1,Interpersonal,1,Advocacy Skills
20020002,Social-Emotional Skills|Interpersonal|Communication skills,2,Social-Emotional Skills,1,Interpersonal,2,Communication skills
20020003,Social-Emotional Skills|Interpersonal|Conflict Management Skills,2,Social-Emotional Skills,1,Interpersonal,3,Conflict Management Skills
20020004,Social-Emotional Skills|Interpersonal|De-escalate situations,2,Social-Emotional Skills,1,Interpersonal,4,De-escalate situations
20020005,Social-Emotional Skills|Interpersonal|Interpersonal Skills,2,Social-Emotional Skills,1,Interpersonal,5,Interpersonal Skills
20020006,Social-Emotional Skills|Interpersonal|Listening skills,2,Social-Emotional Skills,1,Interpersonal,6,Listening skills
20020007,Social-Emotional Skills|Interpersonal|Presentation Skills,2,Social-Emotional Skills,1,Interpersonal,7,Presentation Skills
20020008,Social-Emotional Skills|Interpersonal|Public Speaking,2,Social-Emotional Skills,1,Interpersonal,8,Public Speaking
20020009,Social-Emotional Skills|Interpersonal|Public speaking,2,Social-Emotional Skills,1,Interpersonal,9,Public speaking
20020010,Social-Emotional Skills|Interpersonal|Relationship management,2,Social-Emotional Skills,1,Interpersonal,10,Relationship management
20020011,Social-Emotional Skills|Interpersonal|Team Building,2,Social-Emotional Skills,1,Interpersonal,11,Team Building
20020012,Social-Emotional Skills|Interpersonal|Teamwork,2,Social-Emotional Skills,1,Interpersonal,12,Teamwork
20020013,Social-Emotional Skills|Interpersonal|Writing,2,Social-Emotional Skills,1,Interpersonal,13,Writing
20030001,Social-Emotional Skills|Languages|American Sign Language (ASL),2,Social-Emotional Skills,2,Languages,1,American Sign Language (ASL)
20030002,Social-Emotional Skills|Languages|Arabic language,2,Social-Emotional Skills,2,Languages,2,Arabic language
20030003,Social-Emotional Skills|Languages|Bilingual,2,Social-Emotional Skills,2,Languages,3,Bilingual
20030004,Social-Emotional Skills|Languages|Cantonese language,2,Social-Emotional Skills,2,Languages,4,Cantonese language
20030005,Social-Emotional Skills|Languages|Chinese language,2,Social-Emotional Skills,2,Languages,5,Chinese language
20030006,Social-Emotional Skills|Languages|Dutch Language,2,Social-Emotional Skills,2,Languages,6,Dutch Language
20030007,Social-Emotional Skills|Languages|English language,2,Social-Emotional Skills,2,Languages,7,English language
20030008,Social-Emotional Skills|Languages|French language,2,Social-Emotional Skills,2,Languages,8,French language
20030009,Social-Emotional Skills|Languages|German language,2,Social-Emotional Skills,2,Languages,9,German language
20030010,Social-Emotional Skills|Languages|Greek Language,2,Social-Emotional Skills,2,Languages,10,Greek Language
20030011,Social-Emotional Skills|Languages|Japanese language,2,Social-Emotional Skills,2,Languages,11,Japanese language
20030012,Social-Emotional Skills|Languages|Korean language,2,Social-Emotional Skills,2,Languages,12,Korean language
20030013,Social-Emotional Skills|Languages|Mandarin language,2,Social-Emotional Skills,2,Languages,13,Mandarin language
20030014,Social-Emotional Skills|Languages|Portuguese language,2,Social-Emotional Skills,2,Languages,14,Portuguese language
20030015,Social-Emotional Skills|Languages|Punjabi Language,2,Social-Emotional Skills,2,Languages,15,Punjabi Language
20030016,Social-Emotional Skills|Languages|Russian language,2,Social-Emotional Skills,2,Languages,16,Russian language
20030017,Social-Emotional Skills|Languages|Spanish language,2,Social-Emotional Skills,2,Languages,17,Spanish language
20030018,Social-Emotional Skills|Languages|Yiddish,2,Social-Emotional Skills,2,Languages,18,Yiddish
20040001,Social-Emotional Skills|Personal qualities|Attention to Detail,2,Social-Emotional Skills,3,Personal qualities,1,Attention to Detail
20040002,Social-Emotional Skills|Personal qualities|Critical Thinking,2,Social-Emotional Skills,3,Personal qualities,2,Critical Thinking
20040003,Social-Emotional Skills|Personal qualities|Curiosity,2,Social-Emotional Skills,3,Personal qualities,3,Curiosity
20040004,Social-Emotional Skills|Personal qualities|Decision-Making,2,Social-Emotional Skills,3,Personal qualities,4,Decision-Making
20040005,"Social-Emotional Skills|Personal qualities|Emotional intelligence, Empathy and Compassion",2,Social-Emotional Skills,3,Personal qualities,5,"Emotional intelligence, Empathy and Compassion"
20040006,Social-Emotional Skills|Personal qualities|Entrepreneurial mindset,2,Social-Emotional Skills,3,Personal qualities,6,Entrepreneurial mindset
20040007,Social-Emotional Skills|Personal qualities|Fast-paced Setting,2,Social-Emotional Skills,3,Personal qualities,7,Fast-paced Setting
20040008,Social-Emotional Skills|Personal qualities|Flexibility,2,Social-Emotional Skills,3,Personal qualities,8,Flexibility
20040009,Social-Emotional Skills|Personal qualities|Goal oriented,2,Social-Emotional Skills,3,Personal qualities,9,Goal oriented
20040010,Social-Emotional Skills|Personal qualities|Honesty,2,Social-Emotional Skills,3,Personal qualities,10,Honesty
20040011,Social-Emotional Skills|Personal qualities|Leadership,2,Social-Emotional Skills,3,Personal qualities,11,Leadership
20040012,Social-Emotional Skills|Personal qualities|Problem Solving,2,Social-Emotional Skills,3,Personal qualities,12,Problem Solving
20040013,Social-Emotional Skills|Personal qualities|Resilience,2,Social-Emotional Skills,3,Personal qualities,13,Resilience
20040014,Social-Emotional Skills|Personal qualities|Results oriented,2,Social-Emotional Skills,3,Personal qualities,14,Results oriented
20040015,Social-Emotional Skills|Personal qualities|Retail setting,2,Social-Emotional Skills,3,Personal qualities,15,Retail setting
20040016,Social-Emotional Skills|Personal qualities|Self-starter / Self-motivated,2,Social-Emotional Skills,3,Personal qualities,16,Self-starter / Self-motivated
20040017,Social-Emotional Skills|Personal qualities|Strategic Thinking,2,Social-Emotional Skills,3,Personal qualities,17,Strategic Thinking
20040018,Social-Emotional Skills|Personal qualities|Troubleshooting,2,Social-Emotional Skills,3,Personal qualities,18,Troubleshooting
20040019,Social-Emotional Skills|Personal qualities|Work under pressure,2,Social-Emotional Skills,3,Personal qualities,19,Work under pressure
20050001,Social-Emotional Skills|Resource management|Organizational Skills,2,Social-Emotional Skills,4,Resource management,1,Organizational Skills
20050002,Social-Emotional Skills|Resource management|Planning,2,Social-Emotional Skills,4,Resource management,2,Planning
20050003,Social-Emotional Skills|Resource management|Priority management,2,Social-Emotional Skills,4,Resource management,3,Priority management
20050004,Social-Emotional Skills|Resource management|Resource allocation,2,Social-Emotional Skills,4,Resource management,4,Resource allocation
20050005,Social-Emotional Skills|Resource management|Scheduling,2,Social-Emotional Skills,4,Resource management,5,Scheduling
20050006,Social-Emotional Skills|Resource management|Supervisory Skills,2,Social-Emotional Skills,4,Resource management,6,Supervisory Skills
20050007,Social-Emotional Skills|Resource management|Team Leadership,2,Social-Emotional Skills,4,Resource management,7,Team Leadership
20050008,Social-Emotional Skills|Resource management|Time Management,2,Social-Emotional Skills,4,Resource management,8,Time Management
20050009,Social-Emotional Skills|Resource management|Volunteer Management,2,Social-Emotional Skills,4,Resource management,9,Volunteer Management
30010001,Technologies|Access software|Access management software,3,Technologies,0,Access software,1,Access management software
30010002,Technologies|Access software|Cisco AnyConnect,3,Technologies,0,Access software,2,Cisco AnyConnect
30010003,Technologies|Access software|Citrix,3,Technologies,0,Access software,3,Citrix
30010004,Technologies|Access software|PuTTY,3,Technologies,0,Access software,4,PuTTY
30010005,Technologies|Access software|Remote access software,3,Technologies,0,Access software,5,Remote access software
30010006,Technologies|Access software|Tivoli,3,Technologies,0,Access software,6,Tivoli
30020001,Technologies|Accounting software|Account management software,3,Technologies,1,Accounting software,1,Account management software
30020002,Technologies|Accounting software|Accounting software,3,Technologies,1,Accounting software,2,Accounting software
30020003,Technologies|Accounting software|Accounts payable software,3,Technologies,1,Accounting software,3,Accounts payable software
30020004,Technologies|Accounting software|Accounts receivable software,3,Technologies,1,Accounting software,4,Accounts receivable software
30020005,Technologies|Accounting software|Accurate NXG,3,Technologies,1,Accounting software,5,Accurate NXG
30020006,Technologies|Accounting software|Billing software,3,Technologies,1,Accounting software,6,Billing software
30020007,Technologies|Accounting software|Bookkeeping software,3,Technologies,1,Accounting software,7,Bookkeeping software
30020008,Technologies|Accounting software|Budgeting software,3,Technologies,1,Accounting software,8,Budgeting software
30020009,Technologies|Accounting software|Business accounting software,3,Technologies,1,Accounting software,9,Business accounting software
30020010,Technologies|Accounting software|Chrome River Expense,3,Technologies,1,Accounting software,10,Chrome River Expense
30020011,Technologies|Accounting software|Client billing software,3,Technologies,1,Accounting software,11,Client billing software
30020012,Technologies|Accounting software|Cost accounting software,3,Technologies,1,Accounting software,12,Cost accounting software
30020013,Technologies|Accounting software|Cost tracking software,3,Technologies,1,Accounting software,13,Cost tracking software
30020014,Technologies|Accounting software|Deltek Costpoint,3,Technologies,1,Accounting software,14,Deltek Costpoint
30020015,Technologies|Accounting software|Dental billing software,3,Technologies,1,Accounting software,15,Dental billing software
30020016,Technologies|Accounting software|Financial accounting software,3,Technologies,1,Accounting software,16,Financial accounting software
30020017,Technologies|Accounting software|Financial reporting software,3,Technologies,1,Accounting software,17,Financial reporting software
30020018,Technologies|Accounting software|Financial statement software,3,Technologies,1,Accounting software,18,Financial statement software
30020019,Technologies|Accounting software|Financial tracking software,3,Technologies,1,Accounting software,19,Financial tracking software
30020020,Technologies|Accounting software|Fund accounting software,3,Technologies,1,Accounting software,20,Fund accounting software
30020021,Technologies|Accounting software|General ledger software,3,Technologies,1,Accounting software,21,General ledger software
30020022,Technologies|Accounting software|Hyperion Enterprise,3,Technologies,1,Accounting software,22,Hyperion Enterprise
30020023,Technologies|Accounting software|Intuit QuickBooks,3,Technologies,1,Accounting software,23,Intuit QuickBooks
30020024,Technologies|Accounting software|Invoice software,3,Technologies,1,Accounting software,24,Invoice software
30020025,Technologies|Accounting software|Job costing software,3,Technologies,1,Accounting software,25,Job costing software
30020026,Technologies|Accounting software|MPower fund accounting system,3,Technologies,1,Accounting software,26,MPower fund accounting system
30020027,Technologies|Accounting software|Medical billing software,3,Technologies,1,Accounting software,27,Medical billing software
30020028,Technologies|Accounting software|Prime Clinical,3,Technologies,1,Accounting software,28,Prime Clinical
30020029,Technologies|Accounting software|Sage 50 Accounting,3,Technologies,1,Accounting software,29,Sage 50 Accounting
30020030,Technologies|Accounting software|Sage Medical Manager,3,Technologies,1,Accounting software,30,Sage Medical Manager
30020031,Technologies|Accounting software|Sage Simply Accounting,3,Technologies,1,Accounting software,31,Sage Simply Accounting
30020032,Technologies|Accounting software|Sage Software Sage50,3,Technologies,1,Accounting software,32,Sage Software Sage50
30020033,Technologies|Accounting software|Tax software,3,Technologies,1,Accounting software,33,Tax software
30020034,Technologies|Accounting software|Thomson Reuters Elite Enterprise,3,Technologies,1,Accounting software,34,Thomson Reuters Elite Enterprise
30030001,Technologies|Action games|Video game software,3,Technologies,2,Action games,1,Video game software
30040001,Technologies|Administration software|Cisco Systems CiscoWorks,3,Technologies,3,Administration software,1,Cisco Systems CiscoWorks
30040002,Technologies|Administration software|Cisco Systems Wireless Control System WCS,3,Technologies,3,Administration software,2,Cisco Systems Wireless Control System WCS
30040003,Technologies|Administration software|Dynamic host configuration protocol DHCP,3,Technologies,3,Administration software,3,Dynamic host configuration protocol DHCP
30040004,Technologies|Administration software|Infoblox,3,Technologies,3,Administration software,4,Infoblox
30040005,Technologies|Administration software|NetIQ,3,Technologies,3,Administration software,5,NetIQ
30040006,Technologies|Administration software|Network management software,3,Technologies,3,Administration software,6,Network management software
30040007,Technologies|Administration software|Redgate SQL Server,3,Technologies,3,Administration software,7,Redgate SQL Server
30040008,Technologies|Administration software|Riverbed Technology,3,Technologies,3,Administration software,8,Riverbed Technology
30040009,Technologies|Administration software|Simple network management protocol SNMP software,3,Technologies,3,Administration software,9,Simple network management protocol SNMP software
30040010,Technologies|Administration software|SolarWinds,3,Technologies,3,Administration software,10,SolarWinds
30040011,Technologies|Administration software|ipconfig,3,Technologies,3,Administration software,11,ipconfig
30050001,Technologies|Analysis and research|AI tools,3,Technologies,4,Analysis and research,1,AI tools
30050002,Technologies|Analysis and research|Anomaly detection,3,Technologies,4,Analysis and research,2,Anomaly detection
30050003,Technologies|Analysis and research|Data clustering,3,Technologies,4,Analysis and research,3,Data clustering
30050004,Technologies|Analysis and research|Dimensionality reduction,3,Technologies,4,Analysis and research,4,Dimensionality reduction
30060001,Technologies|Analytical or scientific software|A&D Technology iTest,3,Technologies,5,Analytical or scientific software,1,A&D Technology iTest
30060002,Technologies|Analytical or scientific software|AIRMaster+,3,Technologies,5,Analytical or scientific software,2,AIRMaster+
30060003,Technologies|Analytical or scientific software|AMPL (A mathematical programming language),3,Technologies,5,Analytical or scientific software,3,AMPL (A mathematical programming language)
30060004,Technologies|Analytical or scientific software|ANSYS,3,Technologies,5,Analytical or scientific software,4,ANSYS
30060005,Technologies|Analytical or scientific software|ANSYS AQWA,3,Technologies,5,Analytical or scientific software,5,ANSYS AQWA
30060006,Technologies|Analytical or scientific software|ANSYS FLUENT,3,Technologies,5,Analytical or scientific software,6,ANSYS FLUENT
30060007,Technologies|Analytical or scientific software|ANSYS LS-DYNA,3,Technologies,5,Analytical or scientific software,7,ANSYS LS-DYNA
30060008,Technologies|Analytical or scientific software|ANSYS Mechanical,3,Technologies,5,Analytical or scientific software,8,ANSYS Mechanical
30060009,Technologies|Analytical or scientific software|ANSYS Multiphysics,3,Technologies,5,Analytical or scientific software,9,ANSYS Multiphysics
30060010,Technologies|Analytical or scientific software|ASPEN PLUS,3,Technologies,5,Analytical or scientific software,10,ASPEN PLUS
30060011,Technologies|Analytical or scientific software|Adaptive conjoint analysis ACA software,3,Technologies,5,Analytical or scientific software,11,Adaptive conjoint analysis ACA software
30060012,Technologies|Analytical or scientific software|Agilent ChemStation,3,Technologies,5,Analytical or scientific software,12,Agilent ChemStation
30060013,Technologies|Analytical or scientific software|Algorithmic software,3,Technologies,5,Analytical or scientific software,13,Algorithmic software
30060014,Technologies|Analytical or scientific software|Alteryx,3,Technologies,5,Analytical or scientific software,14,Alteryx
30060015,Technologies|Analytical or scientific software|Analysis and building software,3,Technologies,5,Analytical or scientific software,15,Analysis and building software
30060016,Technologies|Analytical or scientific software|Analytical software,3,Technologies,5,Analytical or scientific software,16,Analytical software
30060017,Technologies|Analytical or scientific software|Analyz,3,Technologies,5,Analytical or scientific software,17,Analyz
30060018,Technologies|Analytical or scientific software|Assessment software,3,Technologies,5,Analytical or scientific software,18,Assessment software
30060019,Technologies|Analytical or scientific software|Autodesk ECOTECT,3,Technologies,5,Analytical or scientific software,19,Autodesk ECOTECT
30060020,Technologies|Analytical or scientific software|Automated material handling software,3,Technologies,5,Analytical or scientific software,20,Automated material handling software
30060021,Technologies|Analytical or scientific software|Automation Studio,3,Technologies,5,Analytical or scientific software,21,Automation Studio
30060022,Technologies|Analytical or scientific software|Aztec,3,Technologies,5,Analytical or scientific software,22,Aztec
30060023,Technologies|Analytical or scientific software|BWA,3,Technologies,5,Analytical or scientific software,23,BWA
30060024,Technologies|Analytical or scientific software|Bioconductor,3,Technologies,5,Analytical or scientific software,24,Bioconductor
30060025,Technologies|Analytical or scientific software|Biomechanical modeling software,3,Technologies,5,Analytical or scientific software,25,Biomechanical modeling software
30060026,Technologies|Analytical or scientific software|Biostatistical software,3,Technologies,5,Analytical or scientific software,26,Biostatistical software
30060027,Technologies|Analytical or scientific software|Bowtie,3,Technologies,5,Analytical or scientific software,27,Bowtie
30060028,Technologies|Analytical or scientific software|Business analysis software,3,Technologies,5,Analytical or scientific software,28,Business analysis software
30060029,Technologies|Analytical or scientific software|CARIS HIPS,3,Technologies,5,Analytical or scientific software,29,CARIS HIPS
30060030,Technologies|Analytical or scientific software|CCP4,3,Technologies,5,Analytical or scientific software,30,CCP4
30060031,Technologies|Analytical or scientific software|COMSOL Multiphysics,3,Technologies,5,Analytical or scientific software,31,COMSOL Multiphysics
30060032,Technologies|Analytical or scientific software|Calibration software,3,Technologies,5,Analytical or scientific software,32,Calibration software
30060033,Technologies|Analytical or scientific software|Circuit simulation software,3,Technologies,5,Analytical or scientific software,33,Circuit simulation software
30060034,Technologies|Analytical or scientific software|Compass software,3,Technologies,5,Analytical or scientific software,34,Compass software
30060035,Technologies|Analytical or scientific software|Computational fluid dynamics CFD software,3,Technologies,5,Analytical or scientific software,35,Computational fluid dynamics CFD software
30060036,Technologies|Analytical or scientific software|Computer assisted mass appraisal CAMA software,3,Technologies,5,Analytical or scientific software,36,Computer assisted mass appraisal CAMA software
30060037,Technologies|Analytical or scientific software|Computer diagnostic software,3,Technologies,5,Analytical or scientific software,37,Computer diagnostic software
30060038,Technologies|Analytical or scientific software|Computer modeling software,3,Technologies,5,Analytical or scientific software,38,Computer modeling software
30060039,Technologies|Analytical or scientific software|Computer simulation software,3,Technologies,5,Analytical or scientific software,39,Computer simulation software
30060040,Technologies|Analytical or scientific software|Computer-aided engineering CAE software,3,Technologies,5,Analytical or scientific software,40,Computer-aided engineering CAE software
30060041,Technologies|Analytical or scientific software|Computerized diagnostic programs,3,Technologies,5,Analytical or scientific software,41,Computerized diagnostic programs
30060042,Technologies|Analytical or scientific software|Computerized statistical packages,3,Technologies,5,Analytical or scientific software,42,Computerized statistical packages
30060043,Technologies|Analytical or scientific software|Coordinate geometry COGO software,3,Technologies,5,Analytical or scientific software,43,Coordinate geometry COGO software
30060044,Technologies|Analytical or scientific software|Corpscon,3,Technologies,5,Analytical or scientific software,44,Corpscon
30060045,Technologies|Analytical or scientific software|Counseling software,3,Technologies,5,Analytical or scientific software,45,Counseling software
30060046,Technologies|Analytical or scientific software|Cronometer,3,Technologies,5,Analytical or scientific software,46,Cronometer
30060047,Technologies|Analytical or scientific software|Cummins Insite,3,Technologies,5,Analytical or scientific software,47,Cummins Insite
30060048,Technologies|Analytical or scientific software|DNA sequencing software,3,Technologies,5,Analytical or scientific software,48,DNA sequencing software
30060049,Technologies|Analytical or scientific software|DOE-2,3,Technologies,5,Analytical or scientific software,49,DOE-2
30060050,Technologies|Analytical or scientific software|Data acquisition software,3,Technologies,5,Analytical or scientific software,50,Data acquisition software
30060051,Technologies|Analytical or scientific software|Data acquisition systems,3,Technologies,5,Analytical or scientific software,51,Data acquisition systems
30060052,Technologies|Analytical or scientific software|Data analysis software,3,Technologies,5,Analytical or scientific software,52,Data analysis software
30060053,Technologies|Analytical or scientific software|Data reduction software,3,Technologies,5,Analytical or scientific software,53,Data reduction software
30060054,Technologies|Analytical or scientific software|Data visualization software,3,Technologies,5,Analytical or scientific software,54,Data visualization software
30060055,Technologies|Analytical or scientific software|Definiens Developer,3,Technologies,5,Analytical or scientific software,55,Definiens Developer
30060056,Technologies|Analytical or scientific software|Density functional theory DFT software,3,Technologies,5,Analytical or scientific software,56,Density functional theory DFT software
30060057,Technologies|Analytical or scientific software|Deoxyribonucleic acid DNA sequence analysis software,3,Technologies,5,Analytical or scientific software,57,Deoxyribonucleic acid DNA sequence analysis software
30060058,Technologies|Analytical or scientific software|Design of experiments DOE software,3,Technologies,5,Analytical or scientific software,58,Design of experiments DOE software
30060059,Technologies|Analytical or scientific software|Digital elevation model DEM software,3,Technologies,5,Analytical or scientific software,59,Digital elevation model DEM software
30060060,Technologies|Analytical or scientific software|Discrete event simulation software,3,Technologies,5,Analytical or scientific software,60,Discrete event simulation software
30060061,Technologies|Analytical or scientific software|Dynamic modeling software,3,Technologies,5,Analytical or scientific software,61,Dynamic modeling software
30060062,Technologies|Analytical or scientific software|Dynamic object-oriented requirements system DOORS,3,Technologies,5,Analytical or scientific software,62,Dynamic object-oriented requirements system DOORS
30060063,Technologies|Analytical or scientific software|Dynamic positioning DP software,3,Technologies,5,Analytical or scientific software,63,Dynamic positioning DP software
30060064,Technologies|Analytical or scientific software|EMBOSS,3,Technologies,5,Analytical or scientific software,64,EMBOSS
30060065,Technologies|Analytical or scientific software|ENSEMBL,3,Technologies,5,Analytical or scientific software,65,ENSEMBL
30060066,Technologies|Analytical or scientific software|ETAP,3,Technologies,5,Analytical or scientific software,66,ETAP
30060067,Technologies|Analytical or scientific software|EViews,3,Technologies,5,Analytical or scientific software,67,EViews
30060068,Technologies|Analytical or scientific software|Electronic data capture EDC software,3,Technologies,5,Analytical or scientific software,68,Electronic data capture EDC software
30060069,Technologies|Analytical or scientific software|Electronic discovery software,3,Technologies,5,Analytical or scientific software,69,Electronic discovery software
30060070,Technologies|Analytical or scientific software|Energy analysis software,3,Technologies,5,Analytical or scientific software,70,Energy analysis software
30060071,Technologies|Analytical or scientific software|EnergyPlus,3,Technologies,5,Analytical or scientific software,71,EnergyPlus
30060072,Technologies|Analytical or scientific software|Engine diagnostic software,3,Technologies,5,Analytical or scientific software,72,Engine diagnostic software
30060073,Technologies|Analytical or scientific software|Epidemiological software,3,Technologies,5,Analytical or scientific software,73,Epidemiological software
30060074,Technologies|Analytical or scientific software|Excavator,3,Technologies,5,Analytical or scientific software,74,Excavator
30060075,Technologies|Analytical or scientific software|Expression DNA and protein sequence software,3,Technologies,5,Analytical or scientific software,75,Expression DNA and protein sequence software
30060076,Technologies|Analytical or scientific software|FASTA,3,Technologies,5,Analytical or scientific software,76,FASTA
30060077,Technologies|Analytical or scientific software|FactSage,3,Technologies,5,Analytical or scientific software,77,FactSage
30060078,Technologies|Analytical or scientific software|Failure mode and effects analysis FMEA software,3,Technologies,5,Analytical or scientific software,78,Failure mode and effects analysis FMEA software
30060079,Technologies|Analytical or scientific software|Failure mode effects and criticality analysis FMECA software,3,Technologies,5,Analytical or scientific software,79,Failure mode effects and criticality analysis FMECA software
30060080,Technologies|Analytical or scientific software|Failure modes and effects analysis FMEA software,3,Technologies,5,Analytical or scientific software,80,Failure modes and effects analysis FMEA software
30060081,Technologies|Analytical or scientific software|Failure reporting analysis and corrective action FRACAS software,3,Technologies,5,Analytical or scientific software,81,Failure reporting analysis and corrective action FRACAS software
30060082,Technologies|Analytical or scientific software|Fault tree analysis FTA software,3,Technologies,5,Analytical or scientific software,82,Fault tree analysis FTA software
30060083,Technologies|Analytical or scientific software|Ferret,3,Technologies,5,Analytical or scientific software,83,Ferret
30060084,Technologies|Analytical or scientific software|Finite element analysis FEA software,3,Technologies,5,Analytical or scientific software,84,Finite element analysis FEA software
30060085,Technologies|Analytical or scientific software|Finite element analysis software,3,Technologies,5,Analytical or scientific software,85,Finite element analysis software
30060086,Technologies|Analytical or scientific software|Finite element method FEM software,3,Technologies,5,Analytical or scientific software,86,Finite element method FEM software
30060087,Technologies|Analytical or scientific software|FlowJo,3,Technologies,5,Analytical or scientific software,87,FlowJo
30060088,Technologies|Analytical or scientific software|Force sensitive applications FSA software,3,Technologies,5,Analytical or scientific software,88,Force sensitive applications FSA software
30060089,Technologies|Analytical or scientific software|Fourier transform infrared FTIR software,3,Technologies,5,Analytical or scientific software,89,Fourier transform infrared FTIR software
30060090,Technologies|Analytical or scientific software|FreeSurfer,3,Technologies,5,Analytical or scientific software,90,FreeSurfer
30060091,Technologies|Analytical or scientific software|Gas chromatograph GS software,3,Technologies,5,Analytical or scientific software,91,Gas chromatograph GS software
30060092,Technologies|Analytical or scientific software|Geant4,3,Technologies,5,Analytical or scientific software,92,Geant4
30060093,Technologies|Analytical or scientific software|Gemcom GEMS,3,Technologies,5,Analytical or scientific software,93,Gemcom GEMS
30060094,Technologies|Analytical or scientific software|Gemcom Surpac,3,Technologies,5,Analytical or scientific software,94,Gemcom Surpac
30060095,Technologies|Analytical or scientific software|GeoDa,3,Technologies,5,Analytical or scientific software,95,GeoDa
30060096,Technologies|Analytical or scientific software|GeoGraphix,3,Technologies,5,Analytical or scientific software,96,GeoGraphix
30060097,Technologies|Analytical or scientific software|GeoModel,3,Technologies,5,Analytical or scientific software,97,GeoModel
30060098,Technologies|Analytical or scientific software|GraphPad Prism,3,Technologies,5,Analytical or scientific software,98,GraphPad Prism
30060099,Technologies|Analytical or scientific software|Groundwater Vistas,3,Technologies,5,Analytical or scientific software,99,Groundwater Vistas
30060100,Technologies|Analytical or scientific software|Gurobi,3,Technologies,5,Analytical or scientific software,100,Gurobi
30060101,Technologies|Analytical or scientific software|HEC RAS,3,Technologies,5,Analytical or scientific software,101,HEC RAS
30060102,Technologies|Analytical or scientific software|HEC-2,3,Technologies,5,Analytical or scientific software,102,HEC-2
30060103,Technologies|Analytical or scientific software|HEC-GeoRAS,3,Technologies,5,Analytical or scientific software,103,HEC-GeoRAS
30060104,Technologies|Analytical or scientific software|HEC-HMS,3,Technologies,5,Analytical or scientific software,104,HEC-HMS
30060105,Technologies|Analytical or scientific software|HEC-RAS,3,Technologies,5,Analytical or scientific software,105,HEC-RAS
30060106,Technologies|Analytical or scientific software|HYPACK HYSWEEP,3,Technologies,5,Analytical or scientific software,106,HYPACK HYSWEEP
30060107,Technologies|Analytical or scientific software|Hardware-in-the-loop HIL simulation software,3,Technologies,5,Analytical or scientific software,107,Hardware-in-the-loop HIL simulation software
30060108,Technologies|Analytical or scientific software|Hotspot,3,Technologies,5,Analytical or scientific software,108,Hotspot
30060109,Technologies|Analytical or scientific software|Hydraulic analysis software,3,Technologies,5,Analytical or scientific software,109,Hydraulic analysis software
30060110,Technologies|Analytical or scientific software|Hydraulic modeling software,3,Technologies,5,Analytical or scientific software,110,Hydraulic modeling software
30060111,Technologies|Analytical or scientific software|Hydrologic simulation program fortan HSPF software,3,Technologies,5,Analytical or scientific software,111,Hydrologic simulation program fortan HSPF software
30060112,Technologies|Analytical or scientific software|IBM SPSS Statistics,3,Technologies,5,Analytical or scientific software,112,IBM SPSS Statistics
30060113,Technologies|Analytical or scientific software|IHS Kingdom,3,Technologies,5,Analytical or scientific software,113,IHS Kingdom
30060114,Technologies|Analytical or scientific software|Image analysis software,3,Technologies,5,Analytical or scientific software,114,Image analysis software
30060115,Technologies|Analytical or scientific software|Image analysis systems,3,Technologies,5,Analytical or scientific software,115,Image analysis systems
30060116,Technologies|Analytical or scientific software|Image capture software,3,Technologies,5,Analytical or scientific software,116,Image capture software
30060117,Technologies|Analytical or scientific software|Image processors,3,Technologies,5,Analytical or scientific software,117,Image processors
30060118,Technologies|Analytical or scientific software|KNIME,3,Technologies,5,Analytical or scientific software,118,KNIME
30060119,Technologies|Analytical or scientific software|Kant,3,Technologies,5,Analytical or scientific software,119,Kant
30060120,Technologies|Analytical or scientific software|LINDO,3,Technologies,5,Analytical or scientific software,120,LINDO
30060121,Technologies|Analytical or scientific software|LabWare LIMS,3,Technologies,5,Analytical or scientific software,121,LabWare LIMS
30060122,Technologies|Analytical or scientific software|Laboratory information management system LIMS,3,Technologies,5,Analytical or scientific software,122,Laboratory information management system LIMS
30060123,Technologies|Analytical or scientific software|Large eddy simulation LES software,3,Technologies,5,Analytical or scientific software,123,Large eddy simulation LES software
30060124,Technologies|Analytical or scientific software|Laser imaging detection and ranging LIDAR system,3,Technologies,5,Analytical or scientific software,124,Laser imaging detection and ranging LIDAR system
30060125,Technologies|Analytical or scientific software|Life cycle assessment LCA software,3,Technologies,5,Analytical or scientific software,125,Life cycle assessment LCA software
30060126,Technologies|Analytical or scientific software|Light detection and ranging LIDAR systems,3,Technologies,5,Analytical or scientific software,126,Light detection and ranging LIDAR systems
30060127,Technologies|Analytical or scientific software|Lighting calculation software,3,Technologies,5,Analytical or scientific software,127,Lighting calculation software
30060128,Technologies|Analytical or scientific software|Litigation management software,3,Technologies,5,Analytical or scientific software,128,Litigation management software
30060129,Technologies|Analytical or scientific software|Litigation support software,3,Technologies,5,Analytical or scientific software,129,Litigation support software
30060130,Technologies|Analytical or scientific software|Low-level driver LLD software,3,Technologies,5,Analytical or scientific software,130,Low-level driver LLD software
30060131,Technologies|Analytical or scientific software|MATLAB,3,Technologies,5,Analytical or scientific software,131,MATLAB
30060132,Technologies|Analytical or scientific software|MODPATH,3,Technologies,5,Analytical or scientific software,132,MODPATH
30060133,Technologies|Analytical or scientific software|Magma,3,Technologies,5,Analytical or scientific software,133,Magma
30060134,Technologies|Analytical or scientific software|Maptek Vulcan,3,Technologies,5,Analytical or scientific software,134,Maptek Vulcan
30060135,Technologies|Analytical or scientific software|Mathematical software,3,Technologies,5,Analytical or scientific software,135,Mathematical software
30060136,Technologies|Analytical or scientific software|Maxima,3,Technologies,5,Analytical or scientific software,136,Maxima
30060137,Technologies|Analytical or scientific software|Mendel,3,Technologies,5,Analytical or scientific software,137,Mendel
30060138,Technologies|Analytical or scientific software|Mentor Graphics Calibre,3,Technologies,5,Analytical or scientific software,138,Mentor Graphics Calibre
30060139,Technologies|Analytical or scientific software|Minitab,3,Technologies,5,Analytical or scientific software,139,Minitab
30060140,Technologies|Analytical or scientific software|Modeling software,3,Technologies,5,Analytical or scientific software,140,Modeling software
30060141,Technologies|Analytical or scientific software|Molecular simulation software,3,Technologies,5,Analytical or scientific software,141,Molecular simulation software
30060142,Technologies|Analytical or scientific software|Monash University Low FODMAP Diet App,3,Technologies,5,Analytical or scientific software,142,Monash University Low FODMAP Diet App
30060143,Technologies|Analytical or scientific software|MyFitnessPal,3,Technologies,5,Analytical or scientific software,143,MyFitnessPal
30060144,Technologies|Analytical or scientific software|NAMD,3,Technologies,5,Analytical or scientific software,144,NAMD
30060145,Technologies|Analytical or scientific software|NCSS,3,Technologies,5,Analytical or scientific software,145,NCSS
30060146,Technologies|Analytical or scientific software|Numerical analysis software,3,Technologies,5,Analytical or scientific software,146,Numerical analysis software
30060147,Technologies|Analytical or scientific software|Nutrition analysis software,3,Technologies,5,Analytical or scientific software,147,Nutrition analysis software
30060148,Technologies|Analytical or scientific software|OMICRON Test Universe,3,Technologies,5,Analytical or scientific software,148,OMICRON Test Universe
30060149,Technologies|Analytical or scientific software|Optimization software,3,Technologies,5,Analytical or scientific software,149,Optimization software
30060150,Technologies|Analytical or scientific software|Oracle Remote Data Capture,3,Technologies,5,Analytical or scientific software,150,Oracle Remote Data Capture
30060151,Technologies|Analytical or scientific software|PE INTERNATIONAL GaBi software,3,Technologies,5,Analytical or scientific software,151,PE INTERNATIONAL GaBi software
30060152,Technologies|Analytical or scientific software|PHYLIP,3,Technologies,5,Analytical or scientific software,152,PHYLIP
30060153,Technologies|Analytical or scientific software|PTC Mathcad,3,Technologies,5,Analytical or scientific software,153,PTC Mathcad
30060154,Technologies|Analytical or scientific software|PVsyst,3,Technologies,5,Analytical or scientific software,154,PVsyst
30060155,Technologies|Analytical or scientific software|Parbat,3,Technologies,5,Analytical or scientific software,155,Parbat
30060156,Technologies|Analytical or scientific software|Power analysis software,3,Technologies,5,Analytical or scientific software,156,Power analysis software
30060157,Technologies|Analytical or scientific software|Power and Precision,3,Technologies,5,Analytical or scientific software,157,Power and Precision
30060158,Technologies|Analytical or scientific software|Power system modeling software,3,Technologies,5,Analytical or scientific software,158,Power system modeling software
30060159,Technologies|Analytical or scientific software|Preventive maintenance software,3,Technologies,5,Analytical or scientific software,159,Preventive maintenance software
30060160,Technologies|Analytical or scientific software|ProModel,3,Technologies,5,Analytical or scientific software,160,ProModel
30060161,Technologies|Analytical or scientific software|Probabilistic risk assessment PRA software,3,Technologies,5,Analytical or scientific software,161,Probabilistic risk assessment PRA software
30060162,Technologies|Analytical or scientific software|Process simulation software,3,Technologies,5,Analytical or scientific software,162,Process simulation software
30060163,Technologies|Analytical or scientific software|Proportional integral derivative control PID software,3,Technologies,5,Analytical or scientific software,163,Proportional integral derivative control PID software
30060164,Technologies|Analytical or scientific software|Proscan,3,Technologies,5,Analytical or scientific software,164,Proscan
30060165,Technologies|Analytical or scientific software|Public genomic databases,3,Technologies,5,Analytical or scientific software,165,Public genomic databases
30060166,Technologies|Analytical or scientific software|Qualitative analysis software,3,Technologies,5,Analytical or scientific software,166,Qualitative analysis software
30060167,Technologies|Analytical or scientific software|Quantitative analysis software,3,Technologies,5,Analytical or scientific software,167,Quantitative analysis software
30060168,Technologies|Analytical or scientific software|Question interchange profile QUIP software,3,Technologies,5,Analytical or scientific software,168,Question interchange profile QUIP software
30060169,Technologies|Analytical or scientific software|QuestionPro,3,Technologies,5,Analytical or scientific software,169,QuestionPro
30060170,Technologies|Analytical or scientific software|RETScreen,3,Technologies,5,Analytical or scientific software,170,RETScreen
30060171,Technologies|Analytical or scientific software|RSI interactive data language IDL software,3,Technologies,5,Analytical or scientific software,171,RSI interactive data language IDL software
30060172,Technologies|Analytical or scientific software|Radar software,3,Technologies,5,Analytical or scientific software,172,Radar software
30060173,Technologies|Analytical or scientific software|RapidMiner,3,Technologies,5,Analytical or scientific software,173,RapidMiner
30060174,Technologies|Analytical or scientific software|Reliability analysis software,3,Technologies,5,Analytical or scientific software,174,Reliability analysis software
30060175,Technologies|Analytical or scientific software|Reliability centered maintenance RCM software,3,Technologies,5,Analytical or scientific software,175,Reliability centered maintenance RCM software
30060176,Technologies|Analytical or scientific software|Remote sensing software,3,Technologies,5,Analytical or scientific software,176,Remote sensing software
30060177,Technologies|Analytical or scientific software|Risk analysis software,3,Technologies,5,Analytical or scientific software,177,Risk analysis software
30060178,Technologies|Analytical or scientific software|Risk management software,3,Technologies,5,Analytical or scientific software,178,Risk management software
30060179,Technologies|Analytical or scientific software|Rstudio,3,Technologies,5,Analytical or scientific software,179,Rstudio
30060180,Technologies|Analytical or scientific software|SAP APO,3,Technologies,5,Analytical or scientific software,180,SAP APO
30060181,Technologies|Analytical or scientific software|SAS,3,Technologies,5,Analytical or scientific software,181,SAS
30060182,Technologies|Analytical or scientific software|SAS JMP,3,Technologies,5,Analytical or scientific software,182,SAS JMP
30060183,Technologies|Analytical or scientific software|SHAZAM,3,Technologies,5,Analytical or scientific software,183,SHAZAM
30060184,Technologies|Analytical or scientific software|SIDRA INTERSECTION,3,Technologies,5,Analytical or scientific software,184,SIDRA INTERSECTION
30060185,Technologies|Analytical or scientific software|SPAW,3,Technologies,5,Analytical or scientific software,185,SPAW
30060186,Technologies|Analytical or scientific software|SPSS,3,Technologies,5,Analytical or scientific software,186,SPSS
30060187,Technologies|Analytical or scientific software|STARLIMS,3,Technologies,5,Analytical or scientific software,187,STARLIMS
30060188,Technologies|Analytical or scientific software|STATISTICA,3,Technologies,5,Analytical or scientific software,188,STATISTICA
30060189,Technologies|Analytical or scientific software|Safe Software FME,3,Technologies,5,Analytical or scientific software,189,Safe Software FME
30060190,Technologies|Analytical or scientific software|Sage,3,Technologies,5,Analytical or scientific software,190,Sage
30060191,Technologies|Analytical or scientific software|SciLab,3,Technologies,5,Analytical or scientific software,191,SciLab
30060192,Technologies|Analytical or scientific software|Scribe,3,Technologies,5,Analytical or scientific software,192,Scribe
30060193,Technologies|Analytical or scientific software|Shape software,3,Technologies,5,Analytical or scientific software,193,Shape software
30060194,Technologies|Analytical or scientific software|Siemens PLM,3,Technologies,5,Analytical or scientific software,194,Siemens PLM
30060195,Technologies|Analytical or scientific software|SigmaPlot,3,Technologies,5,Analytical or scientific software,195,SigmaPlot
30060196,Technologies|Analytical or scientific software|Signal analysis software,3,Technologies,5,Analytical or scientific software,196,Signal analysis software
30060197,Technologies|Analytical or scientific software|Simulation software,3,Technologies,5,Analytical or scientific software,197,Simulation software
30060198,Technologies|Analytical or scientific software|SoftICE,3,Technologies,5,Analytical or scientific software,198,SoftICE
30060199,Technologies|Analytical or scientific software|SoundPLAN,3,Technologies,5,Analytical or scientific software,199,SoundPLAN
30060200,Technologies|Analytical or scientific software|Stata,3,Technologies,5,Analytical or scientific software,200,Stata
30060201,Technologies|Analytical or scientific software|Statgraphics,3,Technologies,5,Analytical or scientific software,201,Statgraphics
30060202,Technologies|Analytical or scientific software|Statistical analysis software,3,Technologies,5,Analytical or scientific software,202,Statistical analysis software
30060203,Technologies|Analytical or scientific software|Statistical software,3,Technologies,5,Analytical or scientific software,203,Statistical software
30060204,Technologies|Analytical or scientific software|Statistics software,3,Technologies,5,Analytical or scientific software,204,Statistics software
30060205,Technologies|Analytical or scientific software|Stochastic modeling software,3,Technologies,5,Analytical or scientific software,205,Stochastic modeling software
30060206,Technologies|Analytical or scientific software|Stress analysis software,3,Technologies,5,Analytical or scientific software,206,Stress analysis software
30060207,Technologies|Analytical or scientific software|Surface modeling software,3,Technologies,5,Analytical or scientific software,207,Surface modeling software
30060208,Technologies|Analytical or scientific software|Surface water modeling system SMS software,3,Technologies,5,Analytical or scientific software,208,Surface water modeling system SMS software
30060209,Technologies|Analytical or scientific software|Survey software,3,Technologies,5,Analytical or scientific software,209,Survey software
30060210,Technologies|Analytical or scientific software|Sybase,3,Technologies,5,Analytical or scientific software,210,Sybase
30060211,Technologies|Analytical or scientific software|Synopsis Design Compiler,3,Technologies,5,Analytical or scientific software,211,Synopsis Design Compiler
30060212,Technologies|Analytical or scientific software|Systat,3,Technologies,5,Analytical or scientific software,212,Systat
30060213,Technologies|Analytical or scientific software|TapRooT,3,Technologies,5,Analytical or scientific software,213,TapRooT
30060214,Technologies|Analytical or scientific software|Test automation software,3,Technologies,5,Analytical or scientific software,214,Test automation software
30060215,Technologies|Analytical or scientific software|Testing software,3,Technologies,5,Analytical or scientific software,215,Testing software
30060216,Technologies|Analytical or scientific software|The MathWorks MATLAB,3,Technologies,5,Analytical or scientific software,216,The MathWorks MATLAB
30060217,Technologies|Analytical or scientific software|Thermal analysis software,3,Technologies,5,Analytical or scientific software,217,Thermal analysis software
30060218,Technologies|Analytical or scientific software|Time series modeling TSM software,3,Technologies,5,Analytical or scientific software,218,Time series modeling TSM software
30060219,Technologies|Analytical or scientific software|TopHat,3,Technologies,5,Analytical or scientific software,219,TopHat
30060220,Technologies|Analytical or scientific software|Trane TRACE,3,Technologies,5,Analytical or scientific software,220,Trane TRACE
30060221,Technologies|Analytical or scientific software|Transportation planning software,3,Technologies,5,Analytical or scientific software,221,Transportation planning software
30060222,Technologies|Analytical or scientific software|TreeView,3,Technologies,5,Analytical or scientific software,222,TreeView
30060223,Technologies|Analytical or scientific software|Trimble Geomatics Office,3,Technologies,5,Analytical or scientific software,223,Trimble Geomatics Office
30060224,Technologies|Analytical or scientific software|Troubleshooting software,3,Technologies,5,Analytical or scientific software,224,Troubleshooting software
30060225,Technologies|Analytical or scientific software|Value Analysis,3,Technologies,5,Analytical or scientific software,225,Value Analysis
30060226,Technologies|Analytical or scientific software|Vector CANalyzer,3,Technologies,5,Analytical or scientific software,226,Vector CANalyzer
30060227,Technologies|Analytical or scientific software|Velvet,3,Technologies,5,Analytical or scientific software,227,Velvet
30060228,Technologies|Analytical or scientific software|Ventsim,3,Technologies,5,Analytical or scientific software,228,Ventsim
30060229,Technologies|Analytical or scientific software|Verification software,3,Technologies,5,Analytical or scientific software,229,Verification software
30060230,Technologies|Analytical or scientific software|Vibration analysis software,3,Technologies,5,Analytical or scientific software,230,Vibration analysis software
30060231,Technologies|Analytical or scientific software|Video analysis software,3,Technologies,5,Analytical or scientific software,231,Video analysis software
30060232,Technologies|Analytical or scientific software|Visual OTTHYMO,3,Technologies,5,Analytical or scientific software,232,Visual OTTHYMO
30060233,Technologies|Analytical or scientific software|Waste management software,3,Technologies,5,Analytical or scientific software,233,Waste management software
30060234,Technologies|Analytical or scientific software|Waters MassLynx,3,Technologies,5,Analytical or scientific software,234,Waters MassLynx
30060235,Technologies|Analytical or scientific software|Watershed modeling system WMS software,3,Technologies,5,Analytical or scientific software,235,Watershed modeling system WMS software
30060236,Technologies|Analytical or scientific software|WebTrends Analytics,3,Technologies,5,Analytical or scientific software,236,WebTrends Analytics
30060237,Technologies|Analytical or scientific software|WinBUGS,3,Technologies,5,Analytical or scientific software,237,WinBUGS
30060238,Technologies|Analytical or scientific software|WinCross,3,Technologies,5,Analytical or scientific software,238,WinCross
30060239,Technologies|Analytical or scientific software|Zocalo,3,Technologies,5,Analytical or scientific software,239,Zocalo
30060240,Technologies|Analytical or scientific software|dbSNP,3,Technologies,5,Analytical or scientific software,240,dbSNP
30060241,Technologies|Analytical or scientific software|iGrafx,3,Technologies,5,Analytical or scientific software,241,iGrafx
30070001,Technologies|Application server software|Application server software,3,Technologies,6,Application server software,1,Application server software
30070002,Technologies|Application server software|Citrix XenApp,3,Technologies,6,Application server software,2,Citrix XenApp
30070003,Technologies|Application server software|CloudWorks,3,Technologies,6,Application server software,3,CloudWorks
30070004,Technologies|Application server software|Docker,3,Technologies,6,Application server software,4,Docker
30070005,Technologies|Application server software|ESRI ArcSDE,3,Technologies,6,Application server software,5,ESRI ArcSDE
30070006,Technologies|Application server software|GitHub,3,Technologies,6,Application server software,6,GitHub
30070007,Technologies|Application server software|Gitlab,3,Technologies,6,Application server software,7,Gitlab
30070008,Technologies|Application server software|Google Compute Engine (GCE),3,Technologies,6,Application server software,8,Google Compute Engine (GCE)
30070009,Technologies|Application server software|Microsoft Virtual Server,3,Technologies,6,Application server software,9,Microsoft Virtual Server
30070010,Technologies|Application server software|Microsoft Windows Server,3,Technologies,6,Application server software,10,Microsoft Windows Server
30070011,Technologies|Application server software|Oracle Application Server,3,Technologies,6,Application server software,11,Oracle Application Server
30070012,Technologies|Application server software|Oracle Solaris Zones,3,Technologies,6,Application server software,12,Oracle Solaris Zones
30070013,Technologies|Application server software|Oracle WebLogic,3,Technologies,6,Application server software,13,Oracle WebLogic
30070014,Technologies|Application server software|Oracle WebLogic Server,3,Technologies,6,Application server software,14,Oracle WebLogic Server
30070015,Technologies|Application server software|Spring Boot,3,Technologies,6,Application server software,15,Spring Boot
30070016,Technologies|Application server software|VMWare ESX Server,3,Technologies,6,Application server software,16,VMWare ESX Server
30080001,Technologies|Artificial Intelligence|AI model training,3,Technologies,7,Artificial Intelligence,1,AI model training
30080002,Technologies|Artificial Intelligence|AI optimization,3,Technologies,7,Artificial Intelligence,2,AI optimization
30080003,Technologies|Artificial Intelligence|Amazon Machine Learning,3,Technologies,7,Artificial Intelligence,3,Amazon Machine Learning
30080004,Technologies|Artificial Intelligence|Artificial Intelligence (AI),3,Technologies,7,Artificial Intelligence,4,Artificial Intelligence (AI)
30080005,Technologies|Artificial Intelligence|Azure OpenAI,3,Technologies,7,Artificial Intelligence,5,Azure OpenAI
30080006,Technologies|Artificial Intelligence|Azure ml studio,3,Technologies,7,Artificial Intelligence,6,Azure ml studio
30080007,Technologies|Artificial Intelligence|BERT,3,Technologies,7,Artificial Intelligence,7,BERT
30080008,Technologies|Artificial Intelligence|ChatGPT,3,Technologies,7,Artificial Intelligence,8,ChatGPT
30080009,Technologies|Artificial Intelligence|Deep learning,3,Technologies,7,Artificial Intelligence,9,Deep learning
30080010,Technologies|Artificial Intelligence|Deep neural networks,3,Technologies,7,Artificial Intelligence,10,Deep neural networks
30080011,Technologies|Artificial Intelligence|Explainable AI,3,Technologies,7,Artificial Intelligence,11,Explainable AI
30080012,Technologies|Artificial Intelligence|Generative AI,3,Technologies,7,Artificial Intelligence,12,Generative AI
30080013,Technologies|Artificial Intelligence|Generative Adversarial Networks (GANs),3,Technologies,7,Artificial Intelligence,13,Generative Adversarial Networks (GANs)
30080014,Technologies|Artificial Intelligence|Google AI,3,Technologies,7,Artificial Intelligence,14,Google AI
30080015,Technologies|Artificial Intelligence|Google Gemini,3,Technologies,7,Artificial Intelligence,15,Google Gemini
30080016,Technologies|Artificial Intelligence|Image generation,3,Technologies,7,Artificial Intelligence,16,Image generation
30080017,Technologies|Artificial Intelligence|LLMs (Large language models),3,Technologies,7,Artificial Intelligence,17,LLMs (Large language models)
30080018,Technologies|Artificial Intelligence|Llama,3,Technologies,7,Artificial Intelligence,18,Llama
30080019,Technologies|Artificial Intelligence|Looker,3,Technologies,7,Artificial Intelligence,19,Looker
30080020,Technologies|Artificial Intelligence|MLflow,3,Technologies,7,Artificial Intelligence,20,MLflow
30080021,Technologies|Artificial Intelligence|Machine Learning,3,Technologies,7,Artificial Intelligence,21,Machine Learning
30080022,Technologies|Artificial Intelligence|Multimodal AI,3,Technologies,7,Artificial Intelligence,22,Multimodal AI
30080023,Technologies|Artificial Intelligence|Natural Language Processing (NLP) / Computational Linguistics,3,Technologies,7,Artificial Intelligence,23,Natural Language Processing (NLP) / Computational Linguistics
30080024,Technologies|Artificial Intelligence|Neural Networks,3,Technologies,7,Artificial Intelligence,24,Neural Networks
30080025,Technologies|Artificial Intelligence|OpenAI,3,Technologies,7,Artificial Intelligence,25,OpenAI
30080026,Technologies|Artificial Intelligence|Prompt Engineering,3,Technologies,7,Artificial Intelligence,26,Prompt Engineering
30080027,Technologies|Artificial Intelligence|Reinforcement learning,3,Technologies,7,Artificial Intelligence,27,Reinforcement learning
30080028,Technologies|Artificial Intelligence|Sagemaker,3,Technologies,7,Artificial Intelligence,28,Sagemaker
30080029,Technologies|Artificial Intelligence|Sentiment analysis,3,Technologies,7,Artificial Intelligence,29,Sentiment analysis
30080030,Technologies|Artificial Intelligence|Supervised learning,3,Technologies,7,Artificial Intelligence,30,Supervised learning
30080031,Technologies|Artificial Intelligence|Voice recognition,3,Technologies,7,Artificial Intelligence,31,Voice recognition
30090001,Technologies|Authentication server software|Diameter,3,Technologies,8,Authentication server software,1,Diameter
30090002,Technologies|Authentication server software|Remote authentication dial-in user service RADIUS software,3,Technologies,8,Authentication server software,2,Remote authentication dial-in user service RADIUS software
30100001,Technologies|Aviation ground support software|Sabre,3,Technologies,9,Aviation ground support software,1,Sabre
30110001,Technologies|Backup or archival software|Backup servers,3,Technologies,10,Backup or archival software,1,Backup servers
30110002,Technologies|Backup or archival software|Disaster recovery software,3,Technologies,10,Backup or archival software,2,Disaster recovery software
30110003,Technologies|Backup or archival software|EMC NetWorker,3,Technologies,10,Backup or archival software,3,EMC NetWorker
30110004,Technologies|Backup or archival software|Enterprise backup systems,3,Technologies,10,Backup or archival software,4,Enterprise backup systems
30110005,Technologies|Backup or archival software|HP DataProtector,3,Technologies,10,Backup or archival software,5,HP DataProtector
30110006,Technologies|Backup or archival software|IBM ADSTAR,3,Technologies,10,Backup or archival software,6,IBM ADSTAR
30110007,Technologies|Backup or archival software|Oracle Data Guard,3,Technologies,10,Backup or archival software,7,Oracle Data Guard
30110008,Technologies|Backup or archival software|Oracle Recovery Manager,3,Technologies,10,Backup or archival software,8,Oracle Recovery Manager
30110009,Technologies|Backup or archival software|Storage management software,3,Technologies,10,Backup or archival software,9,Storage management software
30110010,Technologies|Backup or archival software|Veritas NetBackup,3,Technologies,10,Backup or archival software,10,Veritas NetBackup
30120001,Technologies|Bar coding software|Barcode software,3,Technologies,11,Bar coding software,1,Barcode software
30130001,Technologies|Big Data|Apache MapReduce,3,Technologies,12,Big Data,1,Apache MapReduce
30130002,Technologies|Big Data|Big Data,3,Technologies,12,Big Data,2,Big Data
30130003,Technologies|Big Data|Cloudera,3,Technologies,12,Big Data,3,Cloudera
30130004,Technologies|Big Data|Hortonworks,3,Technologies,12,Big Data,4,Hortonworks
30140001,Technologies|Business intelligence and data analysis software|Actuate BIRT,3,Technologies,13,Business intelligence and data analysis software,1,Actuate BIRT
30140002,Technologies|Business intelligence and data analysis software|Atlas Search,3,Technologies,13,Business intelligence and data analysis software,2,Atlas Search
30140003,Technologies|Business intelligence and data analysis software|BrightEdge,3,Technologies,13,Business intelligence and data analysis software,3,BrightEdge
30140004,Technologies|Business intelligence and data analysis software|Business intelligence software,3,Technologies,13,Business intelligence and data analysis software,4,Business intelligence software
30140005,Technologies|Business intelligence and data analysis software|Conductor Searchlight,3,Technologies,13,Business intelligence and data analysis software,5,Conductor Searchlight
30140006,Technologies|Business intelligence and data analysis software|Google BigQuery,3,Technologies,13,Business intelligence and data analysis software,6,Google BigQuery
30140007,Technologies|Business intelligence and data analysis software|Google DoubleClick,3,Technologies,13,Business intelligence and data analysis software,7,Google DoubleClick
30140008,Technologies|Business intelligence and data analysis software|IBM Cognos Business Intelligence,3,Technologies,13,Business intelligence and data analysis software,8,IBM Cognos Business Intelligence
30140009,Technologies|Business intelligence and data analysis software|IBM Cognos Impromptu,3,Technologies,13,Business intelligence and data analysis software,9,IBM Cognos Impromptu
30140010,Technologies|Business intelligence and data analysis software|IBM Digital Analytics,3,Technologies,13,Business intelligence and data analysis software,10,IBM Digital Analytics
30140011,Technologies|Business intelligence and data analysis software|MicroStrategy,3,Technologies,13,Business intelligence and data analysis software,11,MicroStrategy
30140012,Technologies|Business intelligence and data analysis software|Microsoft Power BI,3,Technologies,13,Business intelligence and data analysis software,12,Microsoft Power BI
30140013,Technologies|Business intelligence and data analysis software|Oracle Business Intelligence Enterprise Edition,3,Technologies,13,Business intelligence and data analysis software,13,Oracle Business Intelligence Enterprise Edition
30140014,Technologies|Business intelligence and data analysis software|Qlik software,3,Technologies,13,Business intelligence and data analysis software,14,Qlik software
30140015,Technologies|Business intelligence and data analysis software|Search engine optimization SEO software,3,Technologies,13,Business intelligence and data analysis software,15,Search engine optimization SEO software
30140016,Technologies|Business intelligence and data analysis software|TIBCO Spotfire,3,Technologies,13,Business intelligence and data analysis software,16,TIBCO Spotfire
30140017,Technologies|Business intelligence and data analysis software|Tableau,3,Technologies,13,Business intelligence and data analysis software,17,Tableau
30150001,Technologies|Calendar and scheduling software|Apollo Reservation System,3,Technologies,14,Calendar and scheduling software,1,Apollo Reservation System
30150002,Technologies|Calendar and scheduling software|Appointment scheduling software,3,Technologies,14,Calendar and scheduling software,2,Appointment scheduling software
30150003,Technologies|Calendar and scheduling software|Calendar and scheduling software,3,Technologies,14,Calendar and scheduling software,3,Calendar and scheduling software
30150004,Technologies|Calendar and scheduling software|Calendar management software,3,Technologies,14,Calendar and scheduling software,4,Calendar management software
30150005,Technologies|Calendar and scheduling software|Calendar software,3,Technologies,14,Calendar and scheduling software,5,Calendar software
30150006,Technologies|Calendar and scheduling software|Computer integrated manufacturing CIM software,3,Technologies,14,Calendar and scheduling software,6,Computer integrated manufacturing CIM software
30150007,Technologies|Calendar and scheduling software|Contact management software,3,Technologies,14,Calendar and scheduling software,7,Contact management software
30150008,Technologies|Calendar and scheduling software|Employee scheduling software,3,Technologies,14,Calendar and scheduling software,8,Employee scheduling software
30150009,Technologies|Calendar and scheduling software|Google Calendar,3,Technologies,14,Calendar and scheduling software,9,Google Calendar
30150010,Technologies|Calendar and scheduling software|Job scheduling software,3,Technologies,14,Calendar and scheduling software,10,Job scheduling software
30150011,Technologies|Calendar and scheduling software|Maintenance scheduling software,3,Technologies,14,Calendar and scheduling software,11,Maintenance scheduling software
30150012,Technologies|Calendar and scheduling software|Microsoft Entourage,3,Technologies,14,Calendar and scheduling software,12,Microsoft Entourage
30150013,Technologies|Calendar and scheduling software|Multitask software,3,Technologies,14,Calendar and scheduling software,13,Multitask software
30150014,Technologies|Calendar and scheduling software|Music scheduling software,3,Technologies,14,Calendar and scheduling software,14,Music scheduling software
30150015,Technologies|Calendar and scheduling software|Rezdy,3,Technologies,14,Calendar and scheduling software,15,Rezdy
30150016,Technologies|Calendar and scheduling software|Rezgo,3,Technologies,14,Calendar and scheduling software,16,Rezgo
30150017,Technologies|Calendar and scheduling software|Scheduling software,3,Technologies,14,Calendar and scheduling software,17,Scheduling software
30150018,Technologies|Calendar and scheduling software|Staff scheduling software,3,Technologies,14,Calendar and scheduling software,18,Staff scheduling software
30150019,Technologies|Calendar and scheduling software|Work scheduling software,3,Technologies,14,Calendar and scheduling software,19,Work scheduling software
30160001,Technologies|Categorization or classification software|3M Encoder,3,Technologies,15,Categorization or classification software,1,3M Encoder
30170001,Technologies|Charting software|Charting software,3,Technologies,16,Charting software,1,Charting software
30170002,Technologies|Charting software|Flowcharting software,3,Technologies,16,Charting software,2,Flowcharting software
30170003,Technologies|Charting software|Graphing software,3,Technologies,16,Charting software,3,Graphing software
30170004,Technologies|Charting software|Lucidchart,3,Technologies,16,Charting software,4,Lucidchart
30170005,Technologies|Charting software|Timeline software,3,Technologies,16,Charting software,5,Timeline software
30180001,Technologies|Cloud Computing|Acumatica,3,Technologies,17,Cloud Computing,1,Acumatica
30180002,Technologies|Cloud Computing|Amazon S3,3,Technologies,17,Cloud Computing,2,Amazon S3
30180003,Technologies|Cloud Computing|Amazon Web Services (AWS),3,Technologies,17,Cloud Computing,3,Amazon Web Services (AWS)
30180004,Technologies|Cloud Computing|Cloud Computing,3,Technologies,17,Cloud Computing,4,Cloud Computing
30180005,Technologies|Cloud Computing|Google Cloud Platform (GCP),3,Technologies,17,Cloud Computing,5,Google Cloud Platform (GCP)
30180006,Technologies|Cloud Computing|Microsoft Azure,3,Technologies,17,Cloud Computing,6,Microsoft Azure
30180007,Technologies|Cloud Computing|Qualys,3,Technologies,17,Cloud Computing,7,Qualys
30190001,Technologies|Clustering software|Clustering software,3,Technologies,18,Clustering software,1,Clustering software
30190002,Technologies|Clustering software|Oracle Real Application Cluster RAC,3,Technologies,18,Clustering software,2,Oracle Real Application Cluster RAC
30200001,Technologies|Communications server software|Email management software,3,Technologies,19,Communications server software,1,Email management software
30200002,Technologies|Communications server software|IBM Domino,3,Technologies,19,Communications server software,2,IBM Domino
30200003,"Technologies|Communications server software|MIMO (multiple input, multiple output)",3,Technologies,19,Communications server software,3,"MIMO (multiple input, multiple output)"
30200004,Technologies|Communications server software|ShoreTel,3,Technologies,19,Communications server software,4,ShoreTel
30210001,Technologies|Compiler and decompiler software|Compilers,3,Technologies,20,Compiler and decompiler software,1,Compilers
30210002,Technologies|Compiler and decompiler software|Decompilers,3,Technologies,20,Compiler and decompiler software,2,Decompilers
30210003,Technologies|Compiler and decompiler software|Just-in-time compiler,3,Technologies,20,Compiler and decompiler software,3,Just-in-time compiler
30210004,Technologies|Compiler and decompiler software|Time sharing option TSO software,3,Technologies,20,Compiler and decompiler software,4,Time sharing option TSO software
30220001,Technologies|Compliance software|BPS Compliance,3,Technologies,21,Compliance software,1,BPS Compliance
30220002,Technologies|Compliance software|Compliance software,3,Technologies,21,Compliance software,2,Compliance software
30220003,Technologies|Compliance software|Equal employment opportunity EEO compliance software,3,Technologies,21,Compliance software,3,Equal employment opportunity EEO compliance software
30220004,Technologies|Compliance software|EtQ Reliance,3,Technologies,21,Compliance software,4,EtQ Reliance
30220005,Technologies|Compliance software|Gensuite,3,Technologies,21,Compliance software,5,Gensuite
30220006,"Technologies|Compliance software|Governance, risk, and compliance GRC software",3,Technologies,21,Compliance software,6,"Governance, risk, and compliance GRC software"
30220007,Technologies|Compliance software|Hazardous materials management HMS software,3,Technologies,21,Compliance software,7,Hazardous materials management HMS software
30220008,Technologies|Compliance software|Inspection management system,3,Technologies,21,Compliance software,8,Inspection management system
30220009,Technologies|Compliance software|MasterControl software,3,Technologies,21,Compliance software,9,MasterControl software
30220010,Technologies|Compliance software|Material safety data sheet MSDS software,3,Technologies,21,Compliance software,10,Material safety data sheet MSDS software
30220011,Technologies|Compliance software|SAP EHS Management,3,Technologies,21,Compliance software,11,SAP EHS Management
30220012,Technologies|Compliance software|SOX COBIT,3,Technologies,21,Compliance software,12,SOX COBIT
30220013,Technologies|Compliance software|Shipping Solutions,3,Technologies,21,Compliance software,13,Shipping Solutions
30230001,Technologies|Computer Games|Video game consoles,3,Technologies,22,Computer Games,1,Video game consoles
30240001,Technologies|Computer Hardware|ASIC (Application-specific integrated circuit),3,Technologies,23,Computer Hardware,1,ASIC (Application-specific integrated circuit)
30250001,Technologies|Computer aided design CAD and computer aided manufacturing CAM system|Edgecam,3,Technologies,24,Computer aided design CAD and computer aided manufacturing CAM system,1,Edgecam
30260001,Technologies|Computer aided design CAD software|3D Design,3,Technologies,25,Computer aided design CAD software,1,3D Design
30260002,Technologies|Computer aided design CAD software|3D Printing,3,Technologies,25,Computer aided design CAD software,2,3D Printing
30260003,Technologies|Computer aided design CAD software|3D Scanning,3,Technologies,25,Computer aided design CAD software,3,3D Scanning
30260004,Technologies|Computer aided design CAD software|3D modelling,3,Technologies,25,Computer aided design CAD software,4,3D modelling
30260005,Technologies|Computer aided design CAD software|Altium Designer,3,Technologies,25,Computer aided design CAD software,5,Altium Designer
30260006,Technologies|Computer aided design CAD software|Autodesk 3d Studio Viz,3,Technologies,25,Computer aided design CAD software,6,Autodesk 3d Studio Viz
30260007,Technologies|Computer aided design CAD software|Autodesk Architectural Desktop,3,Technologies,25,Computer aided design CAD software,7,Autodesk Architectural Desktop
30260008,Technologies|Computer aided design CAD software|Autodesk Architectural Studio,3,Technologies,25,Computer aided design CAD software,8,Autodesk Architectural Studio
30260009,Technologies|Computer aided design CAD software|Autodesk AutoCAD,3,Technologies,25,Computer aided design CAD software,9,Autodesk AutoCAD
30260010,Technologies|Computer aided design CAD software|Autodesk AutoCAD Civil 3D,3,Technologies,25,Computer aided design CAD software,10,Autodesk AutoCAD Civil 3D
30260011,Technologies|Computer aided design CAD software|Autodesk AutoCAD LT,3,Technologies,25,Computer aided design CAD software,11,Autodesk AutoCAD LT
30260012,Technologies|Computer aided design CAD software|Autodesk AutoCAD Land Desktop,3,Technologies,25,Computer aided design CAD software,12,Autodesk AutoCAD Land Desktop
30260013,Technologies|Computer aided design CAD software|Autodesk AutoCAD MAP3D,3,Technologies,25,Computer aided design CAD software,13,Autodesk AutoCAD MAP3D
30260014,Technologies|Computer aided design CAD software|Autodesk AutoCAD Mechanical,3,Technologies,25,Computer aided design CAD software,14,Autodesk AutoCAD Mechanical
30260015,Technologies|Computer aided design CAD software|Autodesk Inventor,3,Technologies,25,Computer aided design CAD software,15,Autodesk Inventor
30260016,Technologies|Computer aided design CAD software|Autodesk Land Desktop,3,Technologies,25,Computer aided design CAD software,16,Autodesk Land Desktop
30260017,Technologies|Computer aided design CAD software|Autodesk Revit,3,Technologies,25,Computer aided design CAD software,17,Autodesk Revit
30260018,Technologies|Computer aided design CAD software|Autodesk Revit Architecture,3,Technologies,25,Computer aided design CAD software,18,Autodesk Revit Architecture
30260019,Technologies|Computer aided design CAD software|Autodesk Softdesk,3,Technologies,25,Computer aided design CAD software,19,Autodesk Softdesk
30260020,Technologies|Computer aided design CAD software|Autodesk VIZ,3,Technologies,25,Computer aided design CAD software,20,Autodesk VIZ
30260021,Technologies|Computer aided design CAD software|Bentley AutoPLANT,3,Technologies,25,Computer aided design CAD software,21,Bentley AutoPLANT
30260022,Technologies|Computer aided design CAD software|Bentley InRoads Suite,3,Technologies,25,Computer aided design CAD software,22,Bentley InRoads Suite
30260023,Technologies|Computer aided design CAD software|Bentley MicroStation,3,Technologies,25,Computer aided design CAD software,23,Bentley MicroStation
30260024,Technologies|Computer aided design CAD software|Bentley Navigator,3,Technologies,25,Computer aided design CAD software,24,Bentley Navigator
30260025,Technologies|Computer aided design CAD software|Bentley OpenRoads Designer,3,Technologies,25,Computer aided design CAD software,25,Bentley OpenRoads Designer
30260026,Technologies|Computer aided design CAD software|Bentley WaterCAD,3,Technologies,25,Computer aided design CAD software,26,Bentley WaterCAD
30260027,Technologies|Computer aided design CAD software|Bioreactor Design,3,Technologies,25,Computer aided design CAD software,27,Bioreactor Design
30260028,Technologies|Computer aided design CAD software|Bluebeam,3,Technologies,25,Computer aided design CAD software,28,Bluebeam
30260029,Technologies|Computer aided design CAD software|Bridge design software,3,Technologies,25,Computer aided design CAD software,29,Bridge design software
30260030,Technologies|Computer aided design CAD software|CADNX,3,Technologies,25,Computer aided design CAD software,30,CADNX
30260031,Technologies|Computer aided design CAD software|CATIA,3,Technologies,25,Computer aided design CAD software,31,CATIA
30260032,Technologies|Computer aided design CAD software|CATIA V5,3,Technologies,25,Computer aided design CAD software,32,CATIA V5
30260033,Technologies|Computer aided design CAD software|CST Microwave Studio,3,Technologies,25,Computer aided design CAD software,33,CST Microwave Studio
30260034,Technologies|Computer aided design CAD software|Cadence Allegro PCB Designer,3,Technologies,25,Computer aided design CAD software,34,Cadence Allegro PCB Designer
30260035,Technologies|Computer aided design CAD software|Cadence Concept,3,Technologies,25,Computer aided design CAD software,35,Cadence Concept
30260036,Technologies|Computer aided design CAD software|Cadence OrCAD,3,Technologies,25,Computer aided design CAD software,36,Cadence OrCAD
30260037,Technologies|Computer aided design CAD software|Carlson Civil,3,Technologies,25,Computer aided design CAD software,37,Carlson Civil
30260038,Technologies|Computer aided design CAD software|Chip design software,3,Technologies,25,Computer aided design CAD software,38,Chip design software
30260039,Technologies|Computer aided design CAD software|CommunityViz,3,Technologies,25,Computer aided design CAD software,39,CommunityViz
30260040,Technologies|Computer aided design CAD software|Computer aided design CAD software,3,Technologies,25,Computer aided design CAD software,40,Computer aided design CAD software
30260041,Technologies|Computer aided design CAD software|Computer aided design and drafting CADD software,3,Technologies,25,Computer aided design CAD software,41,Computer aided design and drafting CADD software
30260042,Technologies|Computer aided design CAD software|Computer assisted design software,3,Technologies,25,Computer aided design CAD software,42,Computer assisted design software
30260043,Technologies|Computer aided design CAD software|Computer assisted software engineering CASE software,3,Technologies,25,Computer aided design CAD software,43,Computer assisted software engineering CASE software
30260044,Technologies|Computer aided design CAD software|Creo Parametric,3,Technologies,25,Computer aided design CAD software,44,Creo Parametric
30260045,Technologies|Computer aided design CAD software|Drawing and drafting software,3,Technologies,25,Computer aided design CAD software,45,Drawing and drafting software
30260046,Technologies|Computer aided design CAD software|ETABS,3,Technologies,25,Computer aided design CAD software,46,ETABS
30260047,Technologies|Computer aided design CAD software|Electronic design automation EDA software,3,Technologies,25,Computer aided design CAD software,47,Electronic design automation EDA software
30260048,Technologies|Computer aided design CAD software|FPGA (Field programmable gate array),3,Technologies,25,Computer aided design CAD software,48,FPGA (Field programmable gate array)
30260049,Technologies|Computer aided design CAD software|Facilities planning software,3,Technologies,25,Computer aided design CAD software,49,Facilities planning software
30260050,Technologies|Computer aided design CAD software|Floor planning software,3,Technologies,25,Computer aided design CAD software,50,Floor planning software
30260051,Technologies|Computer aided design CAD software|GibbsCAM,3,Technologies,25,Computer aided design CAD software,51,GibbsCAM
30260052,Technologies|Computer aided design CAD software|Google SketchUp,3,Technologies,25,Computer aided design CAD software,52,Google SketchUp
30260053,Technologies|Computer aided design CAD software|Google SketchUp Pro,3,Technologies,25,Computer aided design CAD software,53,Google SketchUp Pro
30260054,Technologies|Computer aided design CAD software|IntelliCAD,3,Technologies,25,Computer aided design CAD software,54,IntelliCAD
30260055,Technologies|Computer aided design CAD software|KCD,3,Technologies,25,Computer aided design CAD software,55,KCD
30260056,Technologies|Computer aided design CAD software|Kicad,3,Technologies,25,Computer aided design CAD software,56,Kicad
30260057,Technologies|Computer aided design CAD software|McNeel Rhinoceros,3,Technologies,25,Computer aided design CAD software,57,McNeel Rhinoceros
30260058,Technologies|Computer aided design CAD software|Mentor Graphics,3,Technologies,25,Computer aided design CAD software,58,Mentor Graphics
30260059,Technologies|Computer aided design CAD software|Mentor Graphics PADS,3,Technologies,25,Computer aided design CAD software,59,Mentor Graphics PADS
30260060,Technologies|Computer aided design CAD software|MineSight,3,Technologies,25,Computer aided design CAD software,60,MineSight
30260061,Technologies|Computer aided design CAD software|Network design software,3,Technologies,25,Computer aided design CAD software,61,Network design software
30260062,Technologies|Computer aided design CAD software|OnShape,3,Technologies,25,Computer aided design CAD software,62,OnShape
30260063,Technologies|Computer aided design CAD software|OrCAD Capture,3,Technologies,25,Computer aided design CAD software,63,OrCAD Capture
30260064,Technologies|Computer aided design CAD software|PARTHENON,3,Technologies,25,Computer aided design CAD software,64,PARTHENON
30260065,Technologies|Computer aided design CAD software|PTC Creo Parametric,3,Technologies,25,Computer aided design CAD software,65,PTC Creo Parametric
30260066,Technologies|Computer aided design CAD software|PUFF,3,Technologies,25,Computer aided design CAD software,66,PUFF
30260067,Technologies|Computer aided design CAD software|Pattern design software,3,Technologies,25,Computer aided design CAD software,67,Pattern design software
30260068,Technologies|Computer aided design CAD software|PatternMaker,3,Technologies,25,Computer aided design CAD software,68,PatternMaker
30260069,Technologies|Computer aided design CAD software|Piping and instrumentation design PID software,3,Technologies,25,Computer aided design CAD software,69,Piping and instrumentation design PID software
30260070,Technologies|Computer aided design CAD software|Promine,3,Technologies,25,Computer aided design CAD software,70,Promine
30260071,Technologies|Computer aided design CAD software|Road design software,3,Technologies,25,Computer aided design CAD software,71,Road design software
30260072,Technologies|Computer aided design CAD software|SEDCAD,3,Technologies,25,Computer aided design CAD software,72,SEDCAD
30260073,Technologies|Computer aided design CAD software|Schematic capture software,3,Technologies,25,Computer aided design CAD software,73,Schematic capture software
30260074,Technologies|Computer aided design CAD software|ShipConstructor,3,Technologies,25,Computer aided design CAD software,74,ShipConstructor
30260075,Technologies|Computer aided design CAD software|Siemens NX,3,Technologies,25,Computer aided design CAD software,75,Siemens NX
30260076,Technologies|Computer aided design CAD software|SmartDraw,3,Technologies,25,Computer aided design CAD software,76,SmartDraw
30260077,Technologies|Computer aided design CAD software|Solidworks,3,Technologies,25,Computer aided design CAD software,77,Solidworks
30260078,Technologies|Computer aided design CAD software|Thermal design software,3,Technologies,25,Computer aided design CAD software,78,Thermal design software
30260079,Technologies|Computer aided design CAD software|Three-dimensional 3D computer aided design CAD software,3,Technologies,25,Computer aided design CAD software,79,Three-dimensional 3D computer aided design CAD software
30260080,Technologies|Computer aided design CAD software|Trimble SketchUp,3,Technologies,25,Computer aided design CAD software,80,Trimble SketchUp
30260081,Technologies|Computer aided design CAD software|Two-dimensional 2D computer aided design CAD software,3,Technologies,25,Computer aided design CAD software,81,Two-dimensional 2D computer aided design CAD software
30260082,Technologies|Computer aided design CAD software|VRML (Virtual reality modeling language),3,Technologies,25,Computer aided design CAD software,82,VRML (Virtual reality modeling language)
30260083,Technologies|Computer aided design CAD software|VectorWorks ARCHITECT,3,Technologies,25,Computer aided design CAD software,83,VectorWorks ARCHITECT
30260084,Technologies|Computer aided design CAD software|Zemax,3,Technologies,25,Computer aided design CAD software,84,Zemax
30260085,Technologies|Computer aided design CAD software|Zuken,3,Technologies,25,Computer aided design CAD software,85,Zuken
30270001,Technologies|Computer aided manufacturing CAM software|Autodesk Fusion 360,3,Technologies,26,Computer aided manufacturing CAM software,1,Autodesk Fusion 360
30270002,Technologies|Computer aided manufacturing CAM software|Autodesk PartMaker,3,Technologies,26,Computer aided manufacturing CAM software,2,Autodesk PartMaker
30270003,Technologies|Computer aided manufacturing CAM software|Autodesk PowerMill,3,Technologies,26,Computer aided manufacturing CAM software,3,Autodesk PowerMill
30270004,Technologies|Computer aided manufacturing CAM software|CNC Mastercam,3,Technologies,26,Computer aided manufacturing CAM software,4,CNC Mastercam
30270005,Technologies|Computer aided manufacturing CAM software|CNC Software Mastercam,3,Technologies,26,Computer aided manufacturing CAM software,5,CNC Software Mastercam
30270006,Technologies|Computer aided manufacturing CAM software|Cimatron,3,Technologies,26,Computer aided manufacturing CAM software,6,Cimatron
30270007,Technologies|Computer aided manufacturing CAM software|Computer aided manufacturing CAM software,3,Technologies,26,Computer aided manufacturing CAM software,7,Computer aided manufacturing CAM software
30270008,Technologies|Computer aided manufacturing CAM software|Delcam,3,Technologies,26,Computer aided manufacturing CAM software,8,Delcam
30270009,Technologies|Computer aided manufacturing CAM software|Direct motion computer numerically controlled CNC software,3,Technologies,26,Computer aided manufacturing CAM software,9,Direct motion computer numerically controlled CNC software
30270010,Technologies|Computer aided manufacturing CAM software|FANUC CNC,3,Technologies,26,Computer aided manufacturing CAM software,10,FANUC CNC
30270011,Technologies|Computer aided manufacturing CAM software|FastCAM,3,Technologies,26,Computer aided manufacturing CAM software,11,FastCAM
30270012,Technologies|Computer aided manufacturing CAM software|G code,3,Technologies,26,Computer aided manufacturing CAM software,12,G code
30270013,Technologies|Computer aided manufacturing CAM software|HOMAG WoodWOP,3,Technologies,26,Computer aided manufacturing CAM software,13,HOMAG WoodWOP
30270014,Technologies|Computer aided manufacturing CAM software|JETCAM,3,Technologies,26,Computer aided manufacturing CAM software,14,JETCAM
30270015,Technologies|Computer aided manufacturing CAM software|M-code,3,Technologies,26,Computer aided manufacturing CAM software,15,M-code
30270016,Technologies|Computer aided manufacturing CAM software|Mastercam,3,Technologies,26,Computer aided manufacturing CAM software,16,Mastercam
30270017,Technologies|Computer aided manufacturing CAM software|RADAN Radbend,3,Technologies,26,Computer aided manufacturing CAM software,17,RADAN Radbend
30270018,Technologies|Computer aided manufacturing CAM software|Rapid prototyping software,3,Technologies,26,Computer aided manufacturing CAM software,18,Rapid prototyping software
30270019,Technologies|Computer aided manufacturing CAM software|Siemens NX CAM,3,Technologies,26,Computer aided manufacturing CAM software,19,Siemens NX CAM
30270020,Technologies|Computer aided manufacturing CAM software|SmartCAM,3,Technologies,26,Computer aided manufacturing CAM software,20,SmartCAM
30270021,Technologies|Computer aided manufacturing CAM software|SolidCAM,3,Technologies,26,Computer aided manufacturing CAM software,21,SolidCAM
30270022,Technologies|Computer aided manufacturing CAM software|Tebis,3,Technologies,26,Computer aided manufacturing CAM software,22,Tebis
30270023,Technologies|Computer aided manufacturing CAM software|Three-dimensional 3D solid modeling software,3,Technologies,26,Computer aided manufacturing CAM software,23,Three-dimensional 3D solid modeling software
30270024,Technologies|Computer aided manufacturing CAM software|Vero Software SMIRTsoftware,3,Technologies,26,Computer aided manufacturing CAM software,24,Vero Software SMIRTsoftware
30280001,Technologies|Computer based training software|Adobe Systems Adobe Captivate,3,Technologies,27,Computer based training software,1,Adobe Systems Adobe Captivate
30280002,Technologies|Computer based training software|Adobe Systems Adobe Presenter,3,Technologies,27,Computer based training software,2,Adobe Systems Adobe Presenter
30280003,Technologies|Computer based training software|Adobe Systems Adobe eLearning Suite,3,Technologies,27,Computer based training software,3,Adobe Systems Adobe eLearning Suite
30280004,Technologies|Computer based training software|Articulate Storyline,3,Technologies,27,Computer based training software,4,Articulate Storyline
30280005,Technologies|Computer based training software|Blackboard Collaborate,3,Technologies,27,Computer based training software,5,Blackboard Collaborate
30280006,Technologies|Computer based training software|Blackboard Learn,3,Technologies,27,Computer based training software,6,Blackboard Learn
30280007,Technologies|Computer based training software|Computerized testing software,3,Technologies,27,Computer based training software,7,Computerized testing software
30280008,Technologies|Computer based training software|Desire2Learn,3,Technologies,27,Computer based training software,8,Desire2Learn
30280009,Technologies|Computer based training software|Distance learning software,3,Technologies,27,Computer based training software,9,Distance learning software
30280010,Technologies|Computer based training software|Driving simulators,3,Technologies,27,Computer based training software,10,Driving simulators
30280011,Technologies|Computer based training software|Educational software,3,Technologies,27,Computer based training software,11,Educational software
30280012,Technologies|Computer based training software|Instructional software,3,Technologies,27,Computer based training software,12,Instructional software
30280013,Technologies|Computer based training software|Learning management system LMS,3,Technologies,27,Computer based training software,13,Learning management system LMS
30280014,Technologies|Computer based training software|Moodle,3,Technologies,27,Computer based training software,14,Moodle
30280015,Technologies|Computer based training software|Padlet,3,Technologies,27,Computer based training software,15,Padlet
30280016,Technologies|Computer based training software|Panopto,3,Technologies,27,Computer based training software,16,Panopto
30280017,Technologies|Computer based training software|Respondus,3,Technologies,27,Computer based training software,17,Respondus
30280018,Technologies|Computer based training software|Text to speech software,3,Technologies,27,Computer based training software,18,Text to speech software
30280019,Technologies|Computer based training software|Training software,3,Technologies,27,Computer based training software,19,Training software
30280020,Technologies|Computer based training software|Trivantis Lectora,3,Technologies,27,Computer based training software,20,Trivantis Lectora
30280021,Technologies|Computer based training software|VoiceThread,3,Technologies,27,Computer based training software,21,VoiceThread
30280022,Technologies|Computer based training software|WebCT,3,Technologies,27,Computer based training software,22,WebCT
30290001,Technologies|Configuration management software|Application management software,3,Technologies,28,Configuration management software,1,Application management software
30290002,Technologies|Configuration management software|Configuration Management Databases (CMDB),3,Technologies,28,Configuration management software,2,Configuration Management Databases (CMDB)
30290003,Technologies|Configuration management software|Configuration management software,3,Technologies,28,Configuration management software,3,Configuration management software
30290004,Technologies|Configuration management software|Deployment software,3,Technologies,28,Configuration management software,4,Deployment software
30290005,Technologies|Configuration management software|HyperSpace,3,Technologies,28,Configuration management software,5,HyperSpace
30290006,Technologies|Configuration management software|IBM Rational ClearCase,3,Technologies,28,Configuration management software,6,IBM Rational ClearCase
30290007,Technologies|Configuration management software|InstallShield,3,Technologies,28,Configuration management software,7,InstallShield
30290008,Technologies|Configuration management software|Microsoft Windows Sysprep,3,Technologies,28,Configuration management software,8,Microsoft Windows Sysprep
30290009,Technologies|Configuration management software|Nvidia Triton,3,Technologies,28,Configuration management software,9,Nvidia Triton
30290010,Technologies|Configuration management software|Patch management software,3,Technologies,28,Configuration management software,10,Patch management software
30290011,Technologies|Configuration management software|Revision control software,3,Technologies,28,Configuration management software,11,Revision control software
30290012,Technologies|Configuration management software|Terraform,3,Technologies,28,Configuration management software,12,Terraform
30290013,Technologies|Configuration management software|VMWare,3,Technologies,28,Configuration management software,13,VMWare
30300001,Technologies|Content workflow software|Atlassian JIRA,3,Technologies,29,Content workflow software,1,Atlassian JIRA
30300002,Technologies|Content workflow software|IBM FileNet Content Manager,3,Technologies,29,Content workflow software,2,IBM FileNet Content Manager
30300003,Technologies|Content workflow software|OpenText Livelink ECM,3,Technologies,29,Content workflow software,3,OpenText Livelink ECM
30300004,Technologies|Content workflow software|Sitecore CMS,3,Technologies,29,Content workflow software,4,Sitecore CMS
30300005,Technologies|Content workflow software|Twiki,3,Technologies,29,Content workflow software,5,Twiki
30300006,Technologies|Content workflow software|Workflow software,3,Technologies,29,Content workflow software,6,Workflow software
30310001,Technologies|Customer relationship management CRM software|AudienceView Ticketing,3,Technologies,30,Customer relationship management CRM software,1,AudienceView Ticketing
30310002,Technologies|Customer relationship management CRM software|Blackbaud CRM,3,Technologies,30,Customer relationship management CRM software,2,Blackbaud CRM
30310003,Technologies|Customer relationship management CRM software|Complaint management software,3,Technologies,30,Customer relationship management CRM software,3,Complaint management software
30310004,Technologies|Customer relationship management CRM software|Constant Contact,3,Technologies,30,Customer relationship management CRM software,4,Constant Contact
30310005,Technologies|Customer relationship management CRM software|Contact management systems,3,Technologies,30,Customer relationship management CRM software,5,Contact management systems
30310006,Technologies|Customer relationship management CRM software|Customer account management software,3,Technologies,30,Customer relationship management CRM software,6,Customer account management software
30310007,Technologies|Customer relationship management CRM software|Customer information databases,3,Technologies,30,Customer relationship management CRM software,7,Customer information databases
30310008,Technologies|Customer relationship management CRM software|Customer relationship management CRM software,3,Technologies,30,Customer relationship management CRM software,8,Customer relationship management CRM software
30310009,Technologies|Customer relationship management CRM software|Customer service and support software,3,Technologies,30,Customer relationship management CRM software,9,Customer service and support software
30310010,Technologies|Customer relationship management CRM software|Getting Things Done GTD software,3,Technologies,30,Customer relationship management CRM software,10,Getting Things Done GTD software
30310011,Technologies|Customer relationship management CRM software|Hubspot,3,Technologies,30,Customer relationship management CRM software,11,Hubspot
30310012,Technologies|Customer relationship management CRM software|MarketSharp,3,Technologies,30,Customer relationship management CRM software,12,MarketSharp
30310013,Technologies|Customer relationship management CRM software|Microsoft Dynamics CRM,3,Technologies,30,Customer relationship management CRM software,13,Microsoft Dynamics CRM
30310014,Technologies|Customer relationship management CRM software|Oracle Eloqua,3,Technologies,30,Customer relationship management CRM software,14,Oracle Eloqua
30310015,Technologies|Customer relationship management CRM software|Oracle Siebel CRM,3,Technologies,30,Customer relationship management CRM software,15,Oracle Siebel CRM
30310016,Technologies|Customer relationship management CRM software|Sage SalesLogix,3,Technologies,30,Customer relationship management CRM software,16,Sage SalesLogix
30310017,Technologies|Customer relationship management CRM software|Sales force automation software,3,Technologies,30,Customer relationship management CRM software,17,Sales force automation software
30310018,Technologies|Customer relationship management CRM software|Salesforce software,3,Technologies,30,Customer relationship management CRM software,18,Salesforce software
30310019,Technologies|Customer relationship management CRM software|Salesforce.com Salesforce CRM,3,Technologies,30,Customer relationship management CRM software,19,Salesforce.com Salesforce CRM
30310020,Technologies|Customer relationship management CRM software|Sugar CRM,3,Technologies,30,Customer relationship management CRM software,20,Sugar CRM
30310021,Technologies|Customer relationship management CRM software|Tailor Master,3,Technologies,30,Customer relationship management CRM software,21,Tailor Master
30310022,Technologies|Customer relationship management CRM software|Tigerpaw,3,Technologies,30,Customer relationship management CRM software,22,Tigerpaw
30320001,Technologies|Data base management system software|Amazon Data Pipeline,3,Technologies,31,Data base management system software,1,Amazon Data Pipeline
30320002,Technologies|Data base management system software|Amazon DynamoDB,3,Technologies,31,Data base management system software,2,Amazon DynamoDB
30320003,Technologies|Data base management system software|Amazon Kinesis,3,Technologies,31,Data base management system software,3,Amazon Kinesis
30320004,Technologies|Data base management system software|Apache Cassandra,3,Technologies,31,Data base management system software,4,Apache Cassandra
30320005,Technologies|Data base management system software|Apache Flume,3,Technologies,31,Data base management system software,5,Apache Flume
30320006,Technologies|Data base management system software|Apache Hadoop,3,Technologies,31,Data base management system software,6,Apache Hadoop
30320007,Technologies|Data base management system software|Apache Hbase,3,Technologies,31,Data base management system software,7,Apache Hbase
30320008,Technologies|Data base management system software|Apache Hive,3,Technologies,31,Data base management system software,8,Apache Hive
30320009,Technologies|Data base management system software|Apache Oozie,3,Technologies,31,Data base management system software,9,Apache Oozie
30320010,Technologies|Data base management system software|Apache Pig,3,Technologies,31,Data base management system software,10,Apache Pig
30320011,Technologies|Data base management system software|Apache Solr,3,Technologies,31,Data base management system software,11,Apache Solr
30320012,Technologies|Data base management system software|Apache Sqoop,3,Technologies,31,Data base management system software,12,Apache Sqoop
30320013,Technologies|Data base management system software|Couchbase Server,3,Technologies,31,Data base management system software,13,Couchbase Server
30320014,Technologies|Data base management system software|DDL (Data definition language),3,Technologies,31,Data base management system software,14,DDL (Data definition language)
30320015,Technologies|Data base management system software|DML (Data manipulation language),3,Technologies,31,Data base management system software,15,DML (Data manipulation language)
30320016,Technologies|Data base management system software|Data Replication,3,Technologies,31,Data base management system software,16,Data Replication
30320017,Technologies|Data base management system software|Data transformation services DTS software,3,Technologies,31,Data base management system software,17,Data transformation services DTS software
30320018,Technologies|Data base management system software|Database design software,3,Technologies,31,Data base management system software,18,Database design software
30320019,Technologies|Data base management system software|Database management software,3,Technologies,31,Data base management system software,19,Database management software
30320020,Technologies|Data base management system software|Database management system software,3,Technologies,31,Data base management system software,20,Database management system software
30320021,Technologies|Data base management system software|Database management systems,3,Technologies,31,Data base management system software,21,Database management systems
30320022,"Technologies|Data base management system software|ETL (Extraction, Transformation, Loading)",3,Technologies,31,Data base management system software,22,"ETL (Extraction, Transformation, Loading)"
30320023,Technologies|Data base management system software|Elasticsearch,3,Technologies,31,Data base management system software,23,Elasticsearch
30320024,Technologies|Data base management system software|Flink,3,Technologies,31,Data base management system software,24,Flink
30320025,Technologies|Data base management system software|Greenplum Database,3,Technologies,31,Data base management system software,25,Greenplum Database
30320026,Technologies|Data base management system software|IBM Infosphere Information Server,3,Technologies,31,Data base management system software,26,IBM Infosphere Information Server
30320027,Technologies|Data base management system software|IBM Interactive System Productivity Facility ISPF,3,Technologies,31,Data base management system software,27,IBM Interactive System Productivity Facility ISPF
30320028,Technologies|Data base management system software|Idera,3,Technologies,31,Data base management system software,28,Idera
30320029,Technologies|Data base management system software|Informatica Big Data,3,Technologies,31,Data base management system software,29,Informatica Big Data
30320030,Technologies|Data base management system software|Lucene,3,Technologies,31,Data base management system software,30,Lucene
30320031,Technologies|Data base management system software|ML pipelines,3,Technologies,31,Data base management system software,31,ML pipelines
30320032,Technologies|Data base management system software|MapR Converged Data Platform,3,Technologies,31,Data base management system software,32,MapR Converged Data Platform
30320033,Technologies|Data base management system software|MariaDB,3,Technologies,31,Data base management system software,33,MariaDB
30320034,Technologies|Data base management system software|Microsoft SQL Server Compact,3,Technologies,31,Data base management system software,34,Microsoft SQL Server Compact
30320035,Technologies|Data base management system software|MongoDB,3,Technologies,31,Data base management system software,35,MongoDB
30320036,Technologies|Data base management system software|Multidimensional Expressions MDX,3,Technologies,31,Data base management system software,36,Multidimensional Expressions MDX
30320037,Technologies|Data base management system software|NoSQL,3,Technologies,31,Data base management system software,37,NoSQL
30320038,Technologies|Data base management system software|OpenStack,3,Technologies,31,Data base management system software,38,OpenStack
30320039,Technologies|Data base management system software|Oracle Enterprise Manager,3,Technologies,31,Data base management system software,39,Oracle Enterprise Manager
30320040,Technologies|Data base management system software|Oracle Enterprise Manager Cloud Control,3,Technologies,31,Data base management system software,40,Oracle Enterprise Manager Cloud Control
30320041,Technologies|Data base management system software|Oracle Golden Gate,3,Technologies,31,Data base management system software,41,Oracle Golden Gate
30320042,Technologies|Data base management system software|Oracle Migration Workbench,3,Technologies,31,Data base management system software,42,Oracle Migration Workbench
30320043,Technologies|Data base management system software|Quest Central,3,Technologies,31,Data base management system software,43,Quest Central
30320044,Technologies|Data base management system software|Quest SharePlex,3,Technologies,31,Data base management system software,44,Quest SharePlex
30320045,Technologies|Data base management system software|Relational database management software,3,Technologies,31,Data base management system software,45,Relational database management software
30320046,Technologies|Data base management system software|Relational database management system RDMS,3,Technologies,31,Data base management system software,46,Relational database management system RDMS
30320047,Technologies|Data base management system software|Relational database management system software,3,Technologies,31,Data base management system software,47,Relational database management system software
30320048,Technologies|Data base management system software|SAP Adaptive Server Enterprise,3,Technologies,31,Data base management system software,48,SAP Adaptive Server Enterprise
30320049,Technologies|Data base management system software|SAP IQ,3,Technologies,31,Data base management system software,49,SAP IQ
30320050,Technologies|Data base management system software|SAP Replication Server,3,Technologies,31,Data base management system software,50,SAP Replication Server
30320051,Technologies|Data base management system software|SAP Sybase IQ,3,Technologies,31,Data base management system software,51,SAP Sybase IQ
30320052,Technologies|Data base management system software|SAP Sybase Replication Server,3,Technologies,31,Data base management system software,52,SAP Sybase Replication Server
30320053,Technologies|Data base management system software|SQLite,3,Technologies,31,Data base management system software,53,SQLite
30320054,Technologies|Data base management system software|SentryOne SQL Sentry,3,Technologies,31,Data base management system software,54,SentryOne SQL Sentry
30320055,Technologies|Data base management system software|Sybase Replication Server,3,Technologies,31,Data base management system software,55,Sybase Replication Server
30320056,Technologies|Data base management system software|Teradata Database,3,Technologies,31,Data base management system software,56,Teradata Database
30330001,Technologies|Data base reporting software|AdRelevance,3,Technologies,32,Data base reporting software,1,AdRelevance
30330002,Technologies|Data base reporting software|Data fusion,3,Technologies,32,Data base reporting software,2,Data fusion
30330003,Technologies|Data base reporting software|Database reporting software,3,Technologies,32,Data base reporting software,3,Database reporting software
30330004,Technologies|Data base reporting software|ETL,3,Technologies,32,Data base reporting software,4,ETL
30330005,Technologies|Data base reporting software|Information Builders WebFOCUS,3,Technologies,32,Data base reporting software,5,Information Builders WebFOCUS
30330006,Technologies|Data base reporting software|Internet based MLS database software,3,Technologies,32,Data base reporting software,6,Internet based MLS database software
30330007,Technologies|Data base reporting software|Kronos,3,Technologies,32,Data base reporting software,7,Kronos
30330008,Technologies|Data base reporting software|Meter reading software,3,Technologies,32,Data base reporting software,8,Meter reading software
30330009,Technologies|Data base reporting software|Microsoft Power Query Excel,3,Technologies,32,Data base reporting software,9,Microsoft Power Query Excel
30330010,Technologies|Data base reporting software|Microsoft Proclarity,3,Technologies,32,Data base reporting software,10,Microsoft Proclarity
30330011,Technologies|Data base reporting software|Microsoft SQL Server Reporting Services,3,Technologies,32,Data base reporting software,11,Microsoft SQL Server Reporting Services
30330012,Technologies|Data base reporting software|Oracle Business Intelligence Suite,3,Technologies,32,Data base reporting software,12,Oracle Business Intelligence Suite
30330013,Technologies|Data base reporting software|Oracle Reports,3,Technologies,32,Data base reporting software,13,Oracle Reports
30330014,Technologies|Data base reporting software|Oracle SQL Loader,3,Technologies,32,Data base reporting software,14,Oracle SQL Loader
30330015,Technologies|Data base reporting software|Oracle SQL Plus,3,Technologies,32,Data base reporting software,15,Oracle SQL Plus
30330016,Technologies|Data base reporting software|Reporting software,3,Technologies,32,Data base reporting software,16,Reporting software
30330017,Technologies|Data base reporting software|SAP Business Intelligence,3,Technologies,32,Data base reporting software,17,SAP Business Intelligence
30330018,Technologies|Data base reporting software|SAP Crystal Reports,3,Technologies,32,Data base reporting software,18,SAP Crystal Reports
30330019,Technologies|Data base reporting software|Software AG,3,Technologies,32,Data base reporting software,19,Software AG
30340001,Technologies|Data base user interface and query software|AWS Redshift,3,Technologies,33,Data base user interface and query software,1,AWS Redshift
30340002,Technologies|Data base user interface and query software|Airline global distribution systems GDS software,3,Technologies,33,Data base user interface and query software,2,Airline global distribution systems GDS software
30340003,Technologies|Data base user interface and query software|Animal Shelter Manager,3,Technologies,33,Data base user interface and query software,3,Animal Shelter Manager
30340004,Technologies|Data base user interface and query software|Archon,3,Technologies,33,Data base user interface and query software,4,Archon
30340005,Technologies|Data base user interface and query software|Attendance tracking software,3,Technologies,33,Data base user interface and query software,5,Attendance tracking software
30340006,Technologies|Data base user interface and query software|Author-it,3,Technologies,33,Data base user interface and query software,6,Author-it
30340007,Technologies|Data base user interface and query software|Autodesk Buzzsaw,3,Technologies,33,Data base user interface and query software,7,Autodesk Buzzsaw
30340008,Technologies|Data base user interface and query software|Autodesk Topobase,3,Technologies,33,Data base user interface and query software,8,Autodesk Topobase
30340009,Technologies|Data base user interface and query software|Bioinformatics databases,3,Technologies,33,Data base user interface and query software,9,Bioinformatics databases
30340010,Technologies|Data base user interface and query software|Blackboard,3,Technologies,33,Data base user interface and query software,10,Blackboard
30340011,Technologies|Data base user interface and query software|Business management software,3,Technologies,33,Data base user interface and query software,11,Business management software
30340012,Technologies|Data base user interface and query software|Career Cruising,3,Technologies,33,Data base user interface and query software,12,Career Cruising
30340013,Technologies|Data base user interface and query software|Career Zone,3,Technologies,33,Data base user interface and query software,13,Career Zone
30340014,Technologies|Data base user interface and query software|Case management system software,3,Technologies,33,Data base user interface and query software,14,Case management system software
30340015,Technologies|Data base user interface and query software|Client databases,3,Technologies,33,Data base user interface and query software,15,Client databases
30340016,Technologies|Data base user interface and query software|Client information databases,3,Technologies,33,Data base user interface and query software,16,Client information databases
30340017,Technologies|Data base user interface and query software|Cloudera Impala,3,Technologies,33,Data base user interface and query software,17,Cloudera Impala
30340018,Technologies|Data base user interface and query software|Computer reservation system CRS software,3,Technologies,33,Data base user interface and query software,18,Computer reservation system CRS software
30340019,Technologies|Data base user interface and query software|Cosmos db,3,Technologies,33,Data base user interface and query software,19,Cosmos db
30340020,Technologies|Data base user interface and query software|Customer database software,3,Technologies,33,Data base user interface and query software,20,Customer database software
30340021,Technologies|Data base user interface and query software|Data entry software,3,Technologies,33,Data base user interface and query software,21,Data entry software
30340022,Technologies|Data base user interface and query software|Data input software,3,Technologies,33,Data base user interface and query software,22,Data input software
30340023,Technologies|Data base user interface and query software|Data logging software,3,Technologies,33,Data base user interface and query software,23,Data logging software
30340024,Technologies|Data base user interface and query software|Data management software,3,Technologies,33,Data base user interface and query software,24,Data management software
30340025,Technologies|Data base user interface and query software|Database application software,3,Technologies,33,Data base user interface and query software,25,Database application software
30340026,Technologies|Data base user interface and query software|Database software,3,Technologies,33,Data base user interface and query software,26,Database software
30340027,Technologies|Data base user interface and query software|Databox,3,Technologies,33,Data base user interface and query software,27,Databox
30340028,Technologies|Data base user interface and query software|Directory software,3,Technologies,33,Data base user interface and query software,28,Directory software
30340029,Technologies|Data base user interface and query software|E-Verify,3,Technologies,33,Data base user interface and query software,29,E-Verify
30340030,Technologies|Data base user interface and query software|Exact Software JobBOSS,3,Technologies,33,Data base user interface and query software,30,Exact Software JobBOSS
30340031,Technologies|Data base user interface and query software|FileMaker Pro,3,Technologies,33,Data base user interface and query software,31,FileMaker Pro
30340032,Technologies|Data base user interface and query software|Fiserv,3,Technologies,33,Data base user interface and query software,32,Fiserv
30340033,Technologies|Data base user interface and query software|Geographic information system GIS marketing software,3,Technologies,33,Data base user interface and query software,33,Geographic information system GIS marketing software
30340034,Technologies|Data base user interface and query software|Gift registry software,3,Technologies,33,Data base user interface and query software,34,Gift registry software
30340035,Technologies|Data base user interface and query software|Global distribution system GDS software,3,Technologies,33,Data base user interface and query software,35,Global distribution system GDS software
30340036,Technologies|Data base user interface and query software|IBM AS400 Data Entry system/LIS,3,Technologies,33,Data base user interface and query software,36,IBM AS400 Data Entry system/LIS
30340037,Technologies|Data base user interface and query software|IBM DB2,3,Technologies,33,Data base user interface and query software,37,IBM DB2
30340038,Technologies|Data base user interface and query software|IBM IMS,3,Technologies,33,Data base user interface and query software,38,IBM IMS
30340039,Technologies|Data base user interface and query software|IBM Informix,3,Technologies,33,Data base user interface and query software,39,IBM Informix
30340040,Technologies|Data base user interface and query software|Image databases,3,Technologies,33,Data base user interface and query software,40,Image databases
30340041,Technologies|Data base user interface and query software|Incident tracking software,3,Technologies,33,Data base user interface and query software,41,Incident tracking software
30340042,Technologies|Data base user interface and query software|Individualized Educational Program IEP software,3,Technologies,33,Data base user interface and query software,42,Individualized Educational Program IEP software
30340043,Technologies|Data base user interface and query software|Intuit QuickBase,3,Technologies,33,Data base user interface and query software,43,Intuit QuickBase
30340044,Technologies|Data base user interface and query software|Issue tracking system software,3,Technologies,33,Data base user interface and query software,44,Issue tracking system software
30340045,Technologies|Data base user interface and query software|Juris,3,Technologies,33,Data base user interface and query software,45,Juris
30340046,Technologies|Data base user interface and query software|Logger software,3,Technologies,33,Data base user interface and query software,46,Logger software
30340047,Technologies|Data base user interface and query software|MINDBODY,3,Technologies,33,Data base user interface and query software,47,MINDBODY
30340048,Technologies|Data base user interface and query software|MarkLogic,3,Technologies,33,Data base user interface and query software,48,MarkLogic
30340049,Technologies|Data base user interface and query software|Meals Plus,3,Technologies,33,Data base user interface and query software,49,Meals Plus
30340050,Technologies|Data base user interface and query software|Membership databases,3,Technologies,33,Data base user interface and query software,50,Membership databases
30340051,Technologies|Data base user interface and query software|Menu planning software,3,Technologies,33,Data base user interface and query software,51,Menu planning software
30340052,Technologies|Data base user interface and query software|Microsoft Access,3,Technologies,33,Data base user interface and query software,52,Microsoft Access
30340053,Technologies|Data base user interface and query software|Microsoft Dynamics Marketing,3,Technologies,33,Data base user interface and query software,53,Microsoft Dynamics Marketing
30340054,Technologies|Data base user interface and query software|Microsoft SQL Server,3,Technologies,33,Data base user interface and query software,54,Microsoft SQL Server
30340055,Technologies|Data base user interface and query software|Microsoft SQL Server Reporting Services (SSRS),3,Technologies,33,Data base user interface and query software,55,Microsoft SQL Server Reporting Services (SSRS)
30340056,Technologies|Data base user interface and query software|Milano Spa,3,Technologies,33,Data base user interface and query software,56,Milano Spa
30340057,Technologies|Data base user interface and query software|Music databases,3,Technologies,33,Data base user interface and query software,57,Music databases
30340058,Technologies|Data base user interface and query software|MySQL,3,Technologies,33,Data base user interface and query software,58,MySQL
30340059,Technologies|Data base user interface and query software|Neo4j,3,Technologies,33,Data base user interface and query software,59,Neo4j
30340060,Technologies|Data base user interface and query software|Oasys,3,Technologies,33,Data base user interface and query software,60,Oasys
30340061,Technologies|Data base user interface and query software|Online analytical processing OLAP software,3,Technologies,33,Data base user interface and query software,61,Online analytical processing OLAP software
30340062,Technologies|Data base user interface and query software|Online databases,3,Technologies,33,Data base user interface and query software,62,Online databases
30340063,Technologies|Data base user interface and query software|Online registration software,3,Technologies,33,Data base user interface and query software,63,Online registration software
30340064,Technologies|Data base user interface and query software|OpenClinica,3,Technologies,33,Data base user interface and query software,64,OpenClinica
30340065,Technologies|Data base user interface and query software|OpenTable,3,Technologies,33,Data base user interface and query software,65,OpenTable
30340066,Technologies|Data base user interface and query software|Oracle,3,Technologies,33,Data base user interface and query software,66,Oracle
30340067,Technologies|Data base user interface and query software|Oracle Clinical,3,Technologies,33,Data base user interface and query software,67,Oracle Clinical
30340068,Technologies|Data base user interface and query software|Oracle DBMS,3,Technologies,33,Data base user interface and query software,68,Oracle DBMS
30340069,Technologies|Data base user interface and query software|Oracle Essbase,3,Technologies,33,Data base user interface and query software,69,Oracle Essbase
30340070,Technologies|Data base user interface and query software|Oracle JDBC,3,Technologies,33,Data base user interface and query software,70,Oracle JDBC
30340071,Technologies|Data base user interface and query software|PL/SQL,3,Technologies,33,Data base user interface and query software,71,PL/SQL
30340072,Technologies|Data base user interface and query software|PREMIS,3,Technologies,33,Data base user interface and query software,72,PREMIS
30340073,Technologies|Data base user interface and query software|Patient monitoring systems,3,Technologies,33,Data base user interface and query software,73,Patient monitoring systems
30340074,Technologies|Data base user interface and query software|Pivot Tables,3,Technologies,33,Data base user interface and query software,74,Pivot Tables
30340075,Technologies|Data base user interface and query software|Planisware,3,Technologies,33,Data base user interface and query software,75,Planisware
30340076,Technologies|Data base user interface and query software|PowerSchool SIS,3,Technologies,33,Data base user interface and query software,76,PowerSchool SIS
30340077,Technologies|Data base user interface and query software|Practice management software PMS,3,Technologies,33,Data base user interface and query software,77,Practice management software PMS
30340078,Technologies|Data base user interface and query software|Property management system PMS,3,Technologies,33,Data base user interface and query software,78,Property management system PMS
30340079,Technologies|Data base user interface and query software|Propertyware,3,Technologies,33,Data base user interface and query software,79,Propertyware
30340080,Technologies|Data base user interface and query software|RazorSync,3,Technologies,33,Data base user interface and query software,80,RazorSync
30340081,Technologies|Data base user interface and query software|Recipe software,3,Technologies,33,Data base user interface and query software,81,Recipe software
30340082,Technologies|Data base user interface and query software|Recordkeeping software,3,Technologies,33,Data base user interface and query software,82,Recordkeeping software
30340083,Technologies|Data base user interface and query software|RefWorks,3,Technologies,33,Data base user interface and query software,83,RefWorks
30340084,Technologies|Data base user interface and query software|Reference management software,3,Technologies,33,Data base user interface and query software,84,Reference management software
30340085,Technologies|Data base user interface and query software|Relational database management systems / RDBMS,3,Technologies,33,Data base user interface and query software,85,Relational database management systems / RDBMS
30340086,Technologies|Data base user interface and query software|Relational database software,3,Technologies,33,Data base user interface and query software,86,Relational database software
30340087,Technologies|Data base user interface and query software|Relativity e-Discovery,3,Technologies,33,Data base user interface and query software,87,Relativity e-Discovery
30340088,Technologies|Data base user interface and query software|Reservation software,3,Technologies,33,Data base user interface and query software,88,Reservation software
30340089,Technologies|Data base user interface and query software|Retail management software,3,Technologies,33,Data base user interface and query software,89,Retail management software
30340090,Technologies|Data base user interface and query software|SQL (Structured query language),3,Technologies,33,Data base user interface and query software,90,SQL (Structured query language)
30340091,Technologies|Data base user interface and query software|Sage 100 Contractor,3,Technologies,33,Data base user interface and query software,91,Sage 100 Contractor
30340092,Technologies|Data base user interface and query software|Sage 300 Construction and Real Estate,3,Technologies,33,Data base user interface and query software,92,Sage 300 Construction and Real Estate
30340093,Technologies|Data base user interface and query software|Scheduling databases,3,Technologies,33,Data base user interface and query software,93,Scheduling databases
30340094,Technologies|Data base user interface and query software|Search engine results pages SERP software,3,Technologies,33,Data base user interface and query software,94,Search engine results pages SERP software
30340095,Technologies|Data base user interface and query software|ServiceMax,3,Technologies,33,Data base user interface and query software,95,ServiceMax
30340096,Technologies|Data base user interface and query software|Sharepoint Portal Server,3,Technologies,33,Data base user interface and query software,96,Sharepoint Portal Server
30340097,Technologies|Data base user interface and query software|Showing Suite,3,Technologies,33,Data base user interface and query software,97,Showing Suite
30340098,Technologies|Data base user interface and query software|Snowflake,3,Technologies,33,Data base user interface and query software,98,Snowflake
30340099,Technologies|Data base user interface and query software|Social Solutions ETO,3,Technologies,33,Data base user interface and query software,99,Social Solutions ETO
30340100,Technologies|Data base user interface and query software|Software asset management SAM software,3,Technologies,33,Data base user interface and query software,100,Software asset management SAM software
30340101,Technologies|Data base user interface and query software|Spa management software,3,Technologies,33,Data base user interface and query software,101,Spa management software
30340102,Technologies|Data base user interface and query software|Statistics databases,3,Technologies,33,Data base user interface and query software,102,Statistics databases
30340103,Technologies|Data base user interface and query software|Structure query language SQL,3,Technologies,33,Data base user interface and query software,103,Structure query language SQL
30340104,Technologies|Data base user interface and query software|Student information systems SIS,3,Technologies,33,Data base user interface and query software,104,Student information systems SIS
30340105,Technologies|Data base user interface and query software|Sybase SQL Anywhere,3,Technologies,33,Data base user interface and query software,105,Sybase SQL Anywhere
30340106,Technologies|Data base user interface and query software|Sybase SQL Server,3,Technologies,33,Data base user interface and query software,106,Sybase SQL Server
30340107,Technologies|Data base user interface and query software|Teradata BTEQ,3,Technologies,33,Data base user interface and query software,107,Teradata BTEQ
30340108,Technologies|Data base user interface and query software|Toxicology databases,3,Technologies,33,Data base user interface and query software,108,Toxicology databases
30340109,Technologies|Data base user interface and query software|Tracks Software,3,Technologies,33,Data base user interface and query software,109,Tracks Software
30340110,Technologies|Data base user interface and query software|Transact-SQL,3,Technologies,33,Data base user interface and query software,110,Transact-SQL
30340111,Technologies|Data base user interface and query software|Transaction processing software,3,Technologies,33,Data base user interface and query software,111,Transaction processing software
30340112,Technologies|Data base user interface and query software|TrialWorks,3,Technologies,33,Data base user interface and query software,112,TrialWorks
30340113,Technologies|Data base user interface and query software|Visual Lease,3,Technologies,33,Data base user interface and query software,113,Visual Lease
30340114,Technologies|Data base user interface and query software|Web-based information systems,3,Technologies,33,Data base user interface and query software,114,Web-based information systems
30340115,Technologies|Data base user interface and query software|Work order software,3,Technologies,33,Data base user interface and query software,115,Work order software
30340116,Technologies|Data base user interface and query software|Xactware Xactimate,3,Technologies,33,Data base user interface and query software,116,Xactware Xactimate
30340117,Technologies|Data base user interface and query software|Yardi,3,Technologies,33,Data base user interface and query software,117,Yardi
30340118,Technologies|Data base user interface and query software|Yardi Systems Yardi Enterprise,3,Technologies,33,Data base user interface and query software,118,Yardi Systems Yardi Enterprise
30340119,Technologies|Data base user interface and query software|Zoller,3,Technologies,33,Data base user interface and query software,119,Zoller
30340120,Technologies|Data base user interface and query software|Zoomerang,3,Technologies,33,Data base user interface and query software,120,Zoomerang
30340121,Technologies|Data base user interface and query software|dBASE,3,Technologies,33,Data base user interface and query software,121,dBASE
30340122,Technologies|Data base user interface and query software|dBASE Plus,3,Technologies,33,Data base user interface and query software,122,dBASE Plus
30340123,Technologies|Data base user interface and query software|eTrac,3,Technologies,33,Data base user interface and query software,123,eTrac
30340124,Technologies|Data base user interface and query software|iPro,3,Technologies,33,Data base user interface and query software,124,iPro
30340125,Technologies|Data base user interface and query software|iView Systems,3,Technologies,33,Data base user interface and query software,125,iView Systems
30340126,Technologies|Data base user interface and query software|xQuery,3,Technologies,33,Data base user interface and query software,126,xQuery
30350001,Technologies|Data compression software|File compression software,3,Technologies,34,Data compression software,1,File compression software
30360001,Technologies|Data conversion software|Cyclone,3,Technologies,35,Data conversion software,1,Cyclone
30360002,Technologies|Data conversion software|Data conversion software,3,Technologies,35,Data conversion software,2,Data conversion software
30370001,Technologies|Data mining software|Angoss KnowledgeSEEKER,3,Technologies,36,Data mining software,1,Angoss KnowledgeSEEKER
30370002,Technologies|Data mining software|Azure data factory,3,Technologies,36,Data mining software,2,Azure data factory
30370003,Technologies|Data mining software|Data extraction software,3,Technologies,36,Data mining software,3,Data extraction software
30370004,Technologies|Data mining software|Data mining software,3,Technologies,36,Data mining software,4,Data mining software
30370005,Technologies|Data mining software|Data warehouse software,3,Technologies,36,Data mining software,5,Data warehouse software
30370006,Technologies|Data mining software|Google Analytics,3,Technologies,36,Data mining software,6,Google Analytics
30370007,Technologies|Data mining software|SAP NetWeaver Business Warehouse,3,Technologies,36,Data mining software,7,SAP NetWeaver Business Warehouse
30370008,Technologies|Data mining software|SAS Enterprise Miner,3,Technologies,36,Data mining software,8,SAS Enterprise Miner
30380001,Technologies|Desktop communications software|BroadSoft BroadWorks,3,Technologies,37,Desktop communications software,1,BroadSoft BroadWorks
30380002,Technologies|Desktop communications software|Microsoft Lync,3,Technologies,37,Desktop communications software,2,Microsoft Lync
30380003,Technologies|Desktop communications software|Remote control software,3,Technologies,37,Desktop communications software,3,Remote control software
30390001,Technologies|Desktop publishing software|Adobe Systems Adobe Distiller,3,Technologies,38,Desktop publishing software,1,Adobe Systems Adobe Distiller
30390002,Technologies|Desktop publishing software|Adobe Systems Adobe FrameMaker,3,Technologies,38,Desktop publishing software,2,Adobe Systems Adobe FrameMaker
30390003,Technologies|Desktop publishing software|Adobe Systems Adobe InDesign,3,Technologies,38,Desktop publishing software,3,Adobe Systems Adobe InDesign
30390004,Technologies|Desktop publishing software|Adobe Systems Adobe PageMaker,3,Technologies,38,Desktop publishing software,4,Adobe Systems Adobe PageMaker
30390005,Technologies|Desktop publishing software|Campaign Monitor,3,Technologies,38,Desktop publishing software,5,Campaign Monitor
30390006,Technologies|Desktop publishing software|Contract Central,3,Technologies,38,Desktop publishing software,6,Contract Central
30390007,Technologies|Desktop publishing software|Desktop publishing software,3,Technologies,38,Desktop publishing software,7,Desktop publishing software
30390008,Technologies|Desktop publishing software|Document publishing software,3,Technologies,38,Desktop publishing software,8,Document publishing software
30390009,Technologies|Desktop publishing software|LaTeX,3,Technologies,38,Desktop publishing software,9,LaTeX
30390010,Technologies|Desktop publishing software|MadCap Flare,3,Technologies,38,Desktop publishing software,10,MadCap Flare
30390011,Technologies|Desktop publishing software|Microsoft Publisher,3,Technologies,38,Desktop publishing software,11,Microsoft Publisher
30390012,Technologies|Desktop publishing software|PTC Arbortext,3,Technologies,38,Desktop publishing software,12,PTC Arbortext
30390013,Technologies|Desktop publishing software|Quark,3,Technologies,38,Desktop publishing software,13,Quark
30390014,Technologies|Desktop publishing software|QuarkXPress,3,Technologies,38,Desktop publishing software,14,QuarkXPress
30390015,Technologies|Desktop publishing software|Scribus,3,Technologies,38,Desktop publishing software,15,Scribus
30390016,Technologies|Desktop publishing software|desktop publishing,3,Technologies,38,Desktop publishing software,16,desktop publishing
30400001,Technologies|Development environment software|A programming language APL,3,Technologies,39,Development environment software,1,A programming language APL
30400002,Technologies|Development environment software|ACSL (Advanced computer simulation language),3,Technologies,39,Development environment software,2,ACSL (Advanced computer simulation language)
30400003,Technologies|Development environment software|AWK,3,Technologies,39,Development environment software,3,AWK
30400004,Technologies|Development environment software|ActionScript,3,Technologies,39,Development environment software,4,ActionScript
30400005,Technologies|Development environment software|Ada,3,Technologies,39,Development environment software,5,Ada
30400006,Technologies|Development environment software|Adobe Systems Adobe ActionScript,3,Technologies,39,Development environment software,6,Adobe Systems Adobe ActionScript
30400007,Technologies|Development environment software|Adobe Systems Adobe Creative Suite,3,Technologies,39,Development environment software,7,Adobe Systems Adobe Creative Suite
30400008,Technologies|Development environment software|Apache Ant,3,Technologies,39,Development environment software,8,Apache Ant
30400009,Technologies|Development environment software|Apache Kafka,3,Technologies,39,Development environment software,9,Apache Kafka
30400010,Technologies|Development environment software|Apache Maven,3,Technologies,39,Development environment software,10,Apache Maven
30400011,Technologies|Development environment software|Autodesk Scaleform,3,Technologies,39,Development environment software,11,Autodesk Scaleform
30400012,Technologies|Development environment software|BSDL (Boundary scan description language),3,Technologies,39,Development environment software,12,BSDL (Boundary scan description language)
30400013,Technologies|Development environment software|Business Objects Data Integrator,3,Technologies,39,Development environment software,13,Business Objects Data Integrator
30400014,Technologies|Development environment software|CMAKE,3,Technologies,39,Development environment software,14,CMAKE
30400015,Technologies|Development environment software|COBOL (Common business oriented language),3,Technologies,39,Development environment software,15,COBOL (Common business oriented language)
30400016,Technologies|Development environment software|Call-processing language CPL,3,Technologies,39,Development environment software,16,Call-processing language CPL
30400017,Technologies|Development environment software|Clipper,3,Technologies,39,Development environment software,17,Clipper
30400018,Technologies|Development environment software|Code libraries,3,Technologies,39,Development environment software,18,Code libraries
30400019,Technologies|Development environment software|Component libraries,3,Technologies,39,Development environment software,19,Component libraries
30400020,Technologies|Development environment software|CruiseControl,3,Technologies,39,Development environment software,20,CruiseControl
30400021,Technologies|Development environment software|Darwin information typing architecture DITA,3,Technologies,39,Development environment software,21,Darwin information typing architecture DITA
30400022,Technologies|Development environment software|Dataiku,3,Technologies,39,Development environment software,22,Dataiku
30400023,Technologies|Development environment software|Doxygen,3,Technologies,39,Development environment software,23,Doxygen
30400024,Technologies|Development environment software|Eclipse IDE,3,Technologies,39,Development environment software,24,Eclipse IDE
30400025,Technologies|Development environment software|FOLLOW code,3,Technologies,39,Development environment software,25,FOLLOW code
30400026,Technologies|Development environment software|Game engines,3,Technologies,39,Development environment software,26,Game engines
30400027,Technologies|Development environment software|GitHub Copilot,3,Technologies,39,Development environment software,27,GitHub Copilot
30400028,Technologies|Development environment software|HDL (Hardware description language),3,Technologies,39,Development environment software,28,HDL (Hardware description language)
30400029,Technologies|Development environment software|Haskell,3,Technologies,39,Development environment software,29,Haskell
30400030,Technologies|Development environment software|IBM Rational,3,Technologies,39,Development environment software,30,IBM Rational
30400031,Technologies|Development environment software|IBM Rational Application Developer,3,Technologies,39,Development environment software,31,IBM Rational Application Developer
30400032,Technologies|Development environment software|IBM Rational ClearQuest,3,Technologies,39,Development environment software,32,IBM Rational ClearQuest
30400033,Technologies|Development environment software|IBM Rational Rose,3,Technologies,39,Development environment software,33,IBM Rational Rose
30400034,Technologies|Development environment software|Integrated development environment IDE software,3,Technologies,39,Development environment software,34,Integrated development environment IDE software
30400035,Technologies|Development environment software|J2EE,3,Technologies,39,Development environment software,35,J2EE
30400036,Technologies|Development environment software|Java EE,3,Technologies,39,Development environment software,36,Java EE
30400037,Technologies|Development environment software|Jupyter,3,Technologies,39,Development environment software,37,Jupyter
30400038,Technologies|Development environment software|Kubeflow,3,Technologies,39,Development environment software,38,Kubeflow
30400039,Technologies|Development environment software|Kubernetes,3,Technologies,39,Development environment software,39,Kubernetes
30400040,Technologies|Development environment software|LAPACK,3,Technologies,39,Development environment software,40,LAPACK
30400041,Technologies|Development environment software|LISP (List processing language),3,Technologies,39,Development environment software,41,LISP (List processing language)
30400042,Technologies|Development environment software|Ladder Logic,3,Technologies,39,Development environment software,42,Ladder Logic
30400043,Technologies|Development environment software|Lambda,3,Technologies,39,Development environment software,43,Lambda
30400044,Technologies|Development environment software|Liminal,3,Technologies,39,Development environment software,44,Liminal
30400045,Technologies|Development environment software|MaxScript,3,Technologies,39,Development environment software,45,MaxScript
30400046,Technologies|Development environment software|Microsoft Extensible Application Markup Language (XAML),3,Technologies,39,Development environment software,46,Microsoft Extensible Application Markup Language (XAML)
30400047,Technologies|Development environment software|Microsoft High Level Shader Language (HLSL),3,Technologies,39,Development environment software,47,Microsoft High Level Shader Language (HLSL)
30400048,Technologies|Development environment software|Microsoft PowerShell,3,Technologies,39,Development environment software,48,Microsoft PowerShell
30400049,Technologies|Development environment software|Microsoft Visual Basic,3,Technologies,39,Development environment software,49,Microsoft Visual Basic
30400050,Technologies|Development environment software|Microsoft Visual Basic for Applications (VBA),3,Technologies,39,Development environment software,50,Microsoft Visual Basic for Applications (VBA)
30400051,Technologies|Development environment software|Microsoft Visual SourceSafe,3,Technologies,39,Development environment software,51,Microsoft Visual SourceSafe
30400052,Technologies|Development environment software|Microsoft Visual Studio,3,Technologies,39,Development environment software,52,Microsoft Visual Studio
30400053,Technologies|Development environment software|Microsoft Visual Studio Team Foundation Server,3,Technologies,39,Development environment software,53,Microsoft Visual Studio Team Foundation Server
30400054,Technologies|Development environment software|National Instruments LabVIEW,3,Technologies,39,Development environment software,54,National Instruments LabVIEW
30400055,Technologies|Development environment software|National Instruments TestStand,3,Technologies,39,Development environment software,55,National Instruments TestStand
30400056,Technologies|Development environment software|Oracle Java 2 Platform Enterprise Edition J2EE,3,Technologies,39,Development environment software,56,Oracle Java 2 Platform Enterprise Edition J2EE
30400057,Technologies|Development environment software|Oracle Jdeveloper,3,Technologies,39,Development environment software,57,Oracle Jdeveloper
30400058,Technologies|Development environment software|Oracle SQL Developer,3,Technologies,39,Development environment software,58,Oracle SQL Developer
30400059,Technologies|Development environment software|Pascal,3,Technologies,39,Development environment software,59,Pascal
30400060,Technologies|Development environment software|PhoneGap,3,Technologies,39,Development environment software,60,PhoneGap
30400061,Technologies|Development environment software|Programmable logic controller PLC code generation software,3,Technologies,39,Development environment software,61,Programmable logic controller PLC code generation software
30400062,Technologies|Development environment software|Programming language one (PL/I),3,Technologies,39,Development environment software,62,Programming language one (PL/I)
30400063,Technologies|Development environment software|Programming languages,3,Technologies,39,Development environment software,63,Programming languages
30400064,Technologies|Development environment software|Progress OpenEdge ABL,3,Technologies,39,Development environment software,64,Progress OpenEdge ABL
30400065,Technologies|Development environment software|Prolog,3,Technologies,39,Development environment software,65,Prolog
30400066,Technologies|Development environment software|Rockwell Automation,3,Technologies,39,Development environment software,66,Rockwell Automation
30400067,Technologies|Development environment software|Ruby,3,Technologies,39,Development environment software,67,Ruby
30400068,Technologies|Development environment software|SGML (Standardized general markup language),3,Technologies,39,Development environment software,68,SGML (Standardized general markup language)
30400069,Technologies|Development environment software|Seldon Core,3,Technologies,39,Development environment software,69,Seldon Core
30400070,Technologies|Development environment software|Software development tools,3,Technologies,39,Development environment software,70,Software development tools
30400071,Technologies|Development environment software|Software libraries,3,Technologies,39,Development environment software,71,Software libraries
30400072,Technologies|Development environment software|Source code management SCM software,3,Technologies,39,Development environment software,72,Source code management SCM software
30400073,Technologies|Development environment software|Standard generalized markup language SGML,3,Technologies,39,Development environment software,73,Standard generalized markup language SGML
30400074,Technologies|Development environment software|Subversion,3,Technologies,39,Development environment software,74,Subversion
30400075,Technologies|Development environment software|SystemVerilog,3,Technologies,39,Development environment software,75,SystemVerilog
30400076,Technologies|Development environment software|TCL (Tool command language),3,Technologies,39,Development environment software,76,TCL (Tool command language)
30400077,Technologies|Development environment software|Unity Technologies Unity Engine,3,Technologies,39,Development environment software,77,Unity Technologies Unity Engine
30400078,Technologies|Development environment software|Unreal Technology Unreal Engine,3,Technologies,39,Development environment software,78,Unreal Technology Unreal Engine
30400079,Technologies|Development environment software|VHDL (Very high-speed integrated circuit hardware description language),3,Technologies,39,Development environment software,79,VHDL (Very high-speed integrated circuit hardware description language)
30400080,Technologies|Development environment software|Vector CANoe,3,Technologies,39,Development environment software,80,Vector CANoe
30400081,Technologies|Development environment software|Verilog,3,Technologies,39,Development environment software,81,Verilog
30400082,Technologies|Development environment software|Web service definition language WDSL,3,Technologies,39,Development environment software,82,Web service definition language WDSL
30400083,Technologies|Development environment software|XBRL (eXtensible Business Reporting Language),3,Technologies,39,Development environment software,83,XBRL (eXtensible Business Reporting Language)
30400084,Technologies|Development environment software|XPATH (XML Path Language),3,Technologies,39,Development environment software,84,XPATH (XML Path Language)
30400085,Technologies|Development environment software|Xcode,3,Technologies,39,Development environment software,85,Xcode
30400086,Technologies|Development environment software|eXtensible Business Reporting Language XBRL,3,Technologies,39,Development environment software,86,eXtensible Business Reporting Language XBRL
30410001,Technologies|Device drivers or system software|Device driver software,3,Technologies,40,Device drivers or system software,1,Device driver software
30410002,Technologies|Device drivers or system software|Microsoft DirectX,3,Technologies,40,Device drivers or system software,2,Microsoft DirectX
30410003,Technologies|Device drivers or system software|Screen magnification software,3,Technologies,40,Device drivers or system software,3,Screen magnification software
30410004,Technologies|Device drivers or system software|Screen reader software,3,Technologies,40,Device drivers or system software,4,Screen reader software
30420001,Technologies|Dictionary software|Electronic dictionaries,3,Technologies,41,Dictionary software,1,Electronic dictionaries
30430001,Technologies|Document management software|Adobe Systems Adobe Acrobat,3,Technologies,42,Document management software,1,Adobe Systems Adobe Acrobat
30430002,Technologies|Document management software|Adobe Systems Adobe Reader,3,Technologies,42,Document management software,2,Adobe Systems Adobe Reader
30430003,Technologies|Document management software|Autonomy iManage WorkSite,3,Technologies,42,Document management software,3,Autonomy iManage WorkSite
30430004,Technologies|Document management software|Color management software,3,Technologies,42,Document management software,4,Color management software
30430005,Technologies|Document management software|Current procedural terminology CPT software,3,Technologies,42,Document management software,5,Current procedural terminology CPT software
30430006,Technologies|Document management software|Daily Manager,3,Technologies,42,Document management software,6,Daily Manager
30430007,Technologies|Document management software|Data transfer software,3,Technologies,42,Document management software,7,Data transfer software
30430008,Technologies|Document management software|Data warehousing software,3,Technologies,42,Document management software,8,Data warehousing software
30430009,Technologies|Document management software|Document imaging software,3,Technologies,42,Document management software,9,Document imaging software
30430010,Technologies|Document management software|Document management system software,3,Technologies,42,Document management software,10,Document management system software
30430011,Technologies|Document management software|Dropbox,3,Technologies,42,Document management software,11,Dropbox
30430012,Technologies|Document management software|EMC Documentum,3,Technologies,42,Document management software,12,EMC Documentum
30430013,Technologies|Document management software|Electronic common technical document eCTD software,3,Technologies,42,Document management software,13,Electronic common technical document eCTD software
30430014,Technologies|Document management software|Electronic document management system EDMS,3,Technologies,42,Document management software,14,Electronic document management system EDMS
30430015,Technologies|Document management software|Enterprise content management ECM software,3,Technologies,42,Document management software,15,Enterprise content management ECM software
30430016,Technologies|Document management software|Enterprise report management ERM software,3,Technologies,42,Document management software,16,Enterprise report management ERM software
30430017,Technologies|Document management software|File management software,3,Technologies,42,Document management software,17,File management software
30430018,Technologies|Document management software|File management systems,3,Technologies,42,Document management software,18,File management systems
30430019,Technologies|Document management software|FileNet Content Manager,3,Technologies,42,Document management software,19,FileNet Content Manager
30430020,Technologies|Document management software|FileNet P8,3,Technologies,42,Document management software,20,FileNet P8
30430021,Technologies|Document management software|HP Trim,3,Technologies,42,Document management software,21,HP Trim
30430022,Technologies|Document management software|HotDocs,3,Technologies,42,Document management software,22,HotDocs
30430023,Technologies|Document management software|IBM Content Manager,3,Technologies,42,Document management software,23,IBM Content Manager
30430024,Technologies|Document management software|Iron Mountain Accutrac Records Management Software,3,Technologies,42,Document management software,24,Iron Mountain Accutrac Records Management Software
30430025,Technologies|Document management software|Laserfiche software,3,Technologies,42,Document management software,25,Laserfiche software
30430026,Technologies|Document management software|Lorenz DocuBridge,3,Technologies,42,Document management software,26,Lorenz DocuBridge
30430027,Technologies|Document management software|NetDocuments,3,Technologies,42,Document management software,27,NetDocuments
30430028,Technologies|Document management software|Nuance Power PDF,3,Technologies,42,Document management software,28,Nuance Power PDF
30430029,Technologies|Document management software|OpenText eDOCS DM,3,Technologies,42,Document management software,29,OpenText eDOCS DM
30430030,Technologies|Document management software|Oracle Universal Content Management,3,Technologies,42,Document management software,30,Oracle Universal Content Management
30430031,Technologies|Document management software|ProDoc,3,Technologies,42,Document management software,31,ProDoc
30430032,Technologies|Document management software|QUMAS,3,Technologies,42,Document management software,32,QUMAS
30430033,Technologies|Document management software|ReadSoft,3,Technologies,42,Document management software,33,ReadSoft
30430034,Technologies|Document management software|Records management software,3,Technologies,42,Document management software,34,Records management software
30430035,Technologies|Document management software|Records management systems,3,Technologies,42,Document management software,35,Records management systems
30430036,Technologies|Document management software|SAP DMS,3,Technologies,42,Document management software,36,SAP DMS
30430037,Technologies|Document management software|SpringCM,3,Technologies,42,Document management software,37,SpringCM
30430038,Technologies|Document management software|WinOcular,3,Technologies,42,Document management software,38,WinOcular
30430039,Technologies|Document management software|Xerox DocuShare,3,Technologies,42,Document management software,39,Xerox DocuShare
30430040,Technologies|Document management software|dSPACE,3,Technologies,42,Document management software,40,dSPACE
30440001,Technologies|Electronic mail software|Electronic data interchange EDI software,3,Technologies,43,Electronic mail software,1,Electronic data interchange EDI software
30440002,Technologies|Electronic mail software|Email software,3,Technologies,43,Electronic mail software,2,Email software
30440003,Technologies|Electronic mail software|Google Gmail,3,Technologies,43,Electronic mail software,3,Google Gmail
30440004,Technologies|Electronic mail software|GroupWise,3,Technologies,43,Electronic mail software,4,GroupWise
30440005,Technologies|Electronic mail software|IBM Lotus Notes,3,Technologies,43,Electronic mail software,5,IBM Lotus Notes
30440006,Technologies|Electronic mail software|IBM Notes,3,Technologies,43,Electronic mail software,6,IBM Notes
30440007,Technologies|Electronic mail software|Listserv software,3,Technologies,43,Electronic mail software,7,Listserv software
30440008,Technologies|Electronic mail software|MailChimp,3,Technologies,43,Electronic mail software,8,MailChimp
30440009,Technologies|Electronic mail software|Microsoft Exchange,3,Technologies,43,Electronic mail software,9,Microsoft Exchange
30440010,Technologies|Electronic mail software|Microsoft Exchange Server,3,Technologies,43,Electronic mail software,10,Microsoft Exchange Server
30440011,Technologies|Electronic mail software|Microsoft Outlook,3,Technologies,43,Electronic mail software,11,Microsoft Outlook
30440012,Technologies|Electronic mail software|Mozilla Thunderbird,3,Technologies,43,Electronic mail software,12,Mozilla Thunderbird
30440013,Technologies|Electronic mail software|Novell GroupWise,3,Technologies,43,Electronic mail software,13,Novell GroupWise
30440014,Technologies|Electronic mail software|SendGrid,3,Technologies,43,Electronic mail software,14,SendGrid
30450001,Technologies|Enterprise application integration software|Atlassian Bamboo,3,Technologies,44,Enterprise application integration software,1,Atlassian Bamboo
30450002,Technologies|Enterprise application integration software|Electronic Data Interchange EDI systems,3,Technologies,44,Enterprise application integration software,2,Electronic Data Interchange EDI systems
30450003,Technologies|Enterprise application integration software|Enterprise application integration EAI software,3,Technologies,44,Enterprise application integration software,3,Enterprise application integration EAI software
30450004,Technologies|Enterprise application integration software|Hootsuite,3,Technologies,44,Enterprise application integration software,4,Hootsuite
30450005,Technologies|Enterprise application integration software|IBM InfoSphere DataStage,3,Technologies,44,Enterprise application integration software,5,IBM InfoSphere DataStage
30450006,Technologies|Enterprise application integration software|IBM WebSphere,3,Technologies,44,Enterprise application integration software,6,IBM WebSphere
30450007,Technologies|Enterprise application integration software|IBM WebSphere MQ,3,Technologies,44,Enterprise application integration software,7,IBM WebSphere MQ
30450008,Technologies|Enterprise application integration software|Jenkins CI,3,Technologies,44,Enterprise application integration software,8,Jenkins CI
30450009,Technologies|Enterprise application integration software|Jitterbit,3,Technologies,44,Enterprise application integration software,9,Jitterbit
30450010,Technologies|Enterprise application integration software|Microsoft SQL Server Integration Services SSIS,3,Technologies,44,Enterprise application integration software,10,Microsoft SQL Server Integration Services SSIS
30450011,Technologies|Enterprise application integration software|Oracle Data Integrator,3,Technologies,44,Enterprise application integration software,11,Oracle Data Integrator
30450012,Technologies|Enterprise application integration software|Oracle Fusion Middleware,3,Technologies,44,Enterprise application integration software,12,Oracle Fusion Middleware
30450013,Technologies|Enterprise application integration software|Rabbitmq,3,Technologies,44,Enterprise application integration software,13,Rabbitmq
30450014,Technologies|Enterprise application integration software|Rapid application development RAD software,3,Technologies,44,Enterprise application integration software,14,Rapid application development RAD software
30450015,Technologies|Enterprise application integration software|SAP NetWeaver,3,Technologies,44,Enterprise application integration software,15,SAP NetWeaver
30450016,Technologies|Enterprise application integration software|SAP Netweaver BW,3,Technologies,44,Enterprise application integration software,16,SAP Netweaver BW
30450017,Technologies|Enterprise application integration software|SAS Data Integration Studio,3,Technologies,44,Enterprise application integration software,17,SAS Data Integration Studio
30450018,Technologies|Enterprise application integration software|Systems integration software,3,Technologies,44,Enterprise application integration software,18,Systems integration software
30450019,Technologies|Enterprise application integration software|Talend Open Studio,3,Technologies,44,Enterprise application integration software,19,Talend Open Studio
30450020,Technologies|Enterprise application integration software|WebFOCUS,3,Technologies,44,Enterprise application integration software,20,WebFOCUS
30450021,Technologies|Enterprise application integration software|XML,3,Technologies,44,Enterprise application integration software,21,XML
30450022,Technologies|Enterprise application integration software|XSL (Extensible stylesheet language),3,Technologies,44,Enterprise application integration software,22,XSL (Extensible stylesheet language)
30450023,Technologies|Enterprise application integration software|Zapier,3,Technologies,44,Enterprise application integration software,23,Zapier
30460001,Technologies|Enterprise resource planning ERP software|ADP software,3,Technologies,45,Enterprise resource planning ERP software,1,ADP software
30460002,Technologies|Enterprise resource planning ERP software|Ab Initio,3,Technologies,45,Enterprise resource planning ERP software,2,Ab Initio
30460003,Technologies|Enterprise resource planning ERP software|Adaptive Planning,3,Technologies,45,Enterprise resource planning ERP software,3,Adaptive Planning
30460004,Technologies|Enterprise resource planning ERP software|Agency Master,3,Technologies,45,Enterprise resource planning ERP software,4,Agency Master
30460005,Technologies|Enterprise resource planning ERP software|Agency management software,3,Technologies,45,Enterprise resource planning ERP software,5,Agency management software
30460006,Technologies|Enterprise resource planning ERP software|Ameresco software,3,Technologies,45,Enterprise resource planning ERP software,6,Ameresco software
30460007,Technologies|Enterprise resource planning ERP software|Aprimo Marketing,3,Technologies,45,Enterprise resource planning ERP software,7,Aprimo Marketing
30460008,Technologies|Enterprise resource planning ERP software|Autotask,3,Technologies,45,Enterprise resource planning ERP software,8,Autotask
30460009,Technologies|Enterprise resource planning ERP software|Brainworks,3,Technologies,45,Enterprise resource planning ERP software,9,Brainworks
30460010,Technologies|Enterprise resource planning ERP software|Business continuity software,3,Technologies,45,Enterprise resource planning ERP software,10,Business continuity software
30460011,Technologies|Enterprise resource planning ERP software|Business performance management BPM software,3,Technologies,45,Enterprise resource planning ERP software,11,Business performance management BPM software
30460012,Technologies|Enterprise resource planning ERP software|Business process management BPM software,3,Technologies,45,Enterprise resource planning ERP software,12,Business process management BPM software
30460013,Technologies|Enterprise resource planning ERP software|CA Clarity PPM,3,Technologies,45,Enterprise resource planning ERP software,13,CA Clarity PPM
30460014,Technologies|Enterprise resource planning ERP software|CityWorks,3,Technologies,45,Enterprise resource planning ERP software,14,CityWorks
30460015,Technologies|Enterprise resource planning ERP software|Collaborative application lifecycle management ALM software,3,Technologies,45,Enterprise resource planning ERP software,15,Collaborative application lifecycle management ALM software
30460016,Technologies|Enterprise resource planning ERP software|Datatel Colleague,3,Technologies,45,Enterprise resource planning ERP software,16,Datatel Colleague
30460017,Technologies|Enterprise resource planning ERP software|Deacom ERP,3,Technologies,45,Enterprise resource planning ERP software,17,Deacom ERP
30460018,Technologies|Enterprise resource planning ERP software|Deltek,3,Technologies,45,Enterprise resource planning ERP software,18,Deltek
30460019,Technologies|Enterprise resource planning ERP software|Deltek Vision,3,Technologies,45,Enterprise resource planning ERP software,19,Deltek Vision
30460020,Technologies|Enterprise resource planning ERP software|ERP software,3,Technologies,45,Enterprise resource planning ERP software,20,ERP software
30460021,Technologies|Enterprise resource planning ERP software|Ellucian Banner ERP,3,Technologies,45,Enterprise resource planning ERP software,21,Ellucian Banner ERP
30460022,Technologies|Enterprise resource planning ERP software|Ellucian Colleague,3,Technologies,45,Enterprise resource planning ERP software,22,Ellucian Colleague
30460023,Technologies|Enterprise resource planning ERP software|Enterprise resource planning ERP software,3,Technologies,45,Enterprise resource planning ERP software,23,Enterprise resource planning ERP software
30460024,Technologies|Enterprise resource planning ERP software|Enterprise resource planning ERP system,3,Technologies,45,Enterprise resource planning ERP software,24,Enterprise resource planning ERP system
30460025,Technologies|Enterprise resource planning ERP software|Epicor,3,Technologies,45,Enterprise resource planning ERP software,25,Epicor
30460026,Technologies|Enterprise resource planning ERP software|Epicor Vantage,3,Technologies,45,Enterprise resource planning ERP software,26,Epicor Vantage
30460027,Technologies|Enterprise resource planning ERP software|Epicor Vista ERP,3,Technologies,45,Enterprise resource planning ERP software,27,Epicor Vista ERP
30460028,Technologies|Enterprise resource planning ERP software|Exact MAX,3,Technologies,45,Enterprise resource planning ERP software,28,Exact MAX
30460029,Technologies|Enterprise resource planning ERP software|IBM AS400,3,Technologies,45,Enterprise resource planning ERP software,29,IBM AS400
30460030,Technologies|Enterprise resource planning ERP software|IBM Cognos Planning,3,Technologies,45,Enterprise resource planning ERP software,30,IBM Cognos Planning
30460031,Technologies|Enterprise resource planning ERP software|IBM Cognos ReportNet,3,Technologies,45,Enterprise resource planning ERP software,31,IBM Cognos ReportNet
30460032,Technologies|Enterprise resource planning ERP software|IBM Maximo,3,Technologies,45,Enterprise resource planning ERP software,32,IBM Maximo
30460033,Technologies|Enterprise resource planning ERP software|IBM Maximo Asset Management,3,Technologies,45,Enterprise resource planning ERP software,33,IBM Maximo Asset Management
30460034,Technologies|Enterprise resource planning ERP software|Infor EAM,3,Technologies,45,Enterprise resource planning ERP software,34,Infor EAM
30460035,Technologies|Enterprise resource planning ERP software|Infor ERP Visual,3,Technologies,45,Enterprise resource planning ERP software,35,Infor ERP Visual
30460036,Technologies|Enterprise resource planning ERP software|Infor XA,3,Technologies,45,Enterprise resource planning ERP software,36,Infor XA
30460037,Technologies|Enterprise resource planning ERP software|Intacct ERP,3,Technologies,45,Enterprise resource planning ERP software,37,Intacct ERP
30460038,Technologies|Enterprise resource planning ERP software|JD Edwards,3,Technologies,45,Enterprise resource planning ERP software,38,JD Edwards
30460039,Technologies|Enterprise resource planning ERP software|Jenzabar EX,3,Technologies,45,Enterprise resource planning ERP software,39,Jenzabar EX
30460040,Technologies|Enterprise resource planning ERP software|JobBOSS,3,Technologies,45,Enterprise resource planning ERP software,40,JobBOSS
30460041,Technologies|Enterprise resource planning ERP software|Lawson ERP,3,Technologies,45,Enterprise resource planning ERP software,41,Lawson ERP
30460042,Technologies|Enterprise resource planning ERP software|Maintenance software,3,Technologies,45,Enterprise resource planning ERP software,42,Maintenance software
30460043,Technologies|Enterprise resource planning ERP software|Management information systems MIS,3,Technologies,45,Enterprise resource planning ERP software,43,Management information systems MIS
30460044,Technologies|Enterprise resource planning ERP software|Manufacturing resource planning MRP software,3,Technologies,45,Enterprise resource planning ERP software,44,Manufacturing resource planning MRP software
30460045,Technologies|Enterprise resource planning ERP software|Microsoft Axapta,3,Technologies,45,Enterprise resource planning ERP software,45,Microsoft Axapta
30460046,Technologies|Enterprise resource planning ERP software|Microsoft Business Intelligence BI,3,Technologies,45,Enterprise resource planning ERP software,46,Microsoft Business Intelligence BI
30460047,Technologies|Enterprise resource planning ERP software|Microsoft Dynamics,3,Technologies,45,Enterprise resource planning ERP software,47,Microsoft Dynamics
30460048,Technologies|Enterprise resource planning ERP software|Microsoft Dynamics AX,3,Technologies,45,Enterprise resource planning ERP software,48,Microsoft Dynamics AX
30460049,Technologies|Enterprise resource planning ERP software|Microsoft Dynamics ERP,3,Technologies,45,Enterprise resource planning ERP software,49,Microsoft Dynamics ERP
30460050,Technologies|Enterprise resource planning ERP software|Microsoft Dynamics GP,3,Technologies,45,Enterprise resource planning ERP software,50,Microsoft Dynamics GP
30460051,Technologies|Enterprise resource planning ERP software|Microsoft Dynamics NAV,3,Technologies,45,Enterprise resource planning ERP software,51,Microsoft Dynamics NAV
30460052,Technologies|Enterprise resource planning ERP software|Microsoft Dynamics SL,3,Technologies,45,Enterprise resource planning ERP software,52,Microsoft Dynamics SL
30460053,Technologies|Enterprise resource planning ERP software|NetSuite,3,Technologies,45,Enterprise resource planning ERP software,53,NetSuite
30460054,Technologies|Enterprise resource planning ERP software|NetSuite ERP,3,Technologies,45,Enterprise resource planning ERP software,54,NetSuite ERP
30460055,Technologies|Enterprise resource planning ERP software|Oracle Business Intelligence Publisher,3,Technologies,45,Enterprise resource planning ERP software,55,Oracle Business Intelligence Publisher
30460056,Technologies|Enterprise resource planning ERP software|Oracle E-Business Suite,3,Technologies,45,Enterprise resource planning ERP software,56,Oracle E-Business Suite
30460057,Technologies|Enterprise resource planning ERP software|Oracle Fusion Applications,3,Technologies,45,Enterprise resource planning ERP software,57,Oracle Fusion Applications
30460058,Technologies|Enterprise resource planning ERP software|Oracle Hyperion,3,Technologies,45,Enterprise resource planning ERP software,58,Oracle Hyperion
30460059,Technologies|Enterprise resource planning ERP software|Oracle JD Edwards EnterpriseOne,3,Technologies,45,Enterprise resource planning ERP software,59,Oracle JD Edwards EnterpriseOne
30460060,Technologies|Enterprise resource planning ERP software|Oracle PeopleSoft,3,Technologies,45,Enterprise resource planning ERP software,60,Oracle PeopleSoft
30460061,Technologies|Enterprise resource planning ERP software|Oracle PeopleSoft Enterprise,3,Technologies,45,Enterprise resource planning ERP software,61,Oracle PeopleSoft Enterprise
30460062,Technologies|Enterprise resource planning ERP software|Oracle PeopleSoft Financials,3,Technologies,45,Enterprise resource planning ERP software,62,Oracle PeopleSoft Financials
30460063,Technologies|Enterprise resource planning ERP software|Oracle PeopleSoft Human Capital Management,3,Technologies,45,Enterprise resource planning ERP software,63,Oracle PeopleSoft Human Capital Management
30460064,Technologies|Enterprise resource planning ERP software|OutlookSoft,3,Technologies,45,Enterprise resource planning ERP software,64,OutlookSoft
30460065,Technologies|Enterprise resource planning ERP software|PRONTO Xi,3,Technologies,45,Enterprise resource planning ERP software,65,PRONTO Xi
30460066,Technologies|Enterprise resource planning ERP software|Pharmacy management software,3,Technologies,45,Enterprise resource planning ERP software,66,Pharmacy management software
30460067,Technologies|Enterprise resource planning ERP software|Plant maintenance software,3,Technologies,45,Enterprise resource planning ERP software,67,Plant maintenance software
30460068,Technologies|Enterprise resource planning ERP software|Product lifecycle management PLM software,3,Technologies,45,Enterprise resource planning ERP software,68,Product lifecycle management PLM software
30460069,Technologies|Enterprise resource planning ERP software|Project portfolio management PPM software,3,Technologies,45,Enterprise resource planning ERP software,69,Project portfolio management PPM software
30460070,Technologies|Enterprise resource planning ERP software|Property management software,3,Technologies,45,Enterprise resource planning ERP software,70,Property management software
30460071,Technologies|Enterprise resource planning ERP software|Resource planning software,3,Technologies,45,Enterprise resource planning ERP software,71,Resource planning software
30460072,Technologies|Enterprise resource planning ERP software|SAP,3,Technologies,45,Enterprise resource planning ERP software,72,SAP
30460073,Technologies|Enterprise resource planning ERP software|SAP Business Objects,3,Technologies,45,Enterprise resource planning ERP software,73,SAP Business Objects
30460074,Technologies|Enterprise resource planning ERP software|SAP Business One,3,Technologies,45,Enterprise resource planning ERP software,74,SAP Business One
30460075,Technologies|Enterprise resource planning ERP software|SAP ERP,3,Technologies,45,Enterprise resource planning ERP software,75,SAP ERP
30460076,Technologies|Enterprise resource planning ERP software|SAP ERP Financials,3,Technologies,45,Enterprise resource planning ERP software,76,SAP ERP Financials
30460077,Technologies|Enterprise resource planning ERP software|SAP ERP Operations,3,Technologies,45,Enterprise resource planning ERP software,77,SAP ERP Operations
30460078,Technologies|Enterprise resource planning ERP software|SAP Fiori,3,Technologies,45,Enterprise resource planning ERP software,78,SAP Fiori
30460079,Technologies|Enterprise resource planning ERP software|SAP HANA,3,Technologies,45,Enterprise resource planning ERP software,79,SAP HANA
30460080,Technologies|Enterprise resource planning ERP software|SAP Lumira,3,Technologies,45,Enterprise resource planning ERP software,80,SAP Lumira
30460081,Technologies|Enterprise resource planning ERP software|SAP Maintenance,3,Technologies,45,Enterprise resource planning ERP software,81,SAP Maintenance
30460082,Technologies|Enterprise resource planning ERP software|SYSPRO,3,Technologies,45,Enterprise resource planning ERP software,82,SYSPRO
30460083,Technologies|Enterprise resource planning ERP software|Sage 100 ERP,3,Technologies,45,Enterprise resource planning ERP software,83,Sage 100 ERP
30460084,Technologies|Enterprise resource planning ERP software|Sage 300 ERP,3,Technologies,45,Enterprise resource planning ERP software,84,Sage 300 ERP
30460085,Technologies|Enterprise resource planning ERP software|Sage ERP Accpac,3,Technologies,45,Enterprise resource planning ERP software,85,Sage ERP Accpac
30460086,Technologies|Enterprise resource planning ERP software|Sage MAS 200,3,Technologies,45,Enterprise resource planning ERP software,86,Sage MAS 200
30460087,Technologies|Enterprise resource planning ERP software|Sage MAS 90,3,Technologies,45,Enterprise resource planning ERP software,87,Sage MAS 90
30460088,Technologies|Enterprise resource planning ERP software|ServiceNow,3,Technologies,45,Enterprise resource planning ERP software,88,ServiceNow
30460089,Technologies|Enterprise resource planning ERP software|Special Agent,3,Technologies,45,Enterprise resource planning ERP software,89,Special Agent
30460090,Technologies|Enterprise resource planning ERP software|The Agency Manager (TAM),3,Technologies,45,Enterprise resource planning ERP software,90,The Agency Manager (TAM)
30460091,Technologies|Enterprise resource planning ERP software|Trans4M,3,Technologies,45,Enterprise resource planning ERP software,91,Trans4M
30470001,Technologies|Enterprise system management software|IBM Power Systems software,3,Technologies,46,Enterprise system management software,1,IBM Power Systems software
30470002,Technologies|Enterprise system management software|Microsoft System Center,3,Technologies,46,Enterprise system management software,2,Microsoft System Center
30470003,Technologies|Enterprise system management software|Microsoft Systems Management Server,3,Technologies,46,Enterprise system management software,3,Microsoft Systems Management Server
30470004,Technologies|Enterprise system management software|Splunk Enterprise,3,Technologies,46,Enterprise system management software,4,Splunk Enterprise
30480001,Technologies|Expert system software|Ansible software,3,Technologies,47,Expert system software,1,Ansible software
30480002,Technologies|Expert system software|Apache Mahout,3,Technologies,47,Expert system software,2,Apache Mahout
30480003,Technologies|Expert system software|Computer assisted telephone interviewing CATI software,3,Technologies,47,Expert system software,3,Computer assisted telephone interviewing CATI software
30480004,Technologies|Expert system software|Decision support software,3,Technologies,47,Expert system software,4,Decision support software
30480005,Technologies|Expert system software|Document creation software,3,Technologies,47,Expert system software,5,Document creation software
30480006,Technologies|Expert system software|Legal software,3,Technologies,47,Expert system software,6,Legal software
30480007,Technologies|Expert system software|MASterMind,3,Technologies,47,Expert system software,7,MASterMind
30480008,Technologies|Expert system software|Oracle Beehive,3,Technologies,47,Expert system software,8,Oracle Beehive
30480009,Technologies|Expert system software|Positive train control PTC systems,3,Technologies,47,Expert system software,9,Positive train control PTC systems
30490001,Technologies|Facilities management software|Alarm system software,3,Technologies,48,Facilities management software,1,Alarm system software
30490002,Technologies|Facilities management software|Building management system software,3,Technologies,48,Facilities management software,2,Building management system software
30490003,Technologies|Facilities management software|Computerized maintenance management system CMMS,3,Technologies,48,Facilities management software,3,Computerized maintenance management system CMMS
30490004,Technologies|Facilities management software|Cworks CMMS,3,Technologies,48,Facilities management software,4,Cworks CMMS
30490005,Technologies|Facilities management software|Facilities management software,3,Technologies,48,Facilities management software,5,Facilities management software
30490006,Technologies|Facilities management software|Hotel management system software,3,Technologies,48,Facilities management software,6,Hotel management system software
30490007,Technologies|Facilities management software|Housekeeping management software,3,Technologies,48,Facilities management software,7,Housekeeping management software
30490008,Technologies|Facilities management software|InnQuest roomMaster,3,Technologies,48,Facilities management software,8,InnQuest roomMaster
30490009,Technologies|Facilities management software|Leak detection systems,3,Technologies,48,Facilities management software,9,Leak detection systems
30490010,Technologies|Facilities management software|Mainsaver Asset Management,3,Technologies,48,Facilities management software,10,Mainsaver Asset Management
30490011,Technologies|Facilities management software|Maintenance management software,3,Technologies,48,Facilities management software,11,Maintenance management software
30490012,Technologies|Facilities management software|Maintenance planning software,3,Technologies,48,Facilities management software,12,Maintenance planning software
30490013,Technologies|Facilities management software|Maintenance reporting software,3,Technologies,48,Facilities management software,13,Maintenance reporting software
30490014,Technologies|Facilities management software|ManagerPlus,3,Technologies,48,Facilities management software,14,ManagerPlus
30490015,Technologies|Facilities management software|Mine Planning Software,3,Technologies,48,Facilities management software,15,Mine Planning Software
30490016,Technologies|Facilities management software|Mine maintenance software,3,Technologies,48,Facilities management software,16,Mine maintenance software
30490017,Technologies|Facilities management software|Oracle Enterprise Asset Management eAM,3,Technologies,48,Facilities management software,17,Oracle Enterprise Asset Management eAM
30490018,Technologies|Facilities management software|Plant management software,3,Technologies,48,Facilities management software,18,Plant management software
30490019,Technologies|Facilities management software|Resort Data Processing,3,Technologies,48,Facilities management software,19,Resort Data Processing
30490020,Technologies|Facilities management software|Shop management software,3,Technologies,48,Facilities management software,20,Shop management software
30490021,Technologies|Facilities management software|Vehicle management software,3,Technologies,48,Facilities management software,21,Vehicle management software
30500001,Technologies|File versioning software|Apache Subversion,3,Technologies,49,File versioning software,1,Apache Subversion
30500002,Technologies|File versioning software|Continuous integration software,3,Technologies,49,File versioning software,2,Continuous integration software
30500003,Technologies|File versioning software|Git,3,Technologies,49,File versioning software,3,Git
30500004,Technologies|File versioning software|Version control software,3,Technologies,49,File versioning software,4,Version control software
30500005,Technologies|File versioning software|WinMerge,3,Technologies,49,File versioning software,5,WinMerge
30510001,Technologies|Filesystem software|Electronic filing software,3,Technologies,50,Filesystem software,1,Electronic filing software
30510002,Technologies|Filesystem software|File transfer protocol FTP software,3,Technologies,50,Filesystem software,2,File transfer protocol FTP software
30510003,Technologies|Filesystem software|Samba,3,Technologies,50,Filesystem software,3,Samba
30520001,Technologies|Financial analysis software|ACL Analytics,3,Technologies,51,Financial analysis software,1,ACL Analytics
30520002,Technologies|Financial analysis software|Advent Axys,3,Technologies,51,Financial analysis software,2,Advent Axys
30520003,Technologies|Financial analysis software|Appraisal software,3,Technologies,51,Financial analysis software,3,Appraisal software
30520004,Technologies|Financial analysis software|Asset allocation software,3,Technologies,51,Financial analysis software,4,Asset allocation software
30520005,Technologies|Financial analysis software|Audit management software,3,Technologies,51,Financial analysis software,5,Audit management software
30520006,Technologies|Financial analysis software|Auditing software,3,Technologies,51,Financial analysis software,6,Auditing software
30520007,Technologies|Financial analysis software|Bloomberg,3,Technologies,51,Financial analysis software,7,Bloomberg
30520008,Technologies|Financial analysis software|Budget monitoring systems,3,Technologies,51,Financial analysis software,8,Budget monitoring systems
30520009,Technologies|Financial analysis software|CaseWare Working Papers,3,Technologies,51,Financial analysis software,9,CaseWare Working Papers
30520010,Technologies|Financial analysis software|Cash flow software,3,Technologies,51,Financial analysis software,10,Cash flow software
30520011,Technologies|Financial analysis software|Cost estimation software,3,Technologies,51,Financial analysis software,11,Cost estimation software
30520012,Technologies|Financial analysis software|Datavantage,3,Technologies,51,Financial analysis software,12,Datavantage
30520013,Technologies|Financial analysis software|Delphi Technology,3,Technologies,51,Financial analysis software,13,Delphi Technology
30520014,Technologies|Financial analysis software|Estate planning software,3,Technologies,51,Financial analysis software,14,Estate planning software
30520015,Technologies|Financial analysis software|Financial Competence,3,Technologies,51,Financial analysis software,15,Financial Competence
30520016,Technologies|Financial analysis software|Financial analysis software,3,Technologies,51,Financial analysis software,16,Financial analysis software
30520017,Technologies|Financial analysis software|Financial modeling software,3,Technologies,51,Financial analysis software,17,Financial modeling software
30520018,Technologies|Financial analysis software|Financial planning software,3,Technologies,51,Financial analysis software,18,Financial planning software
30520019,Technologies|Financial analysis software|GGY AXIS,3,Technologies,51,Financial analysis software,19,GGY AXIS
30520020,Technologies|Financial analysis software|Insurance analysis software,3,Technologies,51,Financial analysis software,20,Insurance analysis software
30520021,Technologies|Financial analysis software|Loan origination software,3,Technologies,51,Financial analysis software,21,Loan origination software
30520022,Technologies|Financial analysis software|Longview Consolidation,3,Technologies,51,Financial analysis software,22,Longview Consolidation
30520023,Technologies|Financial analysis software|MasterPlan,3,Technologies,51,Financial analysis software,23,MasterPlan
30520024,Technologies|Financial analysis software|Microsoft Money,3,Technologies,51,Financial analysis software,24,Microsoft Money
30520025,Technologies|Financial analysis software|Monte Carlo simulation software,3,Technologies,51,Financial analysis software,25,Monte Carlo simulation software
30520026,Technologies|Financial analysis software|Needs analysis software,3,Technologies,51,Financial analysis software,26,Needs analysis software
30520027,Technologies|Financial analysis software|Oracle E-Business Suite Financials,3,Technologies,51,Financial analysis software,27,Oracle E-Business Suite Financials
30520028,Technologies|Financial analysis software|Oracle Hyperion Planning,3,Technologies,51,Financial analysis software,28,Oracle Hyperion Planning
30520029,Technologies|Financial analysis software|Portfolio analysis software,3,Technologies,51,Financial analysis software,29,Portfolio analysis software
30520030,Technologies|Financial analysis software|Portfolio management software,3,Technologies,51,Financial analysis software,30,Portfolio management software
30520031,Technologies|Financial analysis software|Pricing software,3,Technologies,51,Financial analysis software,31,Pricing software
30520032,Technologies|Financial analysis software|QuoteWerks,3,Technologies,51,Financial analysis software,32,QuoteWerks
30520033,Technologies|Financial analysis software|Real Pro,3,Technologies,51,Financial analysis software,33,Real Pro
30520034,Technologies|Financial analysis software|Real estate application contract transmission REACT software,3,Technologies,51,Financial analysis software,34,Real estate application contract transmission REACT software
30520035,Technologies|Financial analysis software|Retirement planning software,3,Technologies,51,Financial analysis software,35,Retirement planning software
30520036,Technologies|Financial analysis software|Sage MAS 500,3,Technologies,51,Financial analysis software,36,Sage MAS 500
30520037,Technologies|Financial analysis software|SimCorp Dimension (SCD),3,Technologies,51,Financial analysis software,37,SimCorp Dimension (SCD)
30520038,Technologies|Financial analysis software|Tropics,3,Technologies,51,Financial analysis software,38,Tropics
30520039,Technologies|Financial analysis software|Underwriting software,3,Technologies,51,Financial analysis software,39,Underwriting software
30530001,Technologies|Flight control software|Expedite departure path EDP software,3,Technologies,52,Flight control software,1,Expedite departure path EDP software
30530002,Technologies|Flight control software|Traffic management advisor TMA software,3,Technologies,52,Flight control software,2,Traffic management advisor TMA software
30540001,Technologies|Foreign language software|Computer assisted language learning CALL software,3,Technologies,53,Foreign language software,1,Computer assisted language learning CALL software
30550001,Technologies|Graphical user interface development software|Adobe Systems Adobe RoboHelp,3,Technologies,54,Graphical user interface development software,1,Adobe Systems Adobe RoboHelp
30550002,Technologies|Graphical user interface development software|Graphical user interface GUI builder software,3,Technologies,54,Graphical user interface development software,2,Graphical user interface GUI builder software
30550003,Technologies|Graphical user interface development software|Graphical user interface GUI design software,3,Technologies,54,Graphical user interface development software,3,Graphical user interface GUI design software
30550004,Technologies|Graphical user interface development software|Graphical user interfaces GUI,3,Technologies,54,Graphical user interface development software,4,Graphical user interfaces GUI
30550005,Technologies|Graphical user interface development software|Microsoft Expression Blend,3,Technologies,54,Graphical user interface development software,5,Microsoft Expression Blend
30560001,Technologies|Graphics or photo imaging software|3D graphics software,3,Technologies,55,Graphics or photo imaging software,1,3D graphics software
30560002,Technologies|Graphics or photo imaging software|Adobe Firefly Suites,3,Technologies,55,Graphics or photo imaging software,2,Adobe Firefly Suites
30560003,Technologies|Graphics or photo imaging software|Adobe Systems Adobe Creative Cloud,3,Technologies,55,Graphics or photo imaging software,3,Adobe Systems Adobe Creative Cloud
30560004,Technologies|Graphics or photo imaging software|Adobe Systems Adobe Fireworks,3,Technologies,55,Graphics or photo imaging software,4,Adobe Systems Adobe Fireworks
30560005,Technologies|Graphics or photo imaging software|Adobe Systems Adobe Flash,3,Technologies,55,Graphics or photo imaging software,5,Adobe Systems Adobe Flash
30560006,Technologies|Graphics or photo imaging software|Adobe Systems Adobe FreeHand,3,Technologies,55,Graphics or photo imaging software,6,Adobe Systems Adobe FreeHand
30560007,Technologies|Graphics or photo imaging software|Adobe Systems Adobe Illustrator,3,Technologies,55,Graphics or photo imaging software,7,Adobe Systems Adobe Illustrator
30560008,Technologies|Graphics or photo imaging software|Adobe Systems Adobe ImageReady,3,Technologies,55,Graphics or photo imaging software,8,Adobe Systems Adobe ImageReady
30560009,Technologies|Graphics or photo imaging software|Adobe Systems Adobe Photoshop,3,Technologies,55,Graphics or photo imaging software,9,Adobe Systems Adobe Photoshop
30560010,Technologies|Graphics or photo imaging software|Adobe Systems Adobe Photoshop Lightroom,3,Technologies,55,Graphics or photo imaging software,10,Adobe Systems Adobe Photoshop Lightroom
30560011,Technologies|Graphics or photo imaging software|Adobe creative suite,3,Technologies,55,Graphics or photo imaging software,11,Adobe creative suite
30560012,Technologies|Graphics or photo imaging software|Animation software,3,Technologies,55,Graphics or photo imaging software,12,Animation software
30560013,Technologies|Graphics or photo imaging software|Augmented Reality,3,Technologies,55,Graphics or photo imaging software,13,Augmented Reality
30560014,Technologies|Graphics or photo imaging software|Autodesk Combustion,3,Technologies,55,Graphics or photo imaging software,14,Autodesk Combustion
30560015,Technologies|Graphics or photo imaging software|Autodesk Maya,3,Technologies,55,Graphics or photo imaging software,15,Autodesk Maya
30560016,Technologies|Graphics or photo imaging software|Autodesk Mudbox,3,Technologies,55,Graphics or photo imaging software,16,Autodesk Mudbox
30560017,Technologies|Graphics or photo imaging software|Autodesk SketchBook Pro,3,Technologies,55,Graphics or photo imaging software,17,Autodesk SketchBook Pro
30560018,Technologies|Graphics or photo imaging software|Autodesk SoftImage,3,Technologies,55,Graphics or photo imaging software,18,Autodesk SoftImage
30560019,Technologies|Graphics or photo imaging software|CG / Computer Graphics,3,Technologies,55,Graphics or photo imaging software,19,CG / Computer Graphics
30560020,Technologies|Graphics or photo imaging software|Canva,3,Technologies,55,Graphics or photo imaging software,20,Canva
30560021,Technologies|Graphics or photo imaging software|Character Studio,3,Technologies,55,Graphics or photo imaging software,21,Character Studio
30560022,Technologies|Graphics or photo imaging software|Computer graphics software,3,Technologies,55,Graphics or photo imaging software,22,Computer graphics software
30560023,Technologies|Graphics or photo imaging software|Computer imaging software,3,Technologies,55,Graphics or photo imaging software,23,Computer imaging software
30560024,Technologies|Graphics or photo imaging software|Computer vision,3,Technologies,55,Graphics or photo imaging software,24,Computer vision
30560025,Technologies|Graphics or photo imaging software|Corel CorelDraw Graphics Suite,3,Technologies,55,Graphics or photo imaging software,25,Corel CorelDraw Graphics Suite
30560026,Technologies|Graphics or photo imaging software|Corel Painter,3,Technologies,55,Graphics or photo imaging software,26,Corel Painter
30560027,Technologies|Graphics or photo imaging software|Corel Photo-Paint,3,Technologies,55,Graphics or photo imaging software,27,Corel Photo-Paint
30560028,Technologies|Graphics or photo imaging software|Digital imaging software,3,Technologies,55,Graphics or photo imaging software,28,Digital imaging software
30560029,Technologies|Graphics or photo imaging software|Drawing software,3,Technologies,55,Graphics or photo imaging software,29,Drawing software
30560030,Technologies|Graphics or photo imaging software|Figma,3,Technologies,55,Graphics or photo imaging software,30,Figma
30560031,Technologies|Graphics or photo imaging software|Graphic presentation software,3,Technologies,55,Graphics or photo imaging software,31,Graphic presentation software
30560032,Technologies|Graphics or photo imaging software|Graphics creation software,3,Technologies,55,Graphics or photo imaging software,32,Graphics creation software
30560033,Technologies|Graphics or photo imaging software|Graphics editing software,3,Technologies,55,Graphics or photo imaging software,33,Graphics editing software
30560034,Technologies|Graphics or photo imaging software|Graphics pipelines,3,Technologies,55,Graphics or photo imaging software,34,Graphics pipelines
30560035,Technologies|Graphics or photo imaging software|Graphics software,3,Technologies,55,Graphics or photo imaging software,35,Graphics software
30560036,Technologies|Graphics or photo imaging software|IRIS,3,Technologies,55,Graphics or photo imaging software,36,IRIS
30560037,Technologies|Graphics or photo imaging software|Image editing software,3,Technologies,55,Graphics or photo imaging software,37,Image editing software
30560038,Technologies|Graphics or photo imaging software|Image enhancement software,3,Technologies,55,Graphics or photo imaging software,38,Image enhancement software
30560039,Technologies|Graphics or photo imaging software|Image management software,3,Technologies,55,Graphics or photo imaging software,39,Image management software
30560040,Technologies|Graphics or photo imaging software|Image processing software,3,Technologies,55,Graphics or photo imaging software,40,Image processing software
30560041,Technologies|Graphics or photo imaging software|Image processing systems,3,Technologies,55,Graphics or photo imaging software,41,Image processing systems
30560042,Technologies|Graphics or photo imaging software|Image recognition,3,Technologies,55,Graphics or photo imaging software,42,Image recognition
30560043,Technologies|Graphics or photo imaging software|Imaging software,3,Technologies,55,Graphics or photo imaging software,43,Imaging software
30560044,Technologies|Graphics or photo imaging software|Inkscape,3,Technologies,55,Graphics or photo imaging software,44,Inkscape
30560045,Technologies|Graphics or photo imaging software|Katana,3,Technologies,55,Graphics or photo imaging software,45,Katana
30560046,Technologies|Graphics or photo imaging software|Maya,3,Technologies,55,Graphics or photo imaging software,46,Maya
30560047,Technologies|Graphics or photo imaging software|Mayer-Johnson Boardmaker,3,Technologies,55,Graphics or photo imaging software,47,Mayer-Johnson Boardmaker
30560048,Technologies|Graphics or photo imaging software|Microsoft Paint,3,Technologies,55,Graphics or photo imaging software,48,Microsoft Paint
30560049,Technologies|Graphics or photo imaging software|Microsoft Visio,3,Technologies,55,Graphics or photo imaging software,49,Microsoft Visio
30560050,Technologies|Graphics or photo imaging software|Motion graphics software,3,Technologies,55,Graphics or photo imaging software,50,Motion graphics software
30560051,Technologies|Graphics or photo imaging software|OpenGL,3,Technologies,55,Graphics or photo imaging software,51,OpenGL
30560052,Technologies|Graphics or photo imaging software|Optical imaging systems,3,Technologies,55,Graphics or photo imaging software,52,Optical imaging systems
30560053,Technologies|Graphics or photo imaging software|Paintbrush,3,Technologies,55,Graphics or photo imaging software,53,Paintbrush
30560054,Technologies|Graphics or photo imaging software|Photo editing software,3,Technologies,55,Graphics or photo imaging software,54,Photo editing software
30560055,Technologies|Graphics or photo imaging software|Photogrammetric software,3,Technologies,55,Graphics or photo imaging software,55,Photogrammetric software
30560056,Technologies|Graphics or photo imaging software|PhysioGraphic,3,Technologies,55,Graphics or photo imaging software,56,PhysioGraphic
30560057,Technologies|Graphics or photo imaging software|Pixologic Zbrush,3,Technologies,55,Graphics or photo imaging software,57,Pixologic Zbrush
30560058,Technologies|Graphics or photo imaging software|RealFlow,3,Technologies,55,Graphics or photo imaging software,58,RealFlow
30560059,Technologies|Graphics or photo imaging software|Snagit,3,Technologies,55,Graphics or photo imaging software,59,Snagit
30560060,Technologies|Graphics or photo imaging software|TechSmith Snagit,3,Technologies,55,Graphics or photo imaging software,60,TechSmith Snagit
30560061,Technologies|Graphics or photo imaging software|Three-dimensional 3D graphics software,3,Technologies,55,Graphics or photo imaging software,61,Three-dimensional 3D graphics software
30560062,Technologies|Graphics or photo imaging software|Trapcode Particular,3,Technologies,55,Graphics or photo imaging software,62,Trapcode Particular
30560063,Technologies|Graphics or photo imaging software|Virtual Reality,3,Technologies,55,Graphics or photo imaging software,63,Virtual Reality
30560064,Technologies|Graphics or photo imaging software|Virtual reality software,3,Technologies,55,Graphics or photo imaging software,64,Virtual reality software
30560065,Technologies|Graphics or photo imaging software|Visual Effects / VFX,3,Technologies,55,Graphics or photo imaging software,65,Visual Effects / VFX
30560066,Technologies|Graphics or photo imaging software|XV,3,Technologies,55,Graphics or photo imaging software,66,XV
30560067,Technologies|Graphics or photo imaging software|image data,3,Technologies,55,Graphics or photo imaging software,67,image data
30560068,Technologies|Graphics or photo imaging software|image processing,3,Technologies,55,Graphics or photo imaging software,68,image processing
30560069,Technologies|Graphics or photo imaging software|sK1,3,Technologies,55,Graphics or photo imaging software,69,sK1
30570001,Technologies|Helpdesk or call center software|Call center software,3,Technologies,56,Helpdesk or call center software,1,Call center software
30570002,Technologies|Helpdesk or call center software|Call tracking software,3,Technologies,56,Helpdesk or call center software,2,Call tracking software
30570003,Technologies|Helpdesk or call center software|Computer aided dispatch software,3,Technologies,56,Helpdesk or call center software,3,Computer aided dispatch software
30570004,Technologies|Helpdesk or call center software|Help desk software,3,Technologies,56,Helpdesk or call center software,4,Help desk software
30580001,Technologies|Human resources software|ADP Workforce Now,3,Technologies,57,Human resources software,1,ADP Workforce Now
30580002,Technologies|Human resources software|Applicant tracking software,3,Technologies,57,Human resources software,2,Applicant tracking software
30580003,Technologies|Human resources software|Bargaining Power,3,Technologies,57,Human resources software,3,Bargaining Power
30580004,Technologies|Human resources software|Bullhorn,3,Technologies,57,Human resources software,4,Bullhorn
30580005,Technologies|Human resources software|Bullhorn Applicant Tracking System,3,Technologies,57,Human resources software,5,Bullhorn Applicant Tracking System
30580006,Technologies|Human resources software|Candidate tracking software,3,Technologies,57,Human resources software,6,Candidate tracking software
30580007,Technologies|Human resources software|Ceridian,3,Technologies,57,Human resources software,7,Ceridian
30580008,Technologies|Human resources software|Empath,3,Technologies,57,Human resources software,8,Empath
30580009,Technologies|Human resources software|Employee performance management system,3,Technologies,57,Human resources software,9,Employee performance management system
30580010,Technologies|Human resources software|HRMDirect,3,Technologies,57,Human resources software,10,HRMDirect
30580011,Technologies|Human resources software|Human resource information system HRIS,3,Technologies,57,Human resources software,11,Human resource information system HRIS
30580012,Technologies|Human resources software|Human resource management software HRMS,3,Technologies,57,Human resources software,12,Human resource management software HRMS
30580013,Technologies|Human resources software|Human resources information system HRIS,3,Technologies,57,Human resources software,13,Human resources information system HRIS
30580014,Technologies|Human resources software|Human resources management system HRMS,3,Technologies,57,Human resources software,14,Human resources management system HRMS
30580015,Technologies|Human resources software|Human resources software,3,Technologies,57,Human resources software,15,Human resources software
30580016,Technologies|Human resources software|IBM Cognos,3,Technologies,57,Human resources software,16,IBM Cognos
30580017,Technologies|Human resources software|Icims,3,Technologies,57,Human resources software,17,Icims
30580018,Technologies|Human resources software|Job posting software,3,Technologies,57,Human resources software,18,Job posting software
30580019,Technologies|Human resources software|Oracle HRIS,3,Technologies,57,Human resources software,19,Oracle HRIS
30580020,Technologies|Human resources software|Oracle Learning Management,3,Technologies,57,Human resources software,20,Oracle Learning Management
30580021,Technologies|Human resources software|Oracle Taleo,3,Technologies,57,Human resources software,21,Oracle Taleo
30580022,Technologies|Human resources software|Paychex,3,Technologies,57,Human resources software,22,Paychex
30580023,Technologies|Human resources software|Personnel management software,3,Technologies,57,Human resources software,23,Personnel management software
30580024,Technologies|Human resources software|Post Once,3,Technologies,57,Human resources software,24,Post Once
30580025,Technologies|Human resources software|QuestionMark,3,Technologies,57,Human resources software,25,QuestionMark
30580026,Technologies|Human resources software|Recruitment management software,3,Technologies,57,Human resources software,26,Recruitment management software
30580027,Technologies|Human resources software|Synygy,3,Technologies,57,Human resources software,27,Synygy
30580028,Technologies|Human resources software|Ultimate Software UltiPro,3,Technologies,57,Human resources software,28,Ultimate Software UltiPro
30580029,Technologies|Human resources software|Workforce management software,3,Technologies,57,Human resources software,29,Workforce management software
30580030,Technologies|Human resources software|eQuest,3,Technologies,57,Human resources software,30,eQuest
30590001,Technologies|Industrial control software|Alerton Ascent Compass,3,Technologies,58,Industrial control software,1,Alerton Ascent Compass
30590002,Technologies|Industrial control software|Allen Bradley PanelView,3,Technologies,58,Industrial control software,2,Allen Bradley PanelView
30590003,Technologies|Industrial control software|Artificial intelligence software,3,Technologies,58,Industrial control software,3,Artificial intelligence software
30590004,Technologies|Industrial control software|Autodesk HSMWorks,3,Technologies,58,Industrial control software,4,Autodesk HSMWorks
30590005,Technologies|Industrial control software|Automated systems software,3,Technologies,58,Industrial control software,5,Automated systems software
30590006,Technologies|Industrial control software|Building automation software,3,Technologies,58,Industrial control software,6,Building automation software
30590007,Technologies|Industrial control software|CODESYS,3,Technologies,58,Industrial control software,7,CODESYS
30590008,Technologies|Industrial control software|Caterpillar Command,3,Technologies,58,Industrial control software,8,Caterpillar Command
30590009,Technologies|Industrial control software|Computer numerical control CNC editor software,3,Technologies,58,Industrial control software,9,Computer numerical control CNC editor software
30590010,Technologies|Industrial control software|Computer numerical control CNC software,3,Technologies,58,Industrial control software,10,Computer numerical control CNC software
30590011,Technologies|Industrial control software|Computerized numerical control CNC machine software,3,Technologies,58,Industrial control software,11,Computerized numerical control CNC machine software
30590012,Technologies|Industrial control software|Computerized numerical control CNC programming software,3,Technologies,58,Industrial control software,12,Computerized numerical control CNC programming software
30590013,Technologies|Industrial control software|Computerized numerical control CNC software,3,Technologies,58,Industrial control software,13,Computerized numerical control CNC software
30590014,Technologies|Industrial control software|Continuous emissions monitoring systems CEMS,3,Technologies,58,Industrial control software,14,Continuous emissions monitoring systems CEMS
30590015,Technologies|Industrial control software|Control system software,3,Technologies,58,Industrial control software,15,Control system software
30590016,Technologies|Industrial control software|Distributed control system DCS,3,Technologies,58,Industrial control software,16,Distributed control system DCS
30590017,Technologies|Industrial control software|Distribution management system DMS,3,Technologies,58,Industrial control software,17,Distribution management system DMS
30590018,Technologies|Industrial control software|EPLAN software,3,Technologies,58,Industrial control software,18,EPLAN software
30590019,Technologies|Industrial control software|Emerson Ovation,3,Technologies,58,Industrial control software,19,Emerson Ovation
30590020,Technologies|Industrial control software|Energy management system EMS,3,Technologies,58,Industrial control software,20,Energy management system EMS
30590021,Technologies|Industrial control software|Fanuc CNC software,3,Technologies,58,Industrial control software,21,Fanuc CNC software
30590022,Technologies|Industrial control software|Human machine interface HMI software,3,Technologies,58,Industrial control software,22,Human machine interface HMI software
30590023,Technologies|Industrial control software|Industrial control systems software,3,Technologies,58,Industrial control software,23,Industrial control systems software
30590024,Technologies|Industrial control software|Johnson Controls Metasys,3,Technologies,58,Industrial control software,24,Johnson Controls Metasys
30590025,Technologies|Industrial control software|Machine control software,3,Technologies,58,Industrial control software,25,Machine control software
30590026,Technologies|Industrial control software|Machine control systems,3,Technologies,58,Industrial control software,26,Machine control systems
30590027,Technologies|Industrial control software|Machine monitoring software,3,Technologies,58,Industrial control software,27,Machine monitoring software
30590028,Technologies|Industrial control software|Manufacturing execution system MES,3,Technologies,58,Industrial control software,28,Manufacturing execution system MES
30590029,Technologies|Industrial control software|Motion control software,3,Technologies,58,Industrial control software,29,Motion control software
30590030,Technologies|Industrial control software|Numerical control software,3,Technologies,58,Industrial control software,30,Numerical control software
30590031,Technologies|Industrial control software|Outage management system OMS,3,Technologies,58,Industrial control software,31,Outage management system OMS
30590032,Technologies|Industrial control software|PQ Systems GAGEpack,3,Technologies,58,Industrial control software,32,PQ Systems GAGEpack
30590033,Technologies|Industrial control software|Package tracking software,3,Technologies,58,Industrial control software,33,Package tracking software
30590034,Technologies|Industrial control software|Process control software,3,Technologies,58,Industrial control software,34,Process control software
30590035,Technologies|Industrial control software|Process control system,3,Technologies,58,Industrial control software,35,Process control system
30590036,Technologies|Industrial control software|Programmable logic controllers PLC,3,Technologies,58,Industrial control software,36,Programmable logic controllers PLC
30590037,Technologies|Industrial control software|Quality control software,3,Technologies,58,Industrial control software,37,Quality control software
30590038,Technologies|Industrial control software|RTA Fleet Management,3,Technologies,58,Industrial control software,38,RTA Fleet Management
30590039,Technologies|Industrial control software|Rockwell RSView,3,Technologies,58,Industrial control software,39,Rockwell RSView
30590040,Technologies|Industrial control software|SAIC,3,Technologies,58,Industrial control software,40,SAIC
30590041,Technologies|Industrial control software|Siemens APOGEE Building Automation Software,3,Technologies,58,Industrial control software,41,Siemens APOGEE Building Automation Software
30590042,Technologies|Industrial control software|Siemens SIMATIC STEP 7,3,Technologies,58,Industrial control software,42,Siemens SIMATIC STEP 7
30590043,Technologies|Industrial control software|Siemens SIMATIC WinCC,3,Technologies,58,Industrial control software,43,Siemens SIMATIC WinCC
30590044,Technologies|Industrial control software|Siemens SINUMERIK CNC,3,Technologies,58,Industrial control software,44,Siemens SINUMERIK CNC
30590045,Technologies|Industrial control software|Sortation software,3,Technologies,58,Industrial control software,45,Sortation software
30590046,Technologies|Industrial control software|Statistical process control SPC software,3,Technologies,58,Industrial control software,46,Statistical process control SPC software
30590047,Technologies|Industrial control software|Supervisory control and data acquisition (SCADA) systems,3,Technologies,58,Industrial control software,47,Supervisory control and data acquisition (SCADA) systems
30590048,Technologies|Industrial control software|Traffic signal software,3,Technologies,58,Industrial control software,48,Traffic signal software
30590049,Technologies|Industrial control software|Variable frequency drive VFD software,3,Technologies,58,Industrial control software,49,Variable frequency drive VFD software
30590050,Technologies|Industrial control software|Wonderware InTouch,3,Technologies,58,Industrial control software,50,Wonderware InTouch
30590051,Technologies|Industrial control software|Wonderware InTouch HMI,3,Technologies,58,Industrial control software,51,Wonderware InTouch HMI
30600001,Technologies|Information retrieval or search software|Apache Avro,3,Technologies,59,Information retrieval or search software,1,Apache Avro
30600002,Technologies|Information retrieval or search software|Archival databases,3,Technologies,59,Information retrieval or search software,2,Archival databases
30600003,Technologies|Information retrieval or search software|Classification Web,3,Technologies,59,Information retrieval or search software,3,Classification Web
30600004,Technologies|Information retrieval or search software|Data validation software,3,Technologies,59,Information retrieval or search software,4,Data validation software
30600005,Technologies|Information retrieval or search software|Digital databases,3,Technologies,59,Information retrieval or search software,5,Digital databases
30600006,Technologies|Information retrieval or search software|Factiva,3,Technologies,59,Information retrieval or search software,6,Factiva
30600007,Technologies|Information retrieval or search software|Google Scholar,3,Technologies,59,Information retrieval or search software,7,Google Scholar
30600008,Technologies|Information retrieval or search software|Legal research software,3,Technologies,59,Information retrieval or search software,8,Legal research software
30600009,Technologies|Information retrieval or search software|LexisNexis,3,Technologies,59,Information retrieval or search software,9,LexisNexis
30600010,Technologies|Information retrieval or search software|Medical information databases,3,Technologies,59,Information retrieval or search software,10,Medical information databases
30600011,Technologies|Information retrieval or search software|Online library databases,3,Technologies,59,Information retrieval or search software,11,Online library databases
30600012,Technologies|Information retrieval or search software|Sage Reference Online,3,Technologies,59,Information retrieval or search software,12,Sage Reference Online
30600013,Technologies|Information retrieval or search software|Thomson CompuMark SAEGIS,3,Technologies,59,Information retrieval or search software,13,Thomson CompuMark SAEGIS
30600014,Technologies|Information retrieval or search software|Video retrieval systems,3,Technologies,59,Information retrieval or search software,14,Video retrieval systems
30600015,Technologies|Information retrieval or search software|Walmart Retail Link,3,Technologies,59,Information retrieval or search software,15,Walmart Retail Link
30600016,Technologies|Information retrieval or search software|Westlaw,3,Technologies,59,Information retrieval or search software,16,Westlaw
30600017,Technologies|Information retrieval or search software|dtSearch,3,Technologies,59,Information retrieval or search software,17,dtSearch
30610001,Technologies|Instant messaging software|Atlassian HipChat,3,Technologies,60,Instant messaging software,1,Atlassian HipChat
30610002,Technologies|Instant messaging software|Instant messaging software,3,Technologies,60,Instant messaging software,2,Instant messaging software
30610003,Technologies|Instant messaging software|WhatsApp,3,Technologies,60,Instant messaging software,3,WhatsApp
30620001,Technologies|Internet browser software|Apple Safari,3,Technologies,61,Internet browser software,1,Apple Safari
30620002,Technologies|Internet browser software|Internet browser software,3,Technologies,61,Internet browser software,2,Internet browser software
30620003,Technologies|Internet browser software|Mozilla Firefox,3,Technologies,61,Internet browser software,3,Mozilla Firefox
30620004,Technologies|Internet browser software|Web browser software,3,Technologies,61,Internet browser software,4,Web browser software
30630001,Technologies|Internet directory services software|Active directory software,3,Technologies,62,Internet directory services software,1,Active directory software
30630002,Technologies|Internet directory services software|Domain name system DNS,3,Technologies,62,Internet directory services software,2,Domain name system DNS
30630003,Technologies|Internet directory services software|Microsoft Active Directory,3,Technologies,62,Internet directory services software,3,Microsoft Active Directory
30630004,Technologies|Internet directory services software|Network addressable storage NAS software,3,Technologies,62,Internet directory services software,4,Network addressable storage NAS software
30630005,Technologies|Internet directory services software|Novell eDirectory,3,Technologies,62,Internet directory services software,5,Novell eDirectory
30640001,Technologies|Internet protocol IP multimedia subsystem software|File transfer protocol FTP client software,3,Technologies,63,Internet protocol IP multimedia subsystem software,1,File transfer protocol FTP client software
30640002,Technologies|Internet protocol IP multimedia subsystem software|Multiprotocol Label Switching MPLS,3,Technologies,63,Internet protocol IP multimedia subsystem software,2,Multiprotocol Label Switching MPLS
30640003,Technologies|Internet protocol IP multimedia subsystem software|Open Shortest Path First OSPF,3,Technologies,63,Internet protocol IP multimedia subsystem software,3,Open Shortest Path First OSPF
30640004,Technologies|Internet protocol IP multimedia subsystem software|Session Initiation Protocol SIP,3,Technologies,63,Internet protocol IP multimedia subsystem software,4,Session Initiation Protocol SIP
30640005,Technologies|Internet protocol IP multimedia subsystem software|Voice over internet protocol VoiP system software,3,Technologies,63,Internet protocol IP multimedia subsystem software,5,Voice over internet protocol VoiP system software
30650001,Technologies|Inventory management software|Asset management software,3,Technologies,64,Inventory management software,1,Asset management software
30650002,Technologies|Inventory management software|Enertia,3,Technologies,64,Inventory management software,2,Enertia
30650003,Technologies|Inventory management software|Inventory control software,3,Technologies,64,Inventory management software,3,Inventory control software
30650004,Technologies|Inventory management software|Inventory control systems,3,Technologies,64,Inventory management software,4,Inventory control systems
30650005,Technologies|Inventory management software|Inventory management software,3,Technologies,64,Inventory management software,5,Inventory management software
30650006,Technologies|Inventory management software|Inventory management systems,3,Technologies,64,Inventory management software,6,Inventory management systems
30650007,Technologies|Inventory management software|Inventory software,3,Technologies,64,Inventory management software,7,Inventory software
30650008,Technologies|Inventory management software|Inventory tracking software,3,Technologies,64,Inventory management software,8,Inventory tracking software
30650009,Technologies|Inventory management software|Manufacturing reporting system,3,Technologies,64,Inventory management software,9,Manufacturing reporting system
30650010,Technologies|Inventory management software|Materials management software,3,Technologies,64,Inventory management software,10,Materials management software
30650011,Technologies|Inventory management software|Oracle Inventory,3,Technologies,64,Inventory management software,11,Oracle Inventory
30650012,Technologies|Inventory management software|Ordering software,3,Technologies,64,Inventory management software,12,Ordering software
30650013,Technologies|Inventory management software|Posting software,3,Technologies,64,Inventory management software,13,Posting software
30650014,Technologies|Inventory management software|RFID software,3,Technologies,64,Inventory management software,14,RFID software
30650015,Technologies|Inventory management software|Radio frequency identification RFID software,3,Technologies,64,Inventory management software,15,Radio frequency identification RFID software
30650016,Technologies|Inventory management software|Traceability software,3,Technologies,64,Inventory management software,16,Traceability software
30660001,Technologies|LAN software|LAN software,3,Technologies,65,LAN software,1,LAN software
30660002,Technologies|LAN software|Local area network LAN software,3,Technologies,65,LAN software,2,Local area network LAN software
30670001,Technologies|Label making software|Label printing software,3,Technologies,66,Label making software,1,Label printing software
30670002,Technologies|Label making software|Labeling software,3,Technologies,66,Label making software,2,Labeling software
30680001,Technologies|Library software|Automated circulation systems,3,Technologies,67,Library software,1,Automated circulation systems
30680002,Technologies|Library software|Inmagic Genie,3,Technologies,67,Library software,2,Inmagic Genie
30680003,Technologies|Library software|SirsiDynix Symphony,3,Technologies,67,Library software,3,SirsiDynix Symphony
30680004,Technologies|Library software|WorldCat,3,Technologies,67,Library software,4,WorldCat
30690001,Technologies|Manufacturing execution system MES software|CA Easytrieve Report Generator,3,Technologies,68,Manufacturing execution system MES software,1,CA Easytrieve Report Generator
30690002,Technologies|Manufacturing execution system MES software|Fagor Lathe,3,Technologies,68,Manufacturing execution system MES software,2,Fagor Lathe
30700001,Technologies|Map creation software|Carlson Survey,3,Technologies,69,Map creation software,1,Carlson Survey
30700002,Technologies|Map creation software|Cartography software,3,Technologies,69,Map creation software,2,Cartography software
30700003,Technologies|Map creation software|Digital mapping software,3,Technologies,69,Map creation software,3,Digital mapping software
30700004,Technologies|Map creation software|Drafting software,3,Technologies,69,Map creation software,4,Drafting software
30700005,Technologies|Map creation software|ESRI ArcGIS,3,Technologies,69,Map creation software,5,ESRI ArcGIS
30700006,Technologies|Map creation software|ESRI ArcGIS software,3,Technologies,69,Map creation software,6,ESRI ArcGIS software
30700007,Technologies|Map creation software|ESRI ArcInfo,3,Technologies,69,Map creation software,7,ESRI ArcInfo
30700008,Technologies|Map creation software|ESRI ArcMap,3,Technologies,69,Map creation software,8,ESRI ArcMap
30700009,Technologies|Map creation software|ESRI ArcPad,3,Technologies,69,Map creation software,9,ESRI ArcPad
30700010,Technologies|Map creation software|ESRI ArcView,3,Technologies,69,Map creation software,10,ESRI ArcView
30700011,Technologies|Map creation software|ESRI software,3,Technologies,69,Map creation software,11,ESRI software
30700012,Technologies|Map creation software|Geo-Plus,3,Technologies,69,Map creation software,12,Geo-Plus
30700013,Technologies|Map creation software|Geographic information system GIS systems,3,Technologies,69,Map creation software,13,Geographic information system GIS systems
30700014,Technologies|Map creation software|Geosoft Oasis montaj,3,Technologies,69,Map creation software,14,Geosoft Oasis montaj
30700015,Technologies|Map creation software|Google Earth Pro,3,Technologies,69,Map creation software,15,Google Earth Pro
30700016,Technologies|Map creation software|Hexagon Intergraph,3,Technologies,69,Map creation software,16,Hexagon Intergraph
30700017,Technologies|Map creation software|Leica Geosystems ERDAS IMAGINE software,3,Technologies,69,Map creation software,17,Leica Geosystems ERDAS IMAGINE software
30700018,Technologies|Map creation software|MapInfo,3,Technologies,69,Map creation software,18,MapInfo
30700019,Technologies|Map creation software|MapInfo Professional,3,Technologies,69,Map creation software,19,MapInfo Professional
30700020,Technologies|Map creation software|Mapping software,3,Technologies,69,Map creation software,20,Mapping software
30700021,Technologies|Map creation software|Microsoft MapPoint,3,Technologies,69,Map creation software,21,Microsoft MapPoint
30700022,Technologies|Map creation software|Route planning software,3,Technologies,69,Map creation software,22,Route planning software
30700023,Technologies|Map creation software|TELEDYNE CARIS,3,Technologies,69,Map creation software,23,TELEDYNE CARIS
30700024,Technologies|Map creation software|Trimble Pathfinder Office,3,Technologies,69,Map creation software,24,Trimble Pathfinder Office
30710001,Technologies|Materials requirements planning logistics and supply chain software|3PL Central,3,Technologies,70,Materials requirements planning logistics and supply chain software,1,3PL Central
30710002,Technologies|Materials requirements planning logistics and supply chain software|Amber Road,3,Technologies,70,Materials requirements planning logistics and supply chain software,2,Amber Road
30710003,Technologies|Materials requirements planning logistics and supply chain software|FedEx Ship Manager,3,Technologies,70,Materials requirements planning logistics and supply chain software,3,FedEx Ship Manager
30710004,Technologies|Materials requirements planning logistics and supply chain software|Fleet management software,3,Technologies,70,Materials requirements planning logistics and supply chain software,4,Fleet management software
30710005,Technologies|Materials requirements planning logistics and supply chain software|Fleet management systems,3,Technologies,70,Materials requirements planning logistics and supply chain software,5,Fleet management systems
30710006,Technologies|Materials requirements planning logistics and supply chain software|Geometrix,3,Technologies,70,Materials requirements planning logistics and supply chain software,6,Geometrix
30710007,Technologies|Materials requirements planning logistics and supply chain software|HighJump Warehouse Advantage,3,Technologies,70,Materials requirements planning logistics and supply chain software,7,HighJump Warehouse Advantage
30710008,Technologies|Materials requirements planning logistics and supply chain software|JDA Manugistics,3,Technologies,70,Materials requirements planning logistics and supply chain software,8,JDA Manugistics
30710009,Technologies|Materials requirements planning logistics and supply chain software|Load Link,3,Technologies,70,Materials requirements planning logistics and supply chain software,9,Load Link
30710010,Technologies|Materials requirements planning logistics and supply chain software|MRP software,3,Technologies,70,Materials requirements planning logistics and supply chain software,10,MRP software
30710011,Technologies|Materials requirements planning logistics and supply chain software|Manhattan Scale,3,Technologies,70,Materials requirements planning logistics and supply chain software,11,Manhattan Scale
30710012,Technologies|Materials requirements planning logistics and supply chain software|Materials requirement planning MRP software,3,Technologies,70,Materials requirements planning logistics and supply chain software,12,Materials requirement planning MRP software
30710013,Technologies|Materials requirements planning logistics and supply chain software|Merchandise Management Systems,3,Technologies,70,Materials requirements planning logistics and supply chain software,13,Merchandise Management Systems
30710014,Technologies|Materials requirements planning logistics and supply chain software|PC Miler,3,Technologies,70,Materials requirements planning logistics and supply chain software,14,PC Miler
30710015,Technologies|Materials requirements planning logistics and supply chain software|PeopleNet,3,Technologies,70,Materials requirements planning logistics and supply chain software,15,PeopleNet
30710016,Technologies|Materials requirements planning logistics and supply chain software|Production planning software,3,Technologies,70,Materials requirements planning logistics and supply chain software,16,Production planning software
30710017,Technologies|Materials requirements planning logistics and supply chain software|Production scheduling software,3,Technologies,70,Materials requirements planning logistics and supply chain software,17,Production scheduling software
30710018,Technologies|Materials requirements planning logistics and supply chain software|Proof of delivery POD software,3,Technologies,70,Materials requirements planning logistics and supply chain software,18,Proof of delivery POD software
30710019,Technologies|Materials requirements planning logistics and supply chain software|SAP SCM,3,Technologies,70,Materials requirements planning logistics and supply chain software,19,SAP SCM
30710020,Technologies|Materials requirements planning logistics and supply chain software|Shipping software,3,Technologies,70,Materials requirements planning logistics and supply chain software,20,Shipping software
30710021,Technologies|Materials requirements planning logistics and supply chain software|TECSYS EliteSeries,3,Technologies,70,Materials requirements planning logistics and supply chain software,21,TECSYS EliteSeries
30710022,Technologies|Materials requirements planning logistics and supply chain software|Truckmate,3,Technologies,70,Materials requirements planning logistics and supply chain software,22,Truckmate
30710023,Technologies|Materials requirements planning logistics and supply chain software|UPS WorldShip,3,Technologies,70,Materials requirements planning logistics and supply chain software,23,UPS WorldShip
30710024,Technologies|Materials requirements planning logistics and supply chain software|Warehouse management system WMS,3,Technologies,70,Materials requirements planning logistics and supply chain software,24,Warehouse management system WMS
30710025,Technologies|Materials requirements planning logistics and supply chain software|iShip,3,Technologies,70,Materials requirements planning logistics and supply chain software,25,iShip
30720001,Technologies|Medical software|ACE Dental,3,Technologies,71,Medical software,1,ACE Dental
30720002,"Technologies|Medical software|Admissions, discharge, and transfer ADT software",3,Technologies,71,Medical software,2,"Admissions, discharge, and transfer ADT software"
30720003,Technologies|Medical software|Allscripts,3,Technologies,71,Medical software,3,Allscripts
30720004,Technologies|Medical software|Allscripts Sunrise Clinical Manager,3,Technologies,71,Medical software,4,Allscripts Sunrise Clinical Manager
30720005,Technologies|Medical software|Amazing Charts,3,Technologies,71,Medical software,5,Amazing Charts
30720006,Technologies|Medical software|Beck Depression Inventory,3,Technologies,71,Medical software,6,Beck Depression Inventory
30720007,Technologies|Medical software|Case management software,3,Technologies,71,Medical software,7,Case management software
30720008,Technologies|Medical software|Cerner Millennium,3,Technologies,71,Medical software,8,Cerner Millennium
30720009,Technologies|Medical software|Cerner PowerChart,3,Technologies,71,Medical software,9,Cerner PowerChart
30720010,Technologies|Medical software|Cerner ProFile,3,Technologies,71,Medical software,10,Cerner ProFile
30720011,Technologies|Medical software|ChiroSoft,3,Technologies,71,Medical software,11,ChiroSoft
30720012,Technologies|Medical software|ChiroTouch,3,Technologies,71,Medical software,12,ChiroTouch
30720013,Technologies|Medical software|Client System,3,Technologies,71,Medical software,13,Client System
30720014,Technologies|Medical software|Client records software,3,Technologies,71,Medical software,14,Client records software
30720015,Technologies|Medical software|Complete Clinic,3,Technologies,71,Medical software,15,Complete Clinic
30720016,Technologies|Medical software|Compounder software,3,Technologies,71,Medical software,16,Compounder software
30720017,Technologies|Medical software|Computer Assisted Diagnostic Interview CADI software,3,Technologies,71,Medical software,17,Computer Assisted Diagnostic Interview CADI software
30720018,Technologies|Medical software|Computerized physician order entry CPOE software,3,Technologies,71,Medical software,18,Computerized physician order entry CPOE software
30720019,Technologies|Medical software|Dental office management software,3,Technologies,71,Medical software,19,Dental office management software
30720020,Technologies|Medical software|Dental software,3,Technologies,71,Medical software,20,Dental software
30720021,Technologies|Medical software|DentiMax,3,Technologies,71,Medical software,21,DentiMax
30720022,Technologies|Medical software|Electronic health record EHR software,3,Technologies,71,Medical software,22,Electronic health record EHR software
30720023,Technologies|Medical software|Electronic medical administration record eMAR software,3,Technologies,71,Medical software,23,Electronic medical administration record eMAR software
30720024,Technologies|Medical software|Electronic medical record EMR software,3,Technologies,71,Medical software,24,Electronic medical record EMR software
30720025,Technologies|Medical software|Electronic medical record EMR systems,3,Technologies,71,Medical software,25,Electronic medical record EMR systems
30720026,Technologies|Medical software|Epic Systems,3,Technologies,71,Medical software,26,Epic Systems
30720027,Technologies|Medical software|Genesis Dental,3,Technologies,71,Medical software,27,Genesis Dental
30720028,Technologies|Medical software|Geriatric Depression Scale,3,Technologies,71,Medical software,28,Geriatric Depression Scale
30720029,Technologies|Medical software|HMS,3,Technologies,71,Medical software,29,HMS
30720030,Technologies|Medical software|Healthcare common procedure coding system HCPCS,3,Technologies,71,Medical software,30,Healthcare common procedure coding system HCPCS
30720031,Technologies|Medical software|Healthcare management system,3,Technologies,71,Medical software,31,Healthcare management system
30720032,Technologies|Medical software|ImproMed Infinity,3,Technologies,71,Medical software,32,ImproMed Infinity
30720033,Technologies|Medical software|Instrument control software,3,Technologies,71,Medical software,33,Instrument control software
30720034,Technologies|Medical software|Laboratory information system LIS,3,Technologies,71,Medical software,34,Laboratory information system LIS
30720035,Technologies|Medical software|Life Systems Software ChiroSuite EHR,3,Technologies,71,Medical software,35,Life Systems Software ChiroSuite EHR
30720036,Technologies|Medical software|MEDENT,3,Technologies,71,Medical software,36,MEDENT
30720037,Technologies|Medical software|MEDITECH HCIS,3,Technologies,71,Medical software,37,MEDITECH HCIS
30720038,Technologies|Medical software|MEDITECH software,3,Technologies,71,Medical software,38,MEDITECH software
30720039,Technologies|Medical software|Medical imaging software,3,Technologies,71,Medical software,39,Medical imaging software
30720040,Technologies|Medical software|Medical records software,3,Technologies,71,Medical software,40,Medical records software
30720041,Technologies|Medical software|Medical software,3,Technologies,71,Medical software,41,Medical software
30720042,Technologies|Medical software|Minnesota Multiphasic Personality Inventory-2 MMPI-2,3,Technologies,71,Medical software,42,Minnesota Multiphasic Personality Inventory-2 MMPI-2
30720043,Technologies|Medical software|Myers Briggs Type Indicator,3,Technologies,71,Medical software,43,Myers Briggs Type Indicator
30720044,Technologies|Medical software|Natus NeuroWorks,3,Technologies,71,Medical software,44,Natus NeuroWorks
30720045,Technologies|Medical software|OneCare,3,Technologies,71,Medical software,45,OneCare
30720046,Technologies|Medical software|Open Dental,3,Technologies,71,Medical software,46,Open Dental
30720047,Technologies|Medical software|Patient charting software,3,Technologies,71,Medical software,47,Patient charting software
30720048,Technologies|Medical software|Patient electronic medical record EMR software,3,Technologies,71,Medical software,48,Patient electronic medical record EMR software
30720049,Technologies|Medical software|Patient management software,3,Technologies,71,Medical software,49,Patient management software
30720050,Technologies|Medical software|Patient scheduling software,3,Technologies,71,Medical software,50,Patient scheduling software
30720051,Technologies|Medical software|Pharmaceutical software,3,Technologies,71,Medical software,51,Pharmaceutical software
30720052,Technologies|Medical software|PointClickCare HER,3,Technologies,71,Medical software,52,PointClickCare HER
30720053,Technologies|Medical software|Prescription processing software,3,Technologies,71,Medical software,53,Prescription processing software
30720054,Technologies|Medical software|Private Practice,3,Technologies,71,Medical software,54,Private Practice
30720055,Technologies|Medical software|Real ear measurement REM software,3,Technologies,71,Medical software,55,Real ear measurement REM software
30720056,Technologies|Medical software|Sycle,3,Technologies,71,Medical software,56,Sycle
30720057,Technologies|Medical software|Telemetry software,3,Technologies,71,Medical software,57,Telemetry software
30720058,Technologies|Medical software|Three-dimensional 3D virtual surgery software,3,Technologies,71,Medical software,58,Three-dimensional 3D virtual surgery software
30720059,Technologies|Medical software|Treatment planning software,3,Technologies,71,Medical software,59,Treatment planning software
30720060,Technologies|Medical software|Varian Medical Systems,3,Technologies,71,Medical software,60,Varian Medical Systems
30720061,Technologies|Medical software|Virtual reality computed tomography CT imaging software,3,Technologies,71,Medical software,61,Virtual reality computed tomography CT imaging software
30720062,Technologies|Medical software|Virtual simulation software,3,Technologies,71,Medical software,62,Virtual simulation software
30720063,Technologies|Medical software|eClinicalWorks,3,Technologies,71,Medical software,63,eClinicalWorks
30730001,Technologies|Metadata management software|CA Erwin Data Modeler,3,Technologies,72,Metadata management software,1,CA Erwin Data Modeler
30730002,Technologies|Metadata management software|Data mapping software,3,Technologies,72,Metadata management software,2,Data mapping software
30730003,Technologies|Metadata management software|Data modeling software,3,Technologies,72,Metadata management software,3,Data modeling software
30730004,Technologies|Metadata management software|Dimensional Data Modeling,3,Technologies,72,Metadata management software,4,Dimensional Data Modeling
30730005,Technologies|Metadata management software|IBM Rational System Architect,3,Technologies,72,Metadata management software,5,IBM Rational System Architect
30730006,Technologies|Metadata management software|Informatica PowerCenter,3,Technologies,72,Metadata management software,6,Informatica PowerCenter
30730007,Technologies|Metadata management software|Oracle Warehouse Builder,3,Technologies,72,Metadata management software,7,Oracle Warehouse Builder
30730008,Technologies|Metadata management software|Pentaho Kettle,3,Technologies,72,Metadata management software,8,Pentaho Kettle
30730009,Technologies|Metadata management software|SAP Master Data Management MDM,3,Technologies,72,Metadata management software,9,SAP Master Data Management MDM
30730010,Technologies|Metadata management software|SAS Data Integration Server,3,Technologies,72,Metadata management software,10,SAS Data Integration Server
30740001,Technologies|Miscellaneous|Microcontrollers,3,Technologies,73,Miscellaneous,1,Microcontrollers
30750001,Technologies|Mobile location based services software|Digital Dispatch,3,Technologies,74,Mobile location based services software,1,Digital Dispatch
30750002,Technologies|Mobile location based services software|Easy Dispatch,3,Technologies,74,Mobile location based services software,2,Easy Dispatch
30750003,Technologies|Mobile location based services software|Global positioning system GPS software,3,Technologies,74,Mobile location based services software,3,Global positioning system GPS software
30750004,Technologies|Mobile location based services software|Resource management software,3,Technologies,74,Mobile location based services software,4,Resource management software
30750005,Technologies|Mobile location based services software|Transportation management system TMS software,3,Technologies,74,Mobile location based services software,5,Transportation management system TMS software
30760001,Technologies|Mobile operator specific application software|Microsoft ActiveSync,3,Technologies,75,Mobile operator specific application software,1,Microsoft ActiveSync
30760002,Technologies|Mobile operator specific application software|Mobile application software,3,Technologies,75,Mobile operator specific application software,2,Mobile application software
30770001,Technologies|Music or sound editing software|Adobe Systems Adobe Audition,3,Technologies,76,Music or sound editing software,1,Adobe Systems Adobe Audition
30770002,Technologies|Music or sound editing software|Audacity,3,Technologies,76,Music or sound editing software,2,Audacity
30770003,Technologies|Music or sound editing software|Audio editing software,3,Technologies,76,Music or sound editing software,3,Audio editing software
30770004,Technologies|Music or sound editing software|Avid Pro Tools,3,Technologies,76,Music or sound editing software,4,Avid Pro Tools
30770005,Technologies|Music or sound editing software|Little Piano,3,Technologies,76,Music or sound editing software,5,Little Piano
30770006,Technologies|Music or sound editing software|Music software,3,Technologies,76,Music or sound editing software,6,Music software
30770007,Technologies|Music or sound editing software|Musical instrument digital interface MIDI software,3,Technologies,76,Music or sound editing software,7,Musical instrument digital interface MIDI software
30770008,Technologies|Music or sound editing software|Sony Vegas Pro,3,Technologies,76,Music or sound editing software,8,Sony Vegas Pro
30770009,Technologies|Music or sound editing software|WideOrbit,3,Technologies,76,Music or sound editing software,9,WideOrbit
30770010,Technologies|Music or sound editing software|Windows Media Player,3,Technologies,76,Music or sound editing software,10,Windows Media Player
30780001,Technologies|Network conferencing software|Adobe Systems Adobe Connect,3,Technologies,77,Network conferencing software,1,Adobe Systems Adobe Connect
30780002,Technologies|Network conferencing software|Chat software,3,Technologies,77,Network conferencing software,2,Chat software
30780003,Technologies|Network conferencing software|Webinar software,3,Technologies,77,Network conferencing software,3,Webinar software
30790001,Technologies|Network monitoring software|BMC PATROL,3,Technologies,78,Network monitoring software,1,BMC PATROL
30790002,Technologies|Network monitoring software|Ethereal,3,Technologies,78,Network monitoring software,2,Ethereal
30790003,Technologies|Network monitoring software|IBM Director,3,Technologies,78,Network monitoring software,3,IBM Director
30790004,Technologies|Network monitoring software|IBM QRadar SIEM,3,Technologies,78,Network monitoring software,4,IBM QRadar SIEM
30790005,Technologies|Network monitoring software|Integrity verification software,3,Technologies,78,Network monitoring software,5,Integrity verification software
30790006,Technologies|Network monitoring software|Microsoft Network Monitor,3,Technologies,78,Network monitoring software,6,Microsoft Network Monitor
30790007,Technologies|Network monitoring software|Nagios,3,Technologies,78,Network monitoring software,7,Nagios
30790008,Technologies|Network monitoring software|Network monitoring software,3,Technologies,78,Network monitoring software,8,Network monitoring software
30790009,Technologies|Network monitoring software|Novell NetWare,3,Technologies,78,Network monitoring software,9,Novell NetWare
30790010,Technologies|Network monitoring software|Nslookup,3,Technologies,78,Network monitoring software,10,Nslookup
30790011,Technologies|Network monitoring software|Oracle Net Manager,3,Technologies,78,Network monitoring software,11,Oracle Net Manager
30790012,Technologies|Network monitoring software|Packet analyzers,3,Technologies,78,Network monitoring software,12,Packet analyzers
30790013,Technologies|Network monitoring software|Quest Foglight,3,Technologies,78,Network monitoring software,13,Quest Foglight
30790014,Technologies|Network monitoring software|Remote monitoring software,3,Technologies,78,Network monitoring software,14,Remote monitoring software
30790015,Technologies|Network monitoring software|Snort,3,Technologies,78,Network monitoring software,15,Snort
30790016,Technologies|Network monitoring software|Symantec Blue Coat,3,Technologies,78,Network monitoring software,16,Symantec Blue Coat
30790017,Technologies|Network monitoring software|Tcpdump,3,Technologies,78,Network monitoring software,17,Tcpdump
30790018,Technologies|Network monitoring software|Traceroute,3,Technologies,78,Network monitoring software,18,Traceroute
30790019,Technologies|Network monitoring software|Wireshark,3,Technologies,78,Network monitoring software,19,Wireshark
30790020,Technologies|Network monitoring software|Zabbix,3,Technologies,78,Network monitoring software,20,Zabbix
30790021,Technologies|Network monitoring software|netstat,3,Technologies,78,Network monitoring software,21,netstat
30800001,Technologies|Network operating system enhancement software|Infoblox NetMRI,3,Technologies,79,Network operating system enhancement software,1,Infoblox NetMRI
30800002,Technologies|Network operating system enhancement software|Silver Peak,3,Technologies,79,Network operating system enhancement software,2,Silver Peak
30800003,Technologies|Network operating system enhancement software|Traffic shapers,3,Technologies,79,Network operating system enhancement software,3,Traffic shapers
30800004,Technologies|Network operating system enhancement software|Wide area network WAN optimization software,3,Technologies,79,Network operating system enhancement software,4,Wide area network WAN optimization software
30810001,Technologies|Network security and virtual private network VPN equipment software|Check Point Next Generation Firewalls (NGFW),3,Technologies,80,Network security and virtual private network VPN equipment software,1,Check Point Next Generation Firewalls (NGFW)
30810002,Technologies|Network security and virtual private network VPN equipment software|Firewall software,3,Technologies,80,Network security and virtual private network VPN equipment software,2,Firewall software
30810003,Technologies|Network security and virtual private network VPN equipment software|Imperva SecureSphere,3,Technologies,80,Network security and virtual private network VPN equipment software,3,Imperva SecureSphere
30810004,Technologies|Network security and virtual private network VPN equipment software|IpTables,3,Technologies,80,Network security and virtual private network VPN equipment software,4,IpTables
30810005,Technologies|Network security and virtual private network VPN equipment software|Kismet,3,Technologies,80,Network security and virtual private network VPN equipment software,5,Kismet
30810006,Technologies|Network security and virtual private network VPN equipment software|Palo Alto Networks Next-Generation Security Platform,3,Technologies,80,Network security and virtual private network VPN equipment software,6,Palo Alto Networks Next-Generation Security Platform
30810007,Technologies|Network security and virtual private network VPN equipment software|Symantec PGP,3,Technologies,80,Network security and virtual private network VPN equipment software,7,Symantec PGP
30810008,Technologies|Network security and virtual private network VPN equipment software|Trend Micro TippingPoint,3,Technologies,80,Network security and virtual private network VPN equipment software,8,Trend Micro TippingPoint
30810009,Technologies|Network security and virtual private network VPN equipment software|Virtual private networking VPN software,3,Technologies,80,Network security and virtual private network VPN equipment software,9,Virtual private networking VPN software
30820001,Technologies|Network security or virtual private network VPN management software|CA SiteMinder,3,Technologies,81,Network security or virtual private network VPN management software,1,CA SiteMinder
30820002,Technologies|Network security or virtual private network VPN management software|Cisco Systems VPN Client,3,Technologies,81,Network security or virtual private network VPN management software,2,Cisco Systems VPN Client
30820003,Technologies|Network security or virtual private network VPN management software|Coordinated incident management system CIMS software,3,Technologies,81,Network security or virtual private network VPN management software,3,Coordinated incident management system CIMS software
30820004,Technologies|Network security or virtual private network VPN management software|HP Fortify,3,Technologies,81,Network security or virtual private network VPN management software,4,HP Fortify
30820005,Technologies|Network security or virtual private network VPN management software|Internet Protocol Security IPSEC,3,Technologies,81,Network security or virtual private network VPN management software,5,Internet Protocol Security IPSEC
30820006,Technologies|Network security or virtual private network VPN management software|Intrusion detection system IDS,3,Technologies,81,Network security or virtual private network VPN management software,6,Intrusion detection system IDS
30820007,Technologies|Network security or virtual private network VPN management software|Intrusion prevention system IPS,3,Technologies,81,Network security or virtual private network VPN management software,7,Intrusion prevention system IPS
30820008,Technologies|Network security or virtual private network VPN management software|LogRhythm,3,Technologies,81,Network security or virtual private network VPN management software,8,LogRhythm
30820009,Technologies|Network security or virtual private network VPN management software|Risk assessment software,3,Technologies,81,Network security or virtual private network VPN management software,9,Risk assessment software
30830001,Technologies|Networking and telecommunications|4G / LTE technology,3,Technologies,82,Networking and telecommunications,1,4G / LTE technology
30830002,Technologies|Networking and telecommunications|5G technology,3,Technologies,82,Networking and telecommunications,2,5G technology
30830003,Technologies|Networking and telecommunications|Cisco,3,Technologies,82,Networking and telecommunications,3,Cisco
30830004,Technologies|Networking and telecommunications|Fiber Technology,3,Technologies,82,Networking and telecommunications,4,Fiber Technology
30830005,Technologies|Networking and telecommunications|Load balancers,3,Technologies,82,Networking and telecommunications,5,Load balancers
30830006,Technologies|Networking and telecommunications|PCIe (Peripheral Component Interconnect Express),3,Technologies,82,Networking and telecommunications,6,PCIe (Peripheral Component Interconnect Express)
30830007,Technologies|Networking and telecommunications|Synchronous optical networking (SONET),3,Technologies,82,Networking and telecommunications,7,Synchronous optical networking (SONET)
30830008,Technologies|Networking and telecommunications|Voice over LTE (VoLTE),3,Technologies,82,Networking and telecommunications,8,Voice over LTE (VoLTE)
30830009,Technologies|Networking and telecommunications|Voice over internet protocol VoIP systems,3,Technologies,82,Networking and telecommunications,9,Voice over internet protocol VoIP systems
30840001,Technologies|Object or component oriented development software|APL (A programming language),3,Technologies,83,Object or component oriented development software,1,APL (A programming language)
30840002,Technologies|Object or component oriented development software|Advanced business application programming ABAP,3,Technologies,83,Object or component oriented development software,2,Advanced business application programming ABAP
30840003,Technologies|Object or component oriented development software|Apache Groovy,3,Technologies,83,Object or component oriented development software,3,Apache Groovy
30840004,Technologies|Object or component oriented development software|Apache Jmeter,3,Technologies,83,Object or component oriented development software,4,Apache Jmeter
30840005,Technologies|Object or component oriented development software|Apache Spark,3,Technologies,83,Object or component oriented development software,5,Apache Spark
30840006,Technologies|Object or component oriented development software|Arthur.AI,3,Technologies,83,Object or component oriented development software,6,Arthur.AI
30840007,Technologies|Object or component oriented development software|C#,3,Technologies,83,Object or component oriented development software,7,C#
30840008,Technologies|Object or component oriented development software|C++,3,Technologies,83,Object or component oriented development software,8,C++
30840009,Technologies|Object or component oriented development software|CAML (Collaborative Application Markup Language),3,Technologies,83,Object or component oriented development software,9,CAML (Collaborative Application Markup Language)
30840010,Technologies|Object or component oriented development software|Coding skills,3,Technologies,83,Object or component oriented development software,10,Coding skills
30840011,Technologies|Object or component oriented development software|Component object model COM software,3,Technologies,83,Object or component oriented development software,11,Component object model COM software
30840012,Technologies|Object or component oriented development software|Component-based Scalable Logical Architecture (CSLA),3,Technologies,83,Object or component oriented development software,12,Component-based Scalable Logical Architecture (CSLA)
30840013,Technologies|Object or component oriented development software|Computer aided software engineering CASE tools,3,Technologies,83,Object or component oriented development software,13,Computer aided software engineering CASE tools
30840014,Technologies|Object or component oriented development software|DOT NET,3,Technologies,83,Object or component oriented development software,14,DOT NET
30840015,Technologies|Object or component oriented development software|Data bricks,3,Technologies,83,Object or component oriented development software,15,Data bricks
30840016,Technologies|Object or component oriented development software|Dataproc,3,Technologies,83,Object or component oriented development software,16,Dataproc
30840017,Technologies|Object or component oriented development software|Distributed component object model DCOM software,3,Technologies,83,Object or component oriented development software,17,Distributed component object model DCOM software
30840018,Technologies|Object or component oriented development software|Eiffel,3,Technologies,83,Object or component oriented development software,18,Eiffel
30840019,Technologies|Object or component oriented development software|Embarcadero Delphi,3,Technologies,83,Object or component oriented development software,19,Embarcadero Delphi
30840020,Technologies|Object or component oriented development software|G-code,3,Technologies,83,Object or component oriented development software,20,G-code
30840021,Technologies|Object or component oriented development software|Golang,3,Technologies,83,Object or component oriented development software,21,Golang
30840022,Technologies|Object or component oriented development software|Hugging Face,3,Technologies,83,Object or component oriented development software,22,Hugging Face
30840023,Technologies|Object or component oriented development software|IBM ILOG,3,Technologies,83,Object or component oriented development software,23,IBM ILOG
30840024,Technologies|Object or component oriented development software|Java,3,Technologies,83,Object or component oriented development software,24,Java
30840025,Technologies|Object or component oriented development software|Jmeter,3,Technologies,83,Object or component oriented development software,25,Jmeter
30840026,Technologies|Object or component oriented development software|Lua,3,Technologies,83,Object or component oriented development software,26,Lua
30840027,Technologies|Object or component oriented development software|M code,3,Technologies,83,Object or component oriented development software,27,M code
30840028,Technologies|Object or component oriented development software|Macros,3,Technologies,83,Object or component oriented development software,28,Macros
30840029,Technologies|Object or component oriented development software|Microsoft ActiveX,3,Technologies,83,Object or component oriented development software,29,Microsoft ActiveX
30840030,Technologies|Object or component oriented development software|Microsoft Visual Basic Scripting Edition (VBScript),3,Technologies,83,Object or component oriented development software,30,Microsoft Visual Basic Scripting Edition (VBScript)
30840031,Technologies|Object or component oriented development software|Microsoft Visual Basic.NET,3,Technologies,83,Object or component oriented development software,31,Microsoft Visual Basic.NET
30840032,Technologies|Object or component oriented development software|Microsoft Visual C#,3,Technologies,83,Object or component oriented development software,32,Microsoft Visual C#
30840033,Technologies|Object or component oriented development software|Modelica,3,Technologies,83,Object or component oriented development software,33,Modelica
30840034,Technologies|Object or component oriented development software|Modula,3,Technologies,83,Object or component oriented development software,34,Modula
30840035,Technologies|Object or component oriented development software|Mxnet,3,Technologies,83,Object or component oriented development software,35,Mxnet
30840036,Technologies|Object or component oriented development software|Numpy,3,Technologies,83,Object or component oriented development software,36,Numpy
30840037,Technologies|Object or component oriented development software|Nvidia TensorRT,3,Technologies,83,Object or component oriented development software,37,Nvidia TensorRT
30840038,Technologies|Object or component oriented development software|Nvidia cuDNN,3,Technologies,83,Object or component oriented development software,38,Nvidia cuDNN
30840039,Technologies|Object or component oriented development software|Oberon,3,Technologies,83,Object or component oriented development software,39,Oberon
30840040,Technologies|Object or component oriented development software|Object-oriented programming languages,3,Technologies,83,Object or component oriented development software,40,Object-oriented programming languages
30840041,Technologies|Object or component oriented development software|Objective C,3,Technologies,83,Object or component oriented development software,41,Objective C
30840042,Technologies|Object or component oriented development software|Open Computing Language (OpenCL),3,Technologies,83,Object or component oriented development software,42,Open Computing Language (OpenCL)
30840043,Technologies|Object or component oriented development software|Pandas,3,Technologies,83,Object or component oriented development software,43,Pandas
30840044,Technologies|Object or component oriented development software|Perl (Practical extraction and reporting language),3,Technologies,83,Object or component oriented development software,44,Perl (Practical extraction and reporting language)
30840045,Technologies|Object or component oriented development software|Pyspark,3,Technologies,83,Object or component oriented development software,45,Pyspark
30840046,Technologies|Object or component oriented development software|Python,3,Technologies,83,Object or component oriented development software,46,Python
30840047,Technologies|Object or component oriented development software|Pytorch,3,Technologies,83,Object or component oriented development software,47,Pytorch
30840048,Technologies|Object or component oriented development software|R,3,Technologies,83,Object or component oriented development software,48,R
30840049,Technologies|Object or component oriented development software|Rapide,3,Technologies,83,Object or component oriented development software,49,Rapide
30840050,Technologies|Object or component oriented development software|Responsive Web Design (RWD),3,Technologies,83,Object or component oriented development software,50,Responsive Web Design (RWD)
30840051,Technologies|Object or component oriented development software|SAP Sybase PowerBuilder,3,Technologies,83,Object or component oriented development software,51,SAP Sybase PowerBuilder
30840052,Technologies|Object or component oriented development software|Scala,3,Technologies,83,Object or component oriented development software,52,Scala
30840053,Technologies|Object or component oriented development software|SciPy,3,Technologies,83,Object or component oriented development software,53,SciPy
30840054,Technologies|Object or component oriented development software|Scikit / Sklearn,3,Technologies,83,Object or component oriented development software,54,Scikit / Sklearn
30840055,Technologies|Object or component oriented development software|Smalltalk,3,Technologies,83,Object or component oriented development software,55,Smalltalk
30840056,Technologies|Object or component oriented development software|Software development toolchains,3,Technologies,83,Object or component oriented development software,56,Software development toolchains
30840057,Technologies|Object or component oriented development software|Sybase PowerBuilder,3,Technologies,83,Object or component oriented development software,57,Sybase PowerBuilder
30840058,Technologies|Object or component oriented development software|TACL (Tandem advanced command language),3,Technologies,83,Object or component oriented development software,58,TACL (Tandem advanced command language)
30840059,Technologies|Object or component oriented development software|Tensorflow,3,Technologies,83,Object or component oriented development software,59,Tensorflow
30840060,Technologies|Object or component oriented development software|Vertex ai,3,Technologies,83,Object or component oriented development software,60,Vertex ai
30840061,Technologies|Object or component oriented development software|XGboost,3,Technologies,83,Object or component oriented development software,61,XGboost
30840062,Technologies|Object or component oriented development software|jQuery,3,Technologies,83,Object or component oriented development software,62,jQuery
30840063,Technologies|Object or component oriented development software|scikit-image,3,Technologies,83,Object or component oriented development software,63,scikit-image
30850001,Technologies|Object oriented data base management software|Database management system DBMS,3,Technologies,84,Object oriented data base management software,1,Database management system DBMS
30850002,Technologies|Object oriented data base management software|Hibernate ORM,3,Technologies,84,Object oriented data base management software,2,Hibernate ORM
30850003,Technologies|Object oriented data base management software|Microsoft Visual FoxPro,3,Technologies,84,Object oriented data base management software,3,Microsoft Visual FoxPro
30850004,Technologies|Object oriented data base management software|Object oriented programming software,3,Technologies,84,Object oriented data base management software,4,Object oriented programming software
30850005,Technologies|Object oriented data base management software|PostgreSQL,3,Technologies,84,Object oriented data base management software,5,PostgreSQL
30860001,Technologies|Office suite software|Apple iWork,3,Technologies,85,Office suite software,1,Apple iWork
30860002,Technologies|Office suite software|Business software applications,3,Technologies,85,Office suite software,2,Business software applications
30860003,Technologies|Office suite software|Corel Office,3,Technologies,85,Office suite software,3,Corel Office
30860004,Technologies|Office suite software|Corel WordPerfect,3,Technologies,85,Office suite software,4,Corel WordPerfect
30860005,Technologies|Office suite software|Google Drive,3,Technologies,85,Office suite software,5,Google Drive
30860006,Technologies|Office suite software|Google suite,3,Technologies,85,Office suite software,6,Google suite
30860007,Technologies|Office suite software|Latitude software,3,Technologies,85,Office suite software,7,Latitude software
30860008,Technologies|Office suite software|LibreOffice,3,Technologies,85,Office suite software,8,LibreOffice
30860009,Technologies|Office suite software|Microsoft Office,3,Technologies,85,Office suite software,9,Microsoft Office
30860010,Technologies|Office suite software|Microsoft Office Mobile,3,Technologies,85,Office suite software,10,Microsoft Office Mobile
30860011,Technologies|Office suite software|Microsoft Works,3,Technologies,85,Office suite software,11,Microsoft Works
30860012,Technologies|Office suite software|Microsoft suite,3,Technologies,85,Office suite software,12,Microsoft suite
30860013,Technologies|Office suite software|Office suite software,3,Technologies,85,Office suite software,13,Office suite software
30870001,Technologies|Operating system software|Android,3,Technologies,86,Operating system software,1,Android
30870002,Technologies|Operating system software|Apple Mac OS X,3,Technologies,86,Operating system software,2,Apple Mac OS X
30870003,Technologies|Operating system software|Apple Macintosh OS,3,Technologies,86,Operating system software,3,Apple Macintosh OS
30870004,Technologies|Operating system software|Apple macOS,3,Technologies,86,Operating system software,4,Apple macOS
30870005,Technologies|Operating system software|Application servers,3,Technologies,86,Operating system software,5,Application servers
30870006,Technologies|Operating system software|Bash,3,Technologies,86,Operating system software,6,Bash
30870007,Technologies|Operating system software|BlackBerry Enterprise Server,3,Technologies,86,Operating system software,7,BlackBerry Enterprise Server
30870008,Technologies|Operating system software|Bourne Shell,3,Technologies,86,Operating system software,8,Bourne Shell
30870009,Technologies|Operating system software|C shell,3,Technologies,86,Operating system software,9,C shell
30870010,Technologies|Operating system software|Computer operating systems,3,Technologies,86,Operating system software,10,Computer operating systems
30870011,Technologies|Operating system software|Computer servers,3,Technologies,86,Operating system software,11,Computer servers
30870012,Technologies|Operating system software|Cygwin,3,Technologies,86,Operating system software,12,Cygwin
30870013,Technologies|Operating system software|Emulators,3,Technologies,86,Operating system software,13,Emulators
30870014,Technologies|Operating system software|File servers,3,Technologies,86,Operating system software,14,File servers
30870015,Technologies|Operating system software|HDFS (Hadoop Distributed File System),3,Technologies,86,Operating system software,15,HDFS (Hadoop Distributed File System)
30870016,Technologies|Operating system software|IBM AIX,3,Technologies,86,Operating system software,16,IBM AIX
30870017,Technologies|Operating system software|IBM MVS,3,Technologies,86,Operating system software,17,IBM MVS
30870018,Technologies|Operating system software|IBM Tivoli Workload Scheduler,3,Technologies,86,Operating system software,18,IBM Tivoli Workload Scheduler
30870019,Technologies|Operating system software|IBM i,3,Technologies,86,Operating system software,19,IBM i
30870020,Technologies|Operating system software|IOS,3,Technologies,86,Operating system software,20,IOS
30870021,Technologies|Operating system software|JCL (Job control language),3,Technologies,86,Operating system software,21,JCL (Job control language)
30870022,Technologies|Operating system software|KornShell,3,Technologies,86,Operating system software,22,KornShell
30870023,Technologies|Operating system software|Linux,3,Technologies,86,Operating system software,23,Linux
30870024,Technologies|Operating system software|Microsoft Hyper-V Server,3,Technologies,86,Operating system software,24,Microsoft Hyper-V Server
30870025,Technologies|Operating system software|Microsoft Windows,3,Technologies,86,Operating system software,25,Microsoft Windows
30870026,Technologies|Operating system software|Microsoft Windows Mobile,3,Technologies,86,Operating system software,26,Microsoft Windows Mobile
30870027,Technologies|Operating system software|Microsoft Windows PowerShell,3,Technologies,86,Operating system software,27,Microsoft Windows PowerShell
30870028,Technologies|Operating system software|Microsoft Windows Pre-installation Environment,3,Technologies,86,Operating system software,28,Microsoft Windows Pre-installation Environment
30870029,Technologies|Operating system software|Microsoft Windows XP,3,Technologies,86,Operating system software,29,Microsoft Windows XP
30870030,Technologies|Operating system software|Microsoft Windows XP Professional,3,Technologies,86,Operating system software,30,Microsoft Windows XP Professional
30870031,Technologies|Operating system software|Microsoft operating system,3,Technologies,86,Operating system software,31,Microsoft operating system
30870032,Technologies|Operating system software|Operating system software,3,Technologies,86,Operating system software,32,Operating system software
30870033,Technologies|Operating system software|Oracle Solaris,3,Technologies,86,Operating system software,33,Oracle Solaris
30870034,Technologies|Operating system software|Perl Shell,3,Technologies,86,Operating system software,34,Perl Shell
30870035,Technologies|Operating system software|Print servers,3,Technologies,86,Operating system software,35,Print servers
30870036,Technologies|Operating system software|QNX,3,Technologies,86,Operating system software,36,QNX
30870037,Technologies|Operating system software|Real time operating system RTOS software,3,Technologies,86,Operating system software,37,Real time operating system RTOS software
30870038,Technologies|Operating system software|Red Hat Enterprise Linux,3,Technologies,86,Operating system software,38,Red Hat Enterprise Linux
30870039,Technologies|Operating system software|SOAP,3,Technologies,86,Operating system software,39,SOAP
30870040,Technologies|Operating system software|Shell script,3,Technologies,86,Operating system software,40,Shell script
30870041,Technologies|Operating system software|Simple mail transfer protocol SMTP,3,Technologies,86,Operating system software,41,Simple mail transfer protocol SMTP
30870042,Technologies|Operating system software|Storage servers,3,Technologies,86,Operating system software,42,Storage servers
30870043,Technologies|Operating system software|UNIX,3,Technologies,86,Operating system software,43,UNIX
30870044,Technologies|Operating system software|Ubuntu,3,Technologies,86,Operating system software,44,Ubuntu
30870045,Technologies|Operating system software|VMWare Workstation,3,Technologies,86,Operating system software,45,VMWare Workstation
30870046,Technologies|Operating system software|Web servers,3,Technologies,86,Operating system software,46,Web servers
30870047,Technologies|Operating system software|Win CE,3,Technologies,86,Operating system software,47,Win CE
30870048,Technologies|Operating system software|Wind River VxWorks,3,Technologies,86,Operating system software,48,Wind River VxWorks
30870049,Technologies|Operating system software|Windows servers,3,Technologies,86,Operating system software,49,Windows servers
30880001,Technologies|Optical character reader OCR or scanning software|Digitizing software,3,Technologies,87,Optical character reader OCR or scanning software,1,Digitizing software
30880002,Technologies|Optical character reader OCR or scanning software|Multi-line optical character reader OCR software,3,Technologies,87,Optical character reader OCR or scanning software,2,Multi-line optical character reader OCR software
30880003,Technologies|Optical character reader OCR or scanning software|Optical character reader OCR software,3,Technologies,87,Optical character reader OCR or scanning software,3,Optical character reader OCR software
30880004,Technologies|Optical character reader OCR or scanning software|Optical character recognition OCR software,3,Technologies,87,Optical character reader OCR or scanning software,4,Optical character recognition OCR software
30880005,Technologies|Optical character reader OCR or scanning software|Optical scanning software,3,Technologies,87,Optical character reader OCR or scanning software,5,Optical scanning software
30880006,Technologies|Optical character reader OCR or scanning software|Scanning software,3,Technologies,87,Optical character reader OCR or scanning software,6,Scanning software
30890001,Technologies|Pattern design software|Block diagram software,3,Technologies,88,Pattern design software,1,Block diagram software
30890002,Technologies|Pattern design software|Diagramming software,3,Technologies,88,Pattern design software,2,Diagramming software
30890003,Technologies|Pattern design software|Flow chart software,3,Technologies,88,Pattern design software,3,Flow chart software
30890004,Technologies|Pattern design software|Mind mapping software,3,Technologies,88,Pattern design software,4,Mind mapping software
30900001,Technologies|Platform interconnectivity software|Connectivity software,3,Technologies,89,Platform interconnectivity software,1,Connectivity software
30900002,Technologies|Platform interconnectivity software|IBM iSeries Access,3,Technologies,89,Platform interconnectivity software,2,IBM iSeries Access
30900003,Technologies|Platform interconnectivity software|Migration software,3,Technologies,89,Platform interconnectivity software,3,Migration software
30900004,Technologies|Platform interconnectivity software|Virtual network computing VNC software,3,Technologies,89,Platform interconnectivity software,4,Virtual network computing VNC software
30910001,Technologies|Point of sale POS software|Credit card processing software,3,Technologies,90,Point of sale POS software,1,Credit card processing software
30910002,Technologies|Point of sale POS software|LightSpeed Cloud,3,Technologies,90,Point of sale POS software,2,LightSpeed Cloud
30910003,Technologies|Point of sale POS software|PayPal,3,Technologies,90,Point of sale POS software,3,PayPal
30910004,Technologies|Point of sale POS software|Payment processing software,3,Technologies,90,Point of sale POS software,4,Payment processing software
30910005,Technologies|Point of sale POS software|Point of sale POS bookstore software,3,Technologies,90,Point of sale POS software,5,Point of sale POS bookstore software
30910006,Technologies|Point of sale POS software|Point of sale POS software,3,Technologies,90,Point of sale POS software,6,Point of sale POS software
30910007,Technologies|Point of sale POS software|Point of sale POS systems,3,Technologies,90,Point of sale POS software,7,Point of sale POS systems
30910008,Technologies|Point of sale POS software|Retail sales software,3,Technologies,90,Point of sale POS software,8,Retail sales software
30910009,Technologies|Point of sale POS software|SAP POS Data Management,3,Technologies,90,Point of sale POS software,9,SAP POS Data Management
30910010,Technologies|Point of sale POS software|Sales management software,3,Technologies,90,Point of sale POS software,10,Sales management software
30910011,Technologies|Point of sale POS software|Sales software,3,Technologies,90,Point of sale POS software,11,Sales software
30910012,Technologies|Point of sale POS software|System Innovators,3,Technologies,90,Point of sale POS software,12,System Innovators
30910013,Technologies|Point of sale POS software|System3 POS software,3,Technologies,90,Point of sale POS software,13,System3 POS software
30910014,Technologies|Point of sale POS software|The Retail Solution,3,Technologies,90,Point of sale POS software,14,The Retail Solution
30920001,Technologies|Portal server software|Apache HTTP Server,3,Technologies,91,Portal server software,1,Apache HTTP Server
30920002,Technologies|Portal server software|Apache Webserver,3,Technologies,91,Portal server software,2,Apache Webserver
30930001,Technologies|Presentation software|EnviroInsite,3,Technologies,92,Presentation software,1,EnviroInsite
30930002,Technologies|Presentation software|Google Slides,3,Technologies,92,Presentation software,2,Google Slides
30930003,Technologies|Presentation software|Microsoft PowerPivot,3,Technologies,92,Presentation software,3,Microsoft PowerPivot
30930004,Technologies|Presentation software|Microsoft PowerPoint,3,Technologies,92,Presentation software,4,Microsoft PowerPoint
30930005,Technologies|Presentation software|Presentation graphics software,3,Technologies,92,Presentation software,5,Presentation graphics software
30930006,Technologies|Presentation software|Presentation software,3,Technologies,92,Presentation software,6,Presentation software
30930007,Technologies|Presentation software|Prezi,3,Technologies,92,Presentation software,7,Prezi
30940001,Technologies|Procurement software|Brokerage software,3,Technologies,93,Procurement software,1,Brokerage software
30940002,Technologies|Procurement software|Oracle Advanced Procurement,3,Technologies,93,Procurement software,2,Oracle Advanced Procurement
30940003,Technologies|Procurement software|Order management software,3,Technologies,93,Procurement software,3,Order management software
30940004,Technologies|Procurement software|Purchasing software,3,Technologies,93,Procurement software,4,Purchasing software
30940005,Technologies|Procurement software|Vision Software,3,Technologies,93,Procurement software,5,Vision Software
30940006,Technologies|Procurement software|eBuy,3,Technologies,93,Procurement software,6,eBuy
30950001,Technologies|Program testing software|Abbot,3,Technologies,94,Program testing software,1,Abbot
30950002,Technologies|Program testing software|Bugzilla,3,Technologies,94,Program testing software,2,Bugzilla
30950003,Technologies|Program testing software|Code profilers,3,Technologies,94,Program testing software,3,Code profilers
30950004,Technologies|Program testing software|CppUnit,3,Technologies,94,Program testing software,4,CppUnit
30950005,Technologies|Program testing software|Debuggers,3,Technologies,94,Program testing software,5,Debuggers
30950006,Technologies|Program testing software|Debugging software,3,Technologies,94,Program testing software,6,Debugging software
30950007,Technologies|Program testing software|Defect tracking software,3,Technologies,94,Program testing software,7,Defect tracking software
30950008,Technologies|Program testing software|FileMon,3,Technologies,94,Program testing software,8,FileMon
30950009,Technologies|Program testing software|FitNesse,3,Technologies,94,Program testing software,9,FitNesse
30950010,Technologies|Program testing software|Functional testing software,3,Technologies,94,Program testing software,10,Functional testing software
30950011,Technologies|Program testing software|Hewlett Packard LoadRunner,3,Technologies,94,Program testing software,11,Hewlett Packard LoadRunner
30950012,Technologies|Program testing software|IBM Rational Functional Tester,3,Technologies,94,Program testing software,12,IBM Rational Functional Tester
30950013,Technologies|Program testing software|IBM Rational Robot,3,Technologies,94,Program testing software,13,IBM Rational Robot
30950014,Technologies|Program testing software|Integration testing software,3,Technologies,94,Program testing software,14,Integration testing software
30950015,Technologies|Program testing software|JUnit,3,Technologies,94,Program testing software,15,JUnit
30950016,Technologies|Program testing software|Kali Linux,3,Technologies,94,Program testing software,16,Kali Linux
30950017,Technologies|Program testing software|Microsoft Visual Studio Test Professional,3,Technologies,94,Program testing software,17,Microsoft Visual Studio Test Professional
30950018,Technologies|Program testing software|Nunit,3,Technologies,94,Program testing software,18,Nunit
30950019,Technologies|Program testing software|Parasoft SOAtest,3,Technologies,94,Program testing software,19,Parasoft SOAtest
30950020,Technologies|Program testing software|Profilers,3,Technologies,94,Program testing software,20,Profilers
30950021,Technologies|Program testing software|RegMon,3,Technologies,94,Program testing software,21,RegMon
30950022,Technologies|Program testing software|Robot Framework,3,Technologies,94,Program testing software,22,Robot Framework
30950023,Technologies|Program testing software|Rockwell RSLogix,3,Technologies,94,Program testing software,23,Rockwell RSLogix
30950024,Technologies|Program testing software|SOAP SONAR,3,Technologies,94,Program testing software,24,SOAP SONAR
30950025,Technologies|Program testing software|SOAP UI,3,Technologies,94,Program testing software,25,SOAP UI
30950026,Technologies|Program testing software|Security testing software,3,Technologies,94,Program testing software,26,Security testing software
30950027,Technologies|Program testing software|Selenium,3,Technologies,94,Program testing software,27,Selenium
30950028,Technologies|Program testing software|Static analysis software,3,Technologies,94,Program testing software,28,Static analysis software
30950029,Technologies|Program testing software|Stress testing software,3,Technologies,94,Program testing software,29,Stress testing software
30950030,Technologies|Program testing software|System testing software,3,Technologies,94,Program testing software,30,System testing software
30950031,Technologies|Program testing software|Test design software,3,Technologies,94,Program testing software,31,Test design software
30950032,Technologies|Program testing software|TestNG,3,Technologies,94,Program testing software,32,TestNG
30950033,Technologies|Program testing software|Unit testing software,3,Technologies,94,Program testing software,33,Unit testing software
30950034,Technologies|Program testing software|Usability testing software,3,Technologies,94,Program testing software,34,Usability testing software
30950035,Technologies|Program testing software|User interface design software,3,Technologies,94,Program testing software,35,User interface design software
30950036,Technologies|Program testing software|Watir,3,Technologies,94,Program testing software,36,Watir
30960001,Technologies|Project management software|Assembla,3,Technologies,95,Project management software,1,Assembla
30960002,Technologies|Project management software|AtTask,3,Technologies,95,Project management software,2,AtTask
30960003,Technologies|Project management software|Atlassian Confluence,3,Technologies,95,Project management software,3,Atlassian Confluence
30960004,Technologies|Project management software|Bentley ProjectWise,3,Technologies,95,Project management software,4,Bentley ProjectWise
30960005,Technologies|Project management software|Clarizen,3,Technologies,95,Project management software,5,Clarizen
30960006,Technologies|Project management software|Computer estimation software,3,Technologies,95,Project management software,6,Computer estimation software
30960007,Technologies|Project management software|Contract management software,3,Technologies,95,Project management software,7,Contract management software
30960008,Technologies|Project management software|Cost estimating software,3,Technologies,95,Project management software,8,Cost estimating software
30960009,Technologies|Project management software|Ellucian Degree Works,3,Technologies,95,Project management software,9,Ellucian Degree Works
30960010,Technologies|Project management software|Estimating software,3,Technologies,95,Project management software,10,Estimating software
30960011,Technologies|Project management software|FloorRight,3,Technologies,95,Project management software,11,FloorRight
30960012,Technologies|Project management software|FluidSurveys,3,Technologies,95,Project management software,12,FluidSurveys
30960013,Technologies|Project management software|HCSS HeavyBid,3,Technologies,95,Project management software,13,HCSS HeavyBid
30960014,Technologies|Project management software|HCSS HeavyJob,3,Technologies,95,Project management software,14,HCSS HeavyJob
30960015,Technologies|Project management software|Incident command system ICS software,3,Technologies,95,Project management software,15,Incident command system ICS software
30960016,Technologies|Project management software|Job tracking software,3,Technologies,95,Project management software,16,Job tracking software
30960017,Technologies|Project management software|Khameleon,3,Technologies,95,Project management software,17,Khameleon
30960018,Technologies|Project management software|Legal Files Software,3,Technologies,95,Project management software,18,Legal Files Software
30960019,Technologies|Project management software|LiquidPlanner,3,Technologies,95,Project management software,19,LiquidPlanner
30960020,Technologies|Project management software|Mavenlink,3,Technologies,95,Project management software,20,Mavenlink
30960021,Technologies|Project management software|Measure Square,3,Technologies,95,Project management software,21,Measure Square
30960022,Technologies|Project management software|Microsoft Project,3,Technologies,95,Project management software,22,Microsoft Project
30960023,Technologies|Project management software|Microsoft SharePoint,3,Technologies,95,Project management software,23,Microsoft SharePoint
30960024,Technologies|Project management software|Microsoft Team Foundation Server,3,Technologies,95,Project management software,24,Microsoft Team Foundation Server
30960025,Technologies|Project management software|Oracle Primavera P6 Professional Project Management,3,Technologies,95,Project management software,25,Oracle Primavera P6 Professional Project Management
30960026,Technologies|Project management software|Oracle Primavera Systems,3,Technologies,95,Project management software,26,Oracle Primavera Systems
30960027,Technologies|Project management software|PlanSwift,3,Technologies,95,Project management software,27,PlanSwift
30960028,Technologies|Project management software|Planbox,3,Technologies,95,Project management software,28,Planbox
30960029,Technologies|Project management software|Primavera,3,Technologies,95,Project management software,29,Primavera
30960030,Technologies|Project management software|Productivity software,3,Technologies,95,Project management software,30,Productivity software
30960031,Technologies|Project management software|Project estimation software,3,Technologies,95,Project management software,31,Project estimation software
30960032,Technologies|Project management software|Project management software,3,Technologies,95,Project management software,32,Project management software
30960033,Technologies|Project management software|Project planning software,3,Technologies,95,Project management software,33,Project planning software
30960034,Technologies|Project management software|Project scheduling software,3,Technologies,95,Project management software,34,Project scheduling software
30960035,Technologies|Project management software|ReServe Interactive,3,Technologies,95,Project management software,35,ReServe Interactive
30960036,Technologies|Project management software|Redmine,3,Technologies,95,Project management software,36,Redmine
30960037,Technologies|Project management software|SAP Customs Management,3,Technologies,95,Project management software,37,SAP Customs Management
30960038,Technologies|Project management software|Sciforma,3,Technologies,95,Project management software,38,Sciforma
30960039,Technologies|Project management software|Siemens Teamcenter,3,Technologies,95,Project management software,39,Siemens Teamcenter
30960040,Technologies|Project management software|Smartsheet,3,Technologies,95,Project management software,40,Smartsheet
30960041,Technologies|Project management software|SolidWorks Enterprise PDM,3,Technologies,95,Project management software,41,SolidWorks Enterprise PDM
30960042,Technologies|Project management software|Total quality management TQM software,3,Technologies,95,Project management software,42,Total quality management TQM software
30960043,Technologies|Project management software|Virtual Case Management,3,Technologies,95,Project management software,43,Virtual Case Management
30960044,Technologies|Project management software|Wrike,3,Technologies,95,Project management software,44,Wrike
30960045,Technologies|Project management software|Yield management systems,3,Technologies,95,Project management software,45,Yield management systems
30960046,Technologies|Project management software|Zoho Projects,3,Technologies,95,Project management software,46,Zoho Projects
30960047,Technologies|Project management software|eTakeoff,3,Technologies,95,Project management software,47,eTakeoff
30970001,Technologies|Quality Control|Acceptance Test Procedures,3,Technologies,96,Quality Control,1,Acceptance Test Procedures
30980001,Technologies|Requirements analysis and system architecture software|Capacity planning software,3,Technologies,97,Requirements analysis and system architecture software,1,Capacity planning software
30980002,Technologies|Requirements analysis and system architecture software|IBM Rational DOORS,3,Technologies,97,Requirements analysis and system architecture software,2,IBM Rational DOORS
30980003,Technologies|Requirements analysis and system architecture software|IBM Rational Requisite Pro,3,Technologies,97,Requirements analysis and system architecture software,3,IBM Rational Requisite Pro
30980004,Technologies|Requirements analysis and system architecture software|Requirements analysis software,3,Technologies,97,Requirements analysis and system architecture software,4,Requirements analysis software
30980005,Technologies|Requirements analysis and system architecture software|Requirements management software,3,Technologies,97,Requirements analysis and system architecture software,5,Requirements management software
30980006,Technologies|Requirements analysis and system architecture software|UML (Unified Modeling Language),3,Technologies,97,Requirements analysis and system architecture software,6,UML (Unified Modeling Language)
30990001,Technologies|Route navigation software|Navigation software,3,Technologies,98,Route navigation software,1,Navigation software
30990002,Technologies|Route navigation software|Route mapping software,3,Technologies,98,Route navigation software,2,Route mapping software
30990003,Technologies|Route navigation software|Routing software,3,Technologies,98,Route navigation software,3,Routing software
31000001,Technologies|Sales and marketing software|Google AdWords,3,Technologies,99,Sales and marketing software,1,Google AdWords
31000002,Technologies|Sales and marketing software|HubSpot software,3,Technologies,99,Sales and marketing software,2,HubSpot software
31000003,Technologies|Sales and marketing software|Marketo Marketing Automation,3,Technologies,99,Sales and marketing software,3,Marketo Marketing Automation
31000004,Technologies|Sales and marketing software|Recommender Systems,3,Technologies,99,Sales and marketing software,4,Recommender Systems
31000005,Technologies|Sales and marketing software|Search engine marketing SEM software,3,Technologies,99,Sales and marketing software,5,Search engine marketing SEM software
31010001,Technologies|Software and web development|AI libraries,3,Technologies,100,Software and web development,1,AI libraries
31010002,Technologies|Software and web development|Service-Oriented Architecture (SOA),3,Technologies,100,Software and web development,2,Service-Oriented Architecture (SOA)
31020001,Technologies|Spreadsheet software|Google Sheets,3,Technologies,101,Spreadsheet software,1,Google Sheets
31020002,Technologies|Spreadsheet software|Google spreadsheet,3,Technologies,101,Spreadsheet software,2,Google spreadsheet
31020003,Technologies|Spreadsheet software|Microsoft Excel,3,Technologies,101,Spreadsheet software,3,Microsoft Excel
31020004,Technologies|Spreadsheet software|Spreadsheet applications,3,Technologies,101,Spreadsheet software,4,Spreadsheet applications
31020005,Technologies|Spreadsheet software|Spreadsheet programs,3,Technologies,101,Spreadsheet software,5,Spreadsheet programs
31020006,Technologies|Spreadsheet software|Spreadsheet software,3,Technologies,101,Spreadsheet software,6,Spreadsheet software
31030001,Technologies|Storage networking software|Blockchain,3,Technologies,102,Storage networking software,1,Blockchain
31030002,Technologies|Storage networking software|Non-Fungible Tokens,3,Technologies,102,Storage networking software,2,Non-Fungible Tokens
31030003,Technologies|Storage networking software|Storage area network SAN software,3,Technologies,102,Storage networking software,3,Storage area network SAN software
31040001,Technologies|Surveillance Systems|Closed circuit television CCTV systems,3,Technologies,103,Surveillance Systems,1,Closed circuit television CCTV systems
31040002,Technologies|Surveillance Systems|Video monitoring systems,3,Technologies,103,Surveillance Systems,2,Video monitoring systems
31050001,Technologies|Switch or router software|Border Gateway Protocol BGP,3,Technologies,104,Switch or router software,1,Border Gateway Protocol BGP
31050002,Technologies|Switch or router software|Coarse wavelength division multiplexing (CWDM),3,Technologies,104,Switch or router software,2,Coarse wavelength division multiplexing (CWDM)
31050003,Technologies|Switch or router software|Enhanced Interior Gateway Routing Protocol EIGRP,3,Technologies,104,Switch or router software,3,Enhanced Interior Gateway Routing Protocol EIGRP
31050004,Technologies|Switch or router software|Router software,3,Technologies,104,Switch or router software,4,Router software
31050005,Technologies|Switch or router software|Transmission Control Protocol/Internet Protocol (TCP/IP),3,Technologies,104,Switch or router software,5,Transmission Control Protocol/Internet Protocol (TCP/IP)
31050006,Technologies|Switch or router software|User Datagram Protocol (UDP),3,Technologies,104,Switch or router software,6,User Datagram Protocol (UDP)
31060001,Technologies|Tax preparation software|Intuit TurboTax,3,Technologies,105,Tax preparation software,1,Intuit TurboTax
31060002,Technologies|Tax preparation software|Tax accounting software,3,Technologies,105,Tax preparation software,2,Tax accounting software
31070001,Technologies|Time accounting software|ADP eTIME,3,Technologies,106,Time accounting software,1,ADP eTIME
31070002,Technologies|Time accounting software|ADP ezLaborManager,3,Technologies,106,Time accounting software,2,ADP ezLaborManager
31070003,Technologies|Time accounting software|Automated payroll software,3,Technologies,106,Time accounting software,3,Automated payroll software
31070004,Technologies|Time accounting software|Automated timekeeping software,3,Technologies,106,Time accounting software,4,Automated timekeeping software
31070005,Technologies|Time accounting software|Kronos Workforce Timekeeper,3,Technologies,106,Time accounting software,5,Kronos Workforce Timekeeper
31070006,Technologies|Time accounting software|Oracle PeopleSoft Payroll for North America,3,Technologies,106,Time accounting software,6,Oracle PeopleSoft Payroll for North America
31070007,Technologies|Time accounting software|PDS Vista,3,Technologies,106,Time accounting software,7,PDS Vista
31070008,Technologies|Time accounting software|Payroll software,3,Technologies,106,Time accounting software,8,Payroll software
31070009,Technologies|Time accounting software|Sage Timeslips,3,Technologies,106,Time accounting software,9,Sage Timeslips
31070010,Technologies|Time accounting software|Time and attendance software,3,Technologies,106,Time accounting software,10,Time and attendance software
31070011,Technologies|Time accounting software|Time recording software,3,Technologies,106,Time accounting software,11,Time recording software
31070012,Technologies|Time accounting software|Time tracking software,3,Technologies,106,Time accounting software,12,Time tracking software
31070013,Technologies|Time accounting software|TimeForce,3,Technologies,106,Time accounting software,13,TimeForce
31070014,Technologies|Time accounting software|Timekeeping software,3,Technologies,106,Time accounting software,14,Timekeeping software
31070015,Technologies|Time accounting software|Workbrain Time and Attendance,3,Technologies,106,Time accounting software,15,Workbrain Time and Attendance
31080001,Technologies|Transaction security and virus protection software|Anti-spyware software,3,Technologies,107,Transaction security and virus protection software,1,Anti-spyware software
31080002,Technologies|Transaction security and virus protection software|Antivirus software,3,Technologies,107,Transaction security and virus protection software,2,Antivirus software
31080003,Technologies|Transaction security and virus protection software|Check Point Next Generation Secure Web Gateway,3,Technologies,107,Transaction security and virus protection software,3,Check Point Next Generation Secure Web Gateway
31080004,Technologies|Transaction security and virus protection software|Encryption software,3,Technologies,107,Transaction security and virus protection software,4,Encryption software
31080005,Technologies|Transaction security and virus protection software|HP WebInspect,3,Technologies,107,Transaction security and virus protection software,5,HP WebInspect
31080006,Technologies|Transaction security and virus protection software|Honeypot,3,Technologies,107,Transaction security and virus protection software,6,Honeypot
31080007,Technologies|Transaction security and virus protection software|McAfee,3,Technologies,107,Transaction security and virus protection software,7,McAfee
31080008,Technologies|Transaction security and virus protection software|Metasploit,3,Technologies,107,Transaction security and virus protection software,8,Metasploit
31080009,Technologies|Transaction security and virus protection software|Nessus,3,Technologies,107,Transaction security and virus protection software,9,Nessus
31080010,Technologies|Transaction security and virus protection software|Nmap,3,Technologies,107,Transaction security and virus protection software,10,Nmap
31080011,Technologies|Transaction security and virus protection software|OAuth (Open Authorization),3,Technologies,107,Transaction security and virus protection software,11,OAuth (Open Authorization)
31080012,Technologies|Transaction security and virus protection software|Penetration testing software,3,Technologies,107,Transaction security and virus protection software,12,Penetration testing software
31080013,Technologies|Transaction security and virus protection software|Ping Identity,3,Technologies,107,Transaction security and virus protection software,13,Ping Identity
31080014,Technologies|Transaction security and virus protection software|Portswigger BurP Suite,3,Technologies,107,Transaction security and virus protection software,14,Portswigger BurP Suite
31080015,Technologies|Transaction security and virus protection software|Rapid7 Nexpose,3,Technologies,107,Transaction security and virus protection software,15,Rapid7 Nexpose
31080016,Technologies|Transaction security and virus protection software|SSL,3,Technologies,107,Transaction security and virus protection software,16,SSL
31080017,Technologies|Transaction security and virus protection software|Stack smashing protection SSP software,3,Technologies,107,Transaction security and virus protection software,17,Stack smashing protection SSP software
31080018,Technologies|Transaction security and virus protection software|Symantec,3,Technologies,107,Transaction security and virus protection software,18,Symantec
31080019,Technologies|Transaction security and virus protection software|Symantec Endpoint Protection,3,Technologies,107,Transaction security and virus protection software,19,Symantec Endpoint Protection
31080020,Technologies|Transaction security and virus protection software|Virus protection software,3,Technologies,107,Transaction security and virus protection software,20,Virus protection software
31080021,Technologies|Transaction security and virus protection software|Virus scanning software,3,Technologies,107,Transaction security and virus protection software,21,Virus scanning software
31090001,Technologies|Transaction server software|Customer information control system CICS,3,Technologies,108,Transaction server software,1,Customer information control system CICS
31090002,Technologies|Transaction server software|IBM Middleware,3,Technologies,108,Transaction server software,2,IBM Middleware
31090003,Technologies|Transaction server software|Microsoft Internet Information Service IIS,3,Technologies,108,Transaction server software,3,Microsoft Internet Information Service IIS
31090004,Technologies|Transaction server software|Microsoft Internet Information Services IIS,3,Technologies,108,Transaction server software,4,Microsoft Internet Information Services IIS
31090005,Technologies|Transaction server software|Web server software,3,Technologies,108,Transaction server software,5,Web server software
31100001,Technologies|Video conferencing software|Cisco Systems WebEx,3,Technologies,109,Video conferencing software,1,Cisco Systems WebEx
31100002,Technologies|Video conferencing software|Citrix GoToMeeting,3,Technologies,109,Video conferencing software,2,Citrix GoToMeeting
31100003,Technologies|Video conferencing software|Microsoft NetMeeting,3,Technologies,109,Video conferencing software,3,Microsoft NetMeeting
31100004,Technologies|Video conferencing software|Online meeting software,3,Technologies,109,Video conferencing software,4,Online meeting software
31100005,Technologies|Video conferencing software|Teleconferencing software,3,Technologies,109,Video conferencing software,5,Teleconferencing software
31100006,Technologies|Video conferencing software|Video conference software,3,Technologies,109,Video conferencing software,6,Video conference software
31100007,Technologies|Video conferencing software|Videoconferencing software,3,Technologies,109,Video conferencing software,7,Videoconferencing software
31100008,Technologies|Video conferencing software|Web conferencing software,3,Technologies,109,Video conferencing software,8,Web conferencing software
31110001,Technologies|Video creation and editing software|AP ENPS,3,Technologies,110,Video creation and editing software,1,AP ENPS
31110002,Technologies|Video creation and editing software|Adobe Systems Adobe After Effects,3,Technologies,110,Video creation and editing software,2,Adobe Systems Adobe After Effects
31110003,Technologies|Video creation and editing software|Adobe Systems Adobe AfterEffects,3,Technologies,110,Video creation and editing software,3,Adobe Systems Adobe AfterEffects
31110004,Technologies|Video creation and editing software|Adobe Systems Adobe Premiere Pro,3,Technologies,110,Video creation and editing software,4,Adobe Systems Adobe Premiere Pro
31110005,Technologies|Video creation and editing software|Apple Final Cut Pro,3,Technologies,110,Video creation and editing software,5,Apple Final Cut Pro
31110006,Technologies|Video creation and editing software|Apple Final Cut Pro X,3,Technologies,110,Video creation and editing software,6,Apple Final Cut Pro X
31110007,Technologies|Video creation and editing software|Apple iMovie,3,Technologies,110,Video creation and editing software,7,Apple iMovie
31110008,Technologies|Video creation and editing software|Autodesk 3ds Max,3,Technologies,110,Video creation and editing software,8,Autodesk 3ds Max
31110009,Technologies|Video creation and editing software|Autodesk MotionBuilder,3,Technologies,110,Video creation and editing software,9,Autodesk MotionBuilder
31110010,Technologies|Video creation and editing software|Autodesk Smoke,3,Technologies,110,Video creation and editing software,10,Autodesk Smoke
31110011,Technologies|Video creation and editing software|Avid Media Composer,3,Technologies,110,Video creation and editing software,11,Avid Media Composer
31110012,Technologies|Video creation and editing software|Avid Technology,3,Technologies,110,Video creation and editing software,12,Avid Technology
31110013,Technologies|Video creation and editing software|Grass Valley EDIUS,3,Technologies,110,Video creation and editing software,13,Grass Valley EDIUS
31110014,Technologies|Video creation and editing software|Houdini,3,Technologies,110,Video creation and editing software,14,Houdini
31110015,Technologies|Video creation and editing software|Live streaming software,3,Technologies,110,Video creation and editing software,15,Live streaming software
31110016,Technologies|Video creation and editing software|MAXON CINEMA 4D,3,Technologies,110,Video creation and editing software,16,MAXON CINEMA 4D
31110017,Technologies|Video creation and editing software|Motion capture software,3,Technologies,110,Video creation and editing software,17,Motion capture software
31110018,Technologies|Video creation and editing software|Side Effects Houdini,3,Technologies,110,Video creation and editing software,18,Side Effects Houdini
31110019,Technologies|Video creation and editing software|Softimage XSI,3,Technologies,110,Video creation and editing software,19,Softimage XSI
31110020,Technologies|Video creation and editing software|TechSmith Camtasia,3,Technologies,110,Video creation and editing software,20,TechSmith Camtasia
31110021,Technologies|Video creation and editing software|The Foundry Nuke,3,Technologies,110,Video creation and editing software,21,The Foundry Nuke
31110022,Technologies|Video creation and editing software|Video development software,3,Technologies,110,Video creation and editing software,22,Video development software
31110023,Technologies|Video creation and editing software|Video editing software,3,Technologies,110,Video creation and editing software,23,Video editing software
31110024,Technologies|Video creation and editing software|Video production software,3,Technologies,110,Video creation and editing software,24,Video production software
31120001,Technologies|Voice recognition software|Dictation software,3,Technologies,111,Voice recognition software,1,Dictation software
31120002,Technologies|Voice recognition software|Speech recognition software,3,Technologies,111,Voice recognition software,2,Speech recognition software
31120003,Technologies|Voice recognition software|Voice activated software,3,Technologies,111,Voice recognition software,3,Voice activated software
31120004,Technologies|Voice recognition software|Voice dictation software,3,Technologies,111,Voice recognition software,4,Voice dictation software
31120005,Technologies|Voice recognition software|Voice recognition software,3,Technologies,111,Voice recognition software,5,Voice recognition software
31130001,Technologies|Voice synthesizer and recognition software|Voice picking software,3,Technologies,112,Voice synthesizer and recognition software,1,Voice picking software
31140001,Technologies|WAN switching software and firmware|Wide area network WAN software,3,Technologies,113,WAN switching software and firmware,1,Wide area network WAN software
31150001,Technologies|Web page creation and editing software|Adobe Systems Adobe Contribute,3,Technologies,114,Web page creation and editing software,1,Adobe Systems Adobe Contribute
31150002,Technologies|Web page creation and editing software|Adobe Systems Adobe Dreamweaver,3,Technologies,114,Web page creation and editing software,2,Adobe Systems Adobe Dreamweaver
31150003,Technologies|Web page creation and editing software|Adobe Systems Adobe Experience Manager (AEM),3,Technologies,114,Web page creation and editing software,3,Adobe Systems Adobe Experience Manager (AEM)
31150004,Technologies|Web page creation and editing software|Adobe Systems Adobe Flash Player,3,Technologies,114,Web page creation and editing software,4,Adobe Systems Adobe Flash Player
31150005,Technologies|Web page creation and editing software|Blogger,3,Technologies,114,Web page creation and editing software,5,Blogger
31150006,Technologies|Web page creation and editing software|Blogging software,3,Technologies,114,Web page creation and editing software,6,Blogging software
31150007,Technologies|Web page creation and editing software|Brightcove,3,Technologies,114,Web page creation and editing software,7,Brightcove
31150008,Technologies|Web page creation and editing software|Content management systems CMS,3,Technologies,114,Web page creation and editing software,8,Content management systems CMS
31150009,Technologies|Web page creation and editing software|Enterprise content management,3,Technologies,114,Web page creation and editing software,9,Enterprise content management
31150010,Technologies|Web page creation and editing software|Google Video,3,Technologies,114,Web page creation and editing software,10,Google Video
31150011,Technologies|Web page creation and editing software|Google Webmaster Tools,3,Technologies,114,Web page creation and editing software,11,Google Webmaster Tools
31150012,Technologies|Web page creation and editing software|IMPACT software,3,Technologies,114,Web page creation and editing software,12,IMPACT software
31150013,Technologies|Web page creation and editing software|Macromedia Dreamweaver,3,Technologies,114,Web page creation and editing software,13,Macromedia Dreamweaver
31150014,Technologies|Web page creation and editing software|MediaWiki,3,Technologies,114,Web page creation and editing software,14,MediaWiki
31150015,Technologies|Web page creation and editing software|Microsoft FrontPage,3,Technologies,114,Web page creation and editing software,15,Microsoft FrontPage
31150016,Technologies|Web page creation and editing software|Nvu,3,Technologies,114,Web page creation and editing software,16,Nvu
31150017,Technologies|Web page creation and editing software|Salesforce Marketing Cloud,3,Technologies,114,Web page creation and editing software,17,Salesforce Marketing Cloud
31150018,Technologies|Web page creation and editing software|Social media sites,3,Technologies,114,Web page creation and editing software,18,Social media sites
31150019,Technologies|Web page creation and editing software|Social media software,3,Technologies,114,Web page creation and editing software,19,Social media software
31150020,Technologies|Web page creation and editing software|Social networking platforms,3,Technologies,114,Web page creation and editing software,20,Social networking platforms
31150021,Technologies|Web page creation and editing software|Social networking software,3,Technologies,114,Web page creation and editing software,21,Social networking software
31150022,Technologies|Web page creation and editing software|Web design software,3,Technologies,114,Web page creation and editing software,22,Web design software
31150023,Technologies|Web page creation and editing software|Web editing software,3,Technologies,114,Web page creation and editing software,23,Web editing software
31150024,Technologies|Web page creation and editing software|Web page design software,3,Technologies,114,Web page creation and editing software,24,Web page design software
31150025,Technologies|Web page creation and editing software|Website development software,3,Technologies,114,Web page creation and editing software,25,Website development software
31150026,Technologies|Web page creation and editing software|Website management software,3,Technologies,114,Web page creation and editing software,26,Website management software
31150027,Technologies|Web page creation and editing software|WordPress,3,Technologies,114,Web page creation and editing software,27,WordPress
31150028,Technologies|Web page creation and editing software|eXe,3,Technologies,114,Web page creation and editing software,28,eXe
31160001,Technologies|Web platform development software|AJAX,3,Technologies,115,Web platform development software,1,AJAX
31160002,Technologies|Web platform development software|Adobe Systems Adobe ColdFusion,3,Technologies,115,Web platform development software,2,Adobe Systems Adobe ColdFusion
31160003,Technologies|Web platform development software|AngularJS,3,Technologies,115,Web platform development software,3,AngularJS
31160004,Technologies|Web platform development software|Apache Struts,3,Technologies,115,Web platform development software,4,Apache Struts
31160005,Technologies|Web platform development software|Apache Tomcat,3,Technologies,115,Web platform development software,5,Apache Tomcat
31160006,Technologies|Web platform development software|Autodesk MapGuide,3,Technologies,115,Web platform development software,6,Autodesk MapGuide
31160007,Technologies|Web platform development software|Backbone.js,3,Technologies,115,Web platform development software,7,Backbone.js
31160008,Technologies|Web platform development software|DHTML (Dynamic hypertext markup language),3,Technologies,115,Web platform development software,8,DHTML (Dynamic hypertext markup language)
31160009,Technologies|Web platform development software|Django,3,Technologies,115,Web platform development software,9,Django
31160010,Technologies|Web platform development software|Drupal,3,Technologies,115,Web platform development software,10,Drupal
31160011,Technologies|Web platform development software|Enterprise JavaBeans,3,Technologies,115,Web platform development software,11,Enterprise JavaBeans
31160012,Technologies|Web platform development software|Ext JS,3,Technologies,115,Web platform development software,12,Ext JS
31160013,Technologies|Web platform development software|FlexBox,3,Technologies,115,Web platform development software,13,FlexBox
31160014,Technologies|Web platform development software|Grails,3,Technologies,115,Web platform development software,14,Grails
31160015,Technologies|Web platform development software|Groovy,3,Technologies,115,Web platform development software,15,Groovy
31160016,Technologies|Web platform development software|HTML  (Hypertext markup language),3,Technologies,115,Web platform development software,16,HTML  (Hypertext markup language)
31160017,Technologies|Web platform development software|HTML5,3,Technologies,115,Web platform development software,17,HTML5
31160018,Technologies|Web platform development software|HashiCorp Vagrant,3,Technologies,115,Web platform development software,18,HashiCorp Vagrant
31160019,Technologies|Web platform development software|JSON,3,Technologies,115,Web platform development software,19,JSON
31160020,Technologies|Web platform development software|JavaScript,3,Technologies,115,Web platform development software,20,JavaScript
31160021,Technologies|Web platform development software|Jekyll,3,Technologies,115,Web platform development software,21,Jekyll
31160022,Technologies|Web platform development software|JetBrains PhpStorm,3,Technologies,115,Web platform development software,22,JetBrains PhpStorm
31160023,Technologies|Web platform development software|Joomla,3,Technologies,115,Web platform development software,23,Joomla
31160024,Technologies|Web platform development software|LAMP Stack,3,Technologies,115,Web platform development software,24,LAMP Stack
31160025,Technologies|Web platform development software|Majestic SEO,3,Technologies,115,Web platform development software,25,Majestic SEO
31160026,Technologies|Web platform development software|MeteorJS,3,Technologies,115,Web platform development software,26,MeteorJS
31160027,Technologies|Web platform development software|Microsoft ASP.NET,3,Technologies,115,Web platform development software,27,Microsoft ASP.NET
31160028,Technologies|Web platform development software|Microsoft ASP.NET Core MVC,3,Technologies,115,Web platform development software,28,Microsoft ASP.NET Core MVC
31160029,Technologies|Web platform development software|Microsoft Active Server Pages ASP,3,Technologies,115,Web platform development software,29,Microsoft Active Server Pages ASP
31160030,Technologies|Web platform development software|Microsoft Commerce Server,3,Technologies,115,Web platform development software,30,Microsoft Commerce Server
31160031,Technologies|Web platform development software|Microsoft Silverlight,3,Technologies,115,Web platform development software,31,Microsoft Silverlight
31160032,Technologies|Web platform development software|Nginx,3,Technologies,115,Web platform development software,32,Nginx
31160033,Technologies|Web platform development software|NodeJS,3,Technologies,115,Web platform development software,33,NodeJS
31160034,Technologies|Web platform development software|Oracle Application Express APEX,3,Technologies,115,Web platform development software,34,Oracle Application Express APEX
31160035,Technologies|Web platform development software|Oracle Designer,3,Technologies,115,Web platform development software,35,Oracle Designer
31160036,Technologies|Web platform development software|Oracle JavaServer Pages JSP,3,Technologies,115,Web platform development software,36,Oracle JavaServer Pages JSP
31160037,Technologies|Web platform development software|PHP,3,Technologies,115,Web platform development software,37,PHP
31160038,Technologies|Web platform development software|ReactJS,3,Technologies,115,Web platform development software,38,ReactJS
31160039,Technologies|Web platform development software|RequireJS,3,Technologies,115,Web platform development software,39,RequireJS
31160040,Technologies|Web platform development software|Ruby on Rails,3,Technologies,115,Web platform development software,40,Ruby on Rails
31160041,Technologies|Web platform development software|SEOmoz,3,Technologies,115,Web platform development software,41,SEOmoz
31160042,Technologies|Web platform development software|Spring Framework,3,Technologies,115,Web platform development software,42,Spring Framework
31160043,Technologies|Web platform development software|Springshare LibGuides,3,Technologies,115,Web platform development software,43,Springshare LibGuides
31160044,Technologies|Web platform development software|XHTML (Extensible HyperText Markup Language),3,Technologies,115,Web platform development software,44,XHTML (Extensible HyperText Markup Language)
31160045,Technologies|Web platform development software|XSLT  (Extensible stylesheet language transformations),3,Technologies,115,Web platform development software,45,XSLT  (Extensible stylesheet language transformations)
31160046,Technologies|Web platform development software|Zend Framework,3,Technologies,115,Web platform development software,46,Zend Framework
31160047,Technologies|Web platform development software|seoClarity,3,Technologies,115,Web platform development software,47,seoClarity
31170001,Technologies|Word processing software|Addressing software,3,Technologies,116,Word processing software,1,Addressing software
31170002,Technologies|Word processing software|Adobe Systems Adobe InCopy,3,Technologies,116,Word processing software,2,Adobe Systems Adobe InCopy
31170003,Technologies|Word processing software|Adobe Systems Adobe Writer,3,Technologies,116,Word processing software,3,Adobe Systems Adobe Writer
31170004,Technologies|Word processing software|Apple Pages,3,Technologies,116,Word processing software,4,Apple Pages
31170005,Technologies|Word processing software|Editing software,3,Technologies,116,Word processing software,5,Editing software
31170006,Technologies|Word processing software|Google Docs,3,Technologies,116,Word processing software,6,Google Docs
31170007,Technologies|Word processing software|Microsoft Word,3,Technologies,116,Word processing software,7,Microsoft Word
31170008,Technologies|Word processing software|Penultimate,3,Technologies,116,Word processing software,8,Penultimate
31170009,Technologies|Word processing software|Power Structure,3,Technologies,116,Word processing software,9,Power Structure
31170010,Technologies|Word processing software|Report generation software,3,Technologies,116,Word processing software,10,Report generation software
31170011,Technologies|Word processing software|Report writing software,3,Technologies,116,Word processing software,11,Report writing software
31170012,Technologies|Word processing software|Scripting software,3,Technologies,116,Word processing software,12,Scripting software
31170013,Technologies|Word processing software|Specification software,3,Technologies,116,Word processing software,13,Specification software
31170014,Technologies|Word processing software|Transcription software,3,Technologies,116,Word processing software,14,Transcription software
31170015,Technologies|Word processing software|Whitesmoke,3,Technologies,116,Word processing software,15,Whitesmoke
31170016,Technologies|Word processing software|Word processing software,3,Technologies,116,Word processing software,16,Word processing software
31170017,Technologies|Word processing software|WordPerfect,3,Technologies,116,Word processing software,17,WordPerfect
40010001,Tools and Equipment|Building and facilities|Aerators,4,Tools and Equipment,0,Building and facilities,1,Aerators
40010002,Tools and Equipment|Building and facilities|Air Handling systems,4,Tools and Equipment,0,Building and facilities,2,Air Handling systems
40010003,Tools and Equipment|Building and facilities|Air conditioning systems,4,Tools and Equipment,0,Building and facilities,3,Air conditioning systems
40010004,Tools and Equipment|Building and facilities|Air conditioning units,4,Tools and Equipment,0,Building and facilities,4,Air conditioning units
40010005,Tools and Equipment|Building and facilities|Air scrubbers,4,Tools and Equipment,0,Building and facilities,5,Air scrubbers
40010006,Tools and Equipment|Building and facilities|Augers,4,Tools and Equipment,0,Building and facilities,6,Augers
40010007,Tools and Equipment|Building and facilities|Backhoes,4,Tools and Equipment,0,Building and facilities,7,Backhoes
40010008,Tools and Equipment|Building and facilities|Boilers,4,Tools and Equipment,0,Building and facilities,8,Boilers
40010009,Tools and Equipment|Building and facilities|Boom trucks,4,Tools and Equipment,0,Building and facilities,9,Boom trucks
40010010,Tools and Equipment|Building and facilities|Bridge cranes,4,Tools and Equipment,0,Building and facilities,10,Bridge cranes
40010011,Tools and Equipment|Building and facilities|Bucket trucks,4,Tools and Equipment,0,Building and facilities,11,Bucket trucks
40010012,Tools and Equipment|Building and facilities|Compactors,4,Tools and Equipment,0,Building and facilities,12,Compactors
40010013,Tools and Equipment|Building and facilities|Concrete mixers,4,Tools and Equipment,0,Building and facilities,13,Concrete mixers
40010014,Tools and Equipment|Building and facilities|Concrete saws,4,Tools and Equipment,0,Building and facilities,14,Concrete saws
40010015,Tools and Equipment|Building and facilities|Concrete vibrators,4,Tools and Equipment,0,Building and facilities,15,Concrete vibrators
40010016,Tools and Equipment|Building and facilities|Cooling towers,4,Tools and Equipment,0,Building and facilities,16,Cooling towers
40010017,Tools and Equipment|Building and facilities|Dehumidifiers,4,Tools and Equipment,0,Building and facilities,17,Dehumidifiers
40010018,Tools and Equipment|Building and facilities|Drainage tubes,4,Tools and Equipment,0,Building and facilities,18,Drainage tubes
40010019,Tools and Equipment|Building and facilities|Dust mops,4,Tools and Equipment,0,Building and facilities,19,Dust mops
40010020,Tools and Equipment|Building and facilities|Edgers,4,Tools and Equipment,0,Building and facilities,20,Edgers
40010021,Tools and Equipment|Building and facilities|Emergency generators,4,Tools and Equipment,0,Building and facilities,21,Emergency generators
40010022,Tools and Equipment|Building and facilities|Emergency lighting,4,Tools and Equipment,0,Building and facilities,22,Emergency lighting
40010023,Tools and Equipment|Building and facilities|Excavators,4,Tools and Equipment,0,Building and facilities,23,Excavators
40010024,Tools and Equipment|Building and facilities|Exhaust fans,4,Tools and Equipment,0,Building and facilities,24,Exhaust fans
40010025,Tools and Equipment|Building and facilities|Extension ladders,4,Tools and Equipment,0,Building and facilities,25,Extension ladders
40010026,Tools and Equipment|Building and facilities|Facility maps,4,Tools and Equipment,0,Building and facilities,26,Facility maps
40010027,Tools and Equipment|Building and facilities|Filtration systems,4,Tools and Equipment,0,Building and facilities,27,Filtration systems
40010028,Tools and Equipment|Building and facilities|Floor polishers,4,Tools and Equipment,0,Building and facilities,28,Floor polishers
40010029,Tools and Equipment|Building and facilities|Front end loaders,4,Tools and Equipment,0,Building and facilities,29,Front end loaders
40010030,Tools and Equipment|Building and facilities|Generators,4,Tools and Equipment,0,Building and facilities,30,Generators
40010031,Tools and Equipment|Building and facilities|HVAC Equipment,4,Tools and Equipment,0,Building and facilities,31,HVAC Equipment
40010032,Tools and Equipment|Building and facilities|Heat exchangers,4,Tools and Equipment,0,Building and facilities,32,Heat exchangers
40010033,Tools and Equipment|Building and facilities|Heat pumps,4,Tools and Equipment,0,Building and facilities,33,Heat pumps
40010034,Tools and Equipment|Building and facilities|Jackhammers,4,Tools and Equipment,0,Building and facilities,34,Jackhammers
40010035,Tools and Equipment|Building and facilities|Knee kickers,4,Tools and Equipment,0,Building and facilities,35,Knee kickers
40010036,Tools and Equipment|Building and facilities|Laser levels,4,Tools and Equipment,0,Building and facilities,36,Laser levels
40010037,Tools and Equipment|Building and facilities|Lawn mowers,4,Tools and Equipment,0,Building and facilities,37,Lawn mowers
40010038,Tools and Equipment|Building and facilities|Leaf blowers,4,Tools and Equipment,0,Building and facilities,38,Leaf blowers
40010039,Tools and Equipment|Building and facilities|Line trimmers,4,Tools and Equipment,0,Building and facilities,39,Line trimmers
40010040,Tools and Equipment|Building and facilities|Mowing equipment,4,Tools and Equipment,0,Building and facilities,40,Mowing equipment
40010041,Tools and Equipment|Building and facilities|Nail guns,4,Tools and Equipment,0,Building and facilities,41,Nail guns
40010042,Tools and Equipment|Building and facilities|Pipelayers,4,Tools and Equipment,0,Building and facilities,42,Pipelayers
40010043,Tools and Equipment|Building and facilities|Planters,4,Tools and Equipment,0,Building and facilities,43,Planters
40010044,Tools and Equipment|Building and facilities|Power generators,4,Tools and Equipment,0,Building and facilities,44,Power generators
40010045,Tools and Equipment|Building and facilities|Power meters,4,Tools and Equipment,0,Building and facilities,45,Power meters
40010046,Tools and Equipment|Building and facilities|Power mowers,4,Tools and Equipment,0,Building and facilities,46,Power mowers
40010047,Tools and Equipment|Building and facilities|Power shovels,4,Tools and Equipment,0,Building and facilities,47,Power shovels
40010048,Tools and Equipment|Building and facilities|Pruners,4,Tools and Equipment,0,Building and facilities,48,Pruners
40010049,Tools and Equipment|Building and facilities|Refrigeration systems,4,Tools and Equipment,0,Building and facilities,49,Refrigeration systems
40010050,Tools and Equipment|Building and facilities|Refrigeration units,4,Tools and Equipment,0,Building and facilities,50,Refrigeration units
40010051,Tools and Equipment|Building and facilities|Sandblasters,4,Tools and Equipment,0,Building and facilities,51,Sandblasters
40010052,Tools and Equipment|Building and facilities|Scaffolding,4,Tools and Equipment,0,Building and facilities,52,Scaffolding
40010053,Tools and Equipment|Building and facilities|Scrapers,4,Tools and Equipment,0,Building and facilities,53,Scrapers
40010054,Tools and Equipment|Building and facilities|Screeds,4,Tools and Equipment,0,Building and facilities,54,Screeds
40010055,Tools and Equipment|Building and facilities|Sewer systems,4,Tools and Equipment,0,Building and facilities,55,Sewer systems
40010056,Tools and Equipment|Building and facilities|Sheet Metal Structures,4,Tools and Equipment,0,Building and facilities,56,Sheet Metal Structures
40010057,Tools and Equipment|Building and facilities|Sledgehammers,4,Tools and Equipment,0,Building and facilities,57,Sledgehammers
40010058,Tools and Equipment|Building and facilities|Snow plows,4,Tools and Equipment,0,Building and facilities,58,Snow plows
40010059,Tools and Equipment|Building and facilities|Spreaders,4,Tools and Equipment,0,Building and facilities,59,Spreaders
40010060,Tools and Equipment|Building and facilities|Step ladders,4,Tools and Equipment,0,Building and facilities,60,Step ladders
40010061,Tools and Equipment|Building and facilities|String trimmers,4,Tools and Equipment,0,Building and facilities,61,String trimmers
40010062,Tools and Equipment|Building and facilities|Swing stages,4,Tools and Equipment,0,Building and facilities,62,Swing stages
40010063,Tools and Equipment|Building and facilities|Tillers,4,Tools and Equipment,0,Building and facilities,63,Tillers
40010064,Tools and Equipment|Building and facilities|Torches,4,Tools and Equipment,0,Building and facilities,64,Torches
40010065,Tools and Equipment|Building and facilities|Tower cranes,4,Tools and Equipment,0,Building and facilities,65,Tower cranes
40010066,Tools and Equipment|Building and facilities|Trim tools,4,Tools and Equipment,0,Building and facilities,66,Trim tools
40010067,Tools and Equipment|Building and facilities|Utility locators,4,Tools and Equipment,0,Building and facilities,67,Utility locators
40010068,Tools and Equipment|Building and facilities|Ventilation systems,4,Tools and Equipment,0,Building and facilities,68,Ventilation systems
40010069,Tools and Equipment|Building and facilities|Water distribution systems,4,Tools and Equipment,0,Building and facilities,69,Water distribution systems
40010070,Tools and Equipment|Building and facilities|Water heaters,4,Tools and Equipment,0,Building and facilities,70,Water heaters
40010071,Tools and Equipment|Building and facilities|Water treatment equipment,4,Tools and Equipment,0,Building and facilities,71,Water treatment equipment
40010072,Tools and Equipment|Building and facilities|Water treatment systems,4,Tools and Equipment,0,Building and facilities,72,Water treatment systems
40010073,Tools and Equipment|Building and facilities|Work platforms,4,Tools and Equipment,0,Building and facilities,73,Work platforms
40020001,Tools and Equipment|Cleaning|Auto scrubbers,4,Tools and Equipment,1,Cleaning,1,Auto scrubbers
40020002,Tools and Equipment|Cleaning|Dusters,4,Tools and Equipment,1,Cleaning,2,Dusters
40020003,Tools and Equipment|Cleaning|Industrial vacuum cleaners,4,Tools and Equipment,1,Cleaning,3,Industrial vacuum cleaners
40020004,Tools and Equipment|Cleaning|Industrial washing machines,4,Tools and Equipment,1,Cleaning,4,Industrial washing machines
40020005,Tools and Equipment|Cleaning|Power sweepers,4,Tools and Equipment,1,Cleaning,5,Power sweepers
40020006,Tools and Equipment|Cleaning|Pressure cleaners,4,Tools and Equipment,1,Cleaning,6,Pressure cleaners
40020007,Tools and Equipment|Cleaning|Scrubbers,4,Tools and Equipment,1,Cleaning,7,Scrubbers
40020008,Tools and Equipment|Cleaning|Snow removal equipment,4,Tools and Equipment,1,Cleaning,8,Snow removal equipment
40020009,Tools and Equipment|Cleaning|Sponges,4,Tools and Equipment,1,Cleaning,9,Sponges
40020010,Tools and Equipment|Cleaning|Steam cleaners,4,Tools and Equipment,1,Cleaning,10,Steam cleaners
40020011,Tools and Equipment|Cleaning|Steam cleaning equipment,4,Tools and Equipment,1,Cleaning,11,Steam cleaning equipment
40020012,Tools and Equipment|Cleaning|Sweepers,4,Tools and Equipment,1,Cleaning,12,Sweepers
40020013,Tools and Equipment|Cleaning|Trash bags,4,Tools and Equipment,1,Cleaning,13,Trash bags
40020014,Tools and Equipment|Cleaning|Vacuum systems,4,Tools and Equipment,1,Cleaning,14,Vacuum systems
40020015,Tools and Equipment|Cleaning|Washing machines,4,Tools and Equipment,1,Cleaning,15,Washing machines
40020016,Tools and Equipment|Cleaning|Waxing Machines,4,Tools and Equipment,1,Cleaning,16,Waxing Machines
40030001,Tools and Equipment|Electrical and electronics|Circuit breakers,4,Tools and Equipment,2,Electrical and electronics,1,Circuit breakers
40030002,Tools and Equipment|Electrical and electronics|Digital cameras,4,Tools and Equipment,2,Electrical and electronics,2,Digital cameras
40030003,Tools and Equipment|Electrical and electronics|Electrical motors,4,Tools and Equipment,2,Electrical and electronics,3,Electrical motors
40030004,Tools and Equipment|Electrical and electronics|Electrical systems,4,Tools and Equipment,2,Electrical and electronics,4,Electrical systems
40030005,Tools and Equipment|Electrical and electronics|Electronic components,4,Tools and Equipment,2,Electrical and electronics,5,Electronic components
40030006,Tools and Equipment|Electrical and electronics|Frequency drives,4,Tools and Equipment,2,Electrical and electronics,6,Frequency drives
40030007,Tools and Equipment|Electrical and electronics|Multimeters,4,Tools and Equipment,2,Electrical and electronics,7,Multimeters
40030008,Tools and Equipment|Electrical and electronics|PCB / PCBA (Printed Circuit Board / Assembly),4,Tools and Equipment,2,Electrical and electronics,8,PCB / PCBA (Printed Circuit Board / Assembly)
40030009,Tools and Equipment|Electrical and electronics|Panel boards,4,Tools and Equipment,2,Electrical and electronics,9,Panel boards
40030010,Tools and Equipment|Electrical and electronics|Power systems,4,Tools and Equipment,2,Electrical and electronics,10,Power systems
40030011,Tools and Equipment|Electrical and electronics|Power transformers,4,Tools and Equipment,2,Electrical and electronics,11,Power transformers
40030012,Tools and Equipment|Electrical and electronics|Programmable logic controller PLC software,4,Tools and Equipment,2,Electrical and electronics,12,Programmable logic controller PLC software
40030013,Tools and Equipment|Electrical and electronics|Soldering equipment,4,Tools and Equipment,2,Electrical and electronics,13,Soldering equipment
40030014,Tools and Equipment|Electrical and electronics|Sound systems,4,Tools and Equipment,2,Electrical and electronics,14,Sound systems
40030015,Tools and Equipment|Electrical and electronics|Striping machines,4,Tools and Equipment,2,Electrical and electronics,15,Striping machines
40030016,Tools and Equipment|Electrical and electronics|Studio lighting,4,Tools and Equipment,2,Electrical and electronics,16,Studio lighting
40030017,Tools and Equipment|Electrical and electronics|Switchboards,4,Tools and Equipment,2,Electrical and electronics,17,Switchboards
40030018,Tools and Equipment|Electrical and electronics|Transducers,4,Tools and Equipment,2,Electrical and electronics,18,Transducers
40030019,Tools and Equipment|Electrical and electronics|Vision systems,4,Tools and Equipment,2,Electrical and electronics,19,Vision systems
40030020,Tools and Equipment|Electrical and electronics|Volt-ammeters,4,Tools and Equipment,2,Electrical and electronics,20,Volt-ammeters
40040001,Tools and Equipment|Forestry and agriculture|Chain saws,4,Tools and Equipment,3,Forestry and agriculture,1,Chain saws
40040002,Tools and Equipment|Forestry and agriculture|Chainsaws,4,Tools and Equipment,3,Forestry and agriculture,2,Chainsaws
40040003,Tools and Equipment|Forestry and agriculture|Chippers,4,Tools and Equipment,3,Forestry and agriculture,3,Chippers
40040004,Tools and Equipment|Forestry and agriculture|Cultivators,4,Tools and Equipment,3,Forestry and agriculture,4,Cultivators
40040005,Tools and Equipment|Forestry and agriculture|Farm tractors,4,Tools and Equipment,3,Forestry and agriculture,5,Farm tractors
40040006,Tools and Equipment|Forestry and agriculture|Incubators,4,Tools and Equipment,3,Forestry and agriculture,6,Incubators
40050001,Tools and Equipment|Gaming|Playing cards,4,Tools and Equipment,4,Gaming,1,Playing cards
40050002,Tools and Equipment|Gaming|Poker tables,4,Tools and Equipment,4,Gaming,2,Poker tables
40050003,Tools and Equipment|Gaming|Slot machines,4,Tools and Equipment,4,Gaming,3,Slot machines
40060001,"Tools and Equipment|Health, safety and environmental|Autoclaves",4,Tools and Equipment,5,"Health, safety and environmental",1,Autoclaves
40060002,"Tools and Equipment|Health, safety and environmental|Caulk boots",4,Tools and Equipment,5,"Health, safety and environmental",2,Caulk boots
40060003,"Tools and Equipment|Health, safety and environmental|Face masks",4,Tools and Equipment,5,"Health, safety and environmental",3,Face masks
40060004,"Tools and Equipment|Health, safety and environmental|Face shields",4,Tools and Equipment,5,"Health, safety and environmental",4,Face shields
40060005,"Tools and Equipment|Health, safety and environmental|Fire alarm systems",4,Tools and Equipment,5,"Health, safety and environmental",5,Fire alarm systems
40060006,"Tools and Equipment|Health, safety and environmental|Fire extinguishers",4,Tools and Equipment,5,"Health, safety and environmental",6,Fire extinguishers
40060007,"Tools and Equipment|Health, safety and environmental|Fire suppression sprinkler systems",4,Tools and Equipment,5,"Health, safety and environmental",7,Fire suppression sprinkler systems
40060008,"Tools and Equipment|Health, safety and environmental|Fire suppression systems",4,Tools and Equipment,5,"Health, safety and environmental",8,Fire suppression systems
40060009,"Tools and Equipment|Health, safety and environmental|First aid equipment",4,Tools and Equipment,5,"Health, safety and environmental",9,First aid equipment
40060010,"Tools and Equipment|Health, safety and environmental|First aid kits",4,Tools and Equipment,5,"Health, safety and environmental",10,First aid kits
40060011,"Tools and Equipment|Health, safety and environmental|Gas detectors",4,Tools and Equipment,5,"Health, safety and environmental",11,Gas detectors
40060012,"Tools and Equipment|Health, safety and environmental|Headgear",4,Tools and Equipment,5,"Health, safety and environmental",12,Headgear
40060013,"Tools and Equipment|Health, safety and environmental|Material Safety Data Sheets (MSDS)",4,Tools and Equipment,5,"Health, safety and environmental",13,Material Safety Data Sheets (MSDS)
40060014,"Tools and Equipment|Health, safety and environmental|Medical masks",4,Tools and Equipment,5,"Health, safety and environmental",14,Medical masks
40060015,"Tools and Equipment|Health, safety and environmental|Personal protective clothing",4,Tools and Equipment,5,"Health, safety and environmental",15,Personal protective clothing
40060016,"Tools and Equipment|Health, safety and environmental|Personal protective suits",4,Tools and Equipment,5,"Health, safety and environmental",16,Personal protective suits
40060017,"Tools and Equipment|Health, safety and environmental|Protective gloves",4,Tools and Equipment,5,"Health, safety and environmental",17,Protective gloves
40060018,"Tools and Equipment|Health, safety and environmental|Protective masks",4,Tools and Equipment,5,"Health, safety and environmental",18,Protective masks
40060019,"Tools and Equipment|Health, safety and environmental|Protective safety glasses",4,Tools and Equipment,5,"Health, safety and environmental",19,Protective safety glasses
40060020,"Tools and Equipment|Health, safety and environmental|Smoke detectors",4,Tools and Equipment,5,"Health, safety and environmental",20,Smoke detectors
40060021,"Tools and Equipment|Health, safety and environmental|Work gloves",4,Tools and Equipment,5,"Health, safety and environmental",21,Work gloves
40070001,Tools and Equipment|Industrial manufacturing|Automatic lathes,4,Tools and Equipment,6,Industrial manufacturing,1,Automatic lathes
40070002,Tools and Equipment|Industrial manufacturing|Boring machines,4,Tools and Equipment,6,Industrial manufacturing,2,Boring machines
40070003,Tools and Equipment|Industrial manufacturing|Boring mills,4,Tools and Equipment,6,Industrial manufacturing,3,Boring mills
40070004,Tools and Equipment|Industrial manufacturing|Brake presses,4,Tools and Equipment,6,Industrial manufacturing,4,Brake presses
40070005,Tools and Equipment|Industrial manufacturing|Brazing equipment,4,Tools and Equipment,6,Industrial manufacturing,5,Brazing equipment
40070006,Tools and Equipment|Industrial manufacturing|Conveyor systems,4,Tools and Equipment,6,Industrial manufacturing,6,Conveyor systems
40070007,Tools and Equipment|Industrial manufacturing|Conveyors,4,Tools and Equipment,6,Industrial manufacturing,7,Conveyors
40070008,Tools and Equipment|Industrial manufacturing|Cutting machines,4,Tools and Equipment,6,Industrial manufacturing,8,Cutting machines
40070009,Tools and Equipment|Industrial manufacturing|Cutting torches,4,Tools and Equipment,6,Industrial manufacturing,9,Cutting torches
40070010,Tools and Equipment|Industrial manufacturing|Engine lathes,4,Tools and Equipment,6,Industrial manufacturing,10,Engine lathes
40070011,Tools and Equipment|Industrial manufacturing|Extruders,4,Tools and Equipment,6,Industrial manufacturing,11,Extruders
40070012,Tools and Equipment|Industrial manufacturing|Extruding machines,4,Tools and Equipment,6,Industrial manufacturing,12,Extruding machines
40070013,Tools and Equipment|Industrial manufacturing|Feed conveyors,4,Tools and Equipment,6,Industrial manufacturing,13,Feed conveyors
40070014,Tools and Equipment|Industrial manufacturing|Forming machines,4,Tools and Equipment,6,Industrial manufacturing,14,Forming machines
40070015,Tools and Equipment|Industrial manufacturing|Grinding machines,4,Tools and Equipment,6,Industrial manufacturing,15,Grinding machines
40070016,Tools and Equipment|Industrial manufacturing|Grinding mills,4,Tools and Equipment,6,Industrial manufacturing,16,Grinding mills
40070017,Tools and Equipment|Industrial manufacturing|Hydrovac,4,Tools and Equipment,6,Industrial manufacturing,17,Hydrovac
40070018,Tools and Equipment|Industrial manufacturing|Injection molding machines,4,Tools and Equipment,6,Industrial manufacturing,18,Injection molding machines
40070019,Tools and Equipment|Industrial manufacturing|Laser cutters,4,Tools and Equipment,6,Industrial manufacturing,19,Laser cutters
40070020,Tools and Equipment|Industrial manufacturing|Lathe machines,4,Tools and Equipment,6,Industrial manufacturing,20,Lathe machines
40070021,Tools and Equipment|Industrial manufacturing|Lathes,4,Tools and Equipment,6,Industrial manufacturing,21,Lathes
40070022,Tools and Equipment|Industrial manufacturing|Machining centers,4,Tools and Equipment,6,Industrial manufacturing,22,Machining centers
40070023,Tools and Equipment|Industrial manufacturing|Material conveyors,4,Tools and Equipment,6,Industrial manufacturing,23,Material conveyors
40070024,Tools and Equipment|Industrial manufacturing|Milling machines,4,Tools and Equipment,6,Industrial manufacturing,24,Milling machines
40070025,Tools and Equipment|Industrial manufacturing|Packaging machines,4,Tools and Equipment,6,Industrial manufacturing,25,Packaging machines
40070026,Tools and Equipment|Industrial manufacturing|Plasma cutters,4,Tools and Equipment,6,Industrial manufacturing,26,Plasma cutters
40070027,Tools and Equipment|Industrial manufacturing|Polishing machines,4,Tools and Equipment,6,Industrial manufacturing,27,Polishing machines
40070028,Tools and Equipment|Industrial manufacturing|Power presses,4,Tools and Equipment,6,Industrial manufacturing,28,Power presses
40070029,Tools and Equipment|Industrial manufacturing|Pressure gauges,4,Tools and Equipment,6,Industrial manufacturing,29,Pressure gauges
40070030,Tools and Equipment|Industrial manufacturing|Punch presses,4,Tools and Equipment,6,Industrial manufacturing,30,Punch presses
40070031,Tools and Equipment|Industrial manufacturing|Sewing machines,4,Tools and Equipment,6,Industrial manufacturing,31,Sewing machines
40070032,Tools and Equipment|Industrial manufacturing|Shapers,4,Tools and Equipment,6,Industrial manufacturing,32,Shapers
40070033,Tools and Equipment|Industrial manufacturing|Sheet metal cutters,4,Tools and Equipment,6,Industrial manufacturing,33,Sheet metal cutters
40070034,Tools and Equipment|Industrial manufacturing|Soldering machines,4,Tools and Equipment,6,Industrial manufacturing,34,Soldering machines
40070035,Tools and Equipment|Industrial manufacturing|Tapping machines,4,Tools and Equipment,6,Industrial manufacturing,35,Tapping machines
40070036,Tools and Equipment|Industrial manufacturing|Welding equipment,4,Tools and Equipment,6,Industrial manufacturing,36,Welding equipment
40070037,Tools and Equipment|Industrial manufacturing|Welding tools,4,Tools and Equipment,6,Industrial manufacturing,37,Welding tools
40080001,Tools and Equipment|Information Technology and telecommunications|Computer terminals,4,Tools and Equipment,7,Information Technology and telecommunications,1,Computer terminals
40080002,Tools and Equipment|Information Technology and telecommunications|Data loggers,4,Tools and Equipment,7,Information Technology and telecommunications,2,Data loggers
40080003,Tools and Equipment|Information Technology and telecommunications|Desktop computers,4,Tools and Equipment,7,Information Technology and telecommunications,3,Desktop computers
40080004,Tools and Equipment|Information Technology and telecommunications|Electronic maps,4,Tools and Equipment,7,Information Technology and telecommunications,4,Electronic maps
40080005,Tools and Equipment|Information Technology and telecommunications|Flat files,4,Tools and Equipment,7,Information Technology and telecommunications,5,Flat files
40080006,Tools and Equipment|Information Technology and telecommunications|Imaging systems,4,Tools and Equipment,7,Information Technology and telecommunications,6,Imaging systems
40080007,Tools and Equipment|Information Technology and telecommunications|Laptop computers,4,Tools and Equipment,7,Information Technology and telecommunications,7,Laptop computers
40080008,Tools and Equipment|Information Technology and telecommunications|Mainframe computers,4,Tools and Equipment,7,Information Technology and telecommunications,8,Mainframe computers
40080009,Tools and Equipment|Information Technology and telecommunications|Mobile data computers,4,Tools and Equipment,7,Information Technology and telecommunications,9,Mobile data computers
40080010,Tools and Equipment|Information Technology and telecommunications|Modems,4,Tools and Equipment,7,Information Technology and telecommunications,10,Modems
40080011,Tools and Equipment|Information Technology and telecommunications|Network switches,4,Tools and Equipment,7,Information Technology and telecommunications,11,Network switches
40080012,Tools and Equipment|Information Technology and telecommunications|Paging systems,4,Tools and Equipment,7,Information Technology and telecommunications,12,Paging systems
40080013,Tools and Equipment|Information Technology and telecommunications|Photo printers,4,Tools and Equipment,7,Information Technology and telecommunications,13,Photo printers
40080014,Tools and Equipment|Information Technology and telecommunications|Plotters,4,Tools and Equipment,7,Information Technology and telecommunications,14,Plotters
40080015,Tools and Equipment|Information Technology and telecommunications|Portable computers,4,Tools and Equipment,7,Information Technology and telecommunications,15,Portable computers
40080016,Tools and Equipment|Information Technology and telecommunications|Routers,4,Tools and Equipment,7,Information Technology and telecommunications,16,Routers
40080017,Tools and Equipment|Information Technology and telecommunications|Still cameras,4,Tools and Equipment,7,Information Technology and telecommunications,17,Still cameras
40080018,Tools and Equipment|Information Technology and telecommunications|Transmitters,4,Tools and Equipment,7,Information Technology and telecommunications,18,Transmitters
40080019,Tools and Equipment|Information Technology and telecommunications|Two-way radios,4,Tools and Equipment,7,Information Technology and telecommunications,19,Two-way radios
40080020,Tools and Equipment|Information Technology and telecommunications|Variable frequency drives VFD,4,Tools and Equipment,7,Information Technology and telecommunications,20,Variable frequency drives VFD
40080021,Tools and Equipment|Information Technology and telecommunications|Very high frequency VHF radio communication systems,4,Tools and Equipment,7,Information Technology and telecommunications,21,Very high frequency VHF radio communication systems
40090001,Tools and Equipment|Kitchen equipment|Baking equipment,4,Tools and Equipment,8,Kitchen equipment,1,Baking equipment
40090002,Tools and Equipment|Kitchen equipment|Chinois,4,Tools and Equipment,8,Kitchen equipment,2,Chinois
40090003,Tools and Equipment|Kitchen equipment|Cutting boards,4,Tools and Equipment,8,Kitchen equipment,3,Cutting boards
40090004,Tools and Equipment|Kitchen equipment|Disposal units,4,Tools and Equipment,8,Kitchen equipment,4,Disposal units
40090005,Tools and Equipment|Kitchen equipment|Food processors,4,Tools and Equipment,8,Kitchen equipment,5,Food processors
40090006,Tools and Equipment|Kitchen equipment|Gas grills,4,Tools and Equipment,8,Kitchen equipment,6,Gas grills
40090007,Tools and Equipment|Kitchen equipment|Meat slicers,4,Tools and Equipment,8,Kitchen equipment,7,Meat slicers
40090008,Tools and Equipment|Kitchen equipment|Saucepans,4,Tools and Equipment,8,Kitchen equipment,8,Saucepans
40090009,Tools and Equipment|Kitchen equipment|Steam tables,4,Tools and Equipment,8,Kitchen equipment,9,Steam tables
40100001,Tools and Equipment|Lifting equipment|Aerial lifts,4,Tools and Equipment,9,Lifting equipment,1,Aerial lifts
40100002,Tools and Equipment|Lifting equipment|Bobcats,4,Tools and Equipment,9,Lifting equipment,2,Bobcats
40100003,Tools and Equipment|Lifting equipment|Boom lifts,4,Tools and Equipment,9,Lifting equipment,3,Boom lifts
40100004,Tools and Equipment|Lifting equipment|Cherry pickers,4,Tools and Equipment,9,Lifting equipment,4,Cherry pickers
40100005,Tools and Equipment|Lifting equipment|Electric lifts,4,Tools and Equipment,9,Lifting equipment,5,Electric lifts
40100006,Tools and Equipment|Lifting equipment|Electric pallet jacks,4,Tools and Equipment,9,Lifting equipment,6,Electric pallet jacks
40100007,Tools and Equipment|Lifting equipment|Forklift trucks,4,Tools and Equipment,9,Lifting equipment,7,Forklift trucks
40100008,Tools and Equipment|Lifting equipment|Forklifts,4,Tools and Equipment,9,Lifting equipment,8,Forklifts
40100009,Tools and Equipment|Lifting equipment|Hoisting devices,4,Tools and Equipment,9,Lifting equipment,9,Hoisting devices
40100010,Tools and Equipment|Lifting equipment|Hoisting equipment,4,Tools and Equipment,9,Lifting equipment,10,Hoisting equipment
40100011,Tools and Equipment|Lifting equipment|Hoists,4,Tools and Equipment,9,Lifting equipment,11,Hoists
40100012,Tools and Equipment|Lifting equipment|Hoyer lifts,4,Tools and Equipment,9,Lifting equipment,12,Hoyer lifts
40100013,Tools and Equipment|Lifting equipment|Lift trucks,4,Tools and Equipment,9,Lifting equipment,13,Lift trucks
40100014,Tools and Equipment|Lifting equipment|Lifting Equipment,4,Tools and Equipment,9,Lifting equipment,14,Lifting Equipment
40100015,Tools and Equipment|Lifting equipment|Manlifts,4,Tools and Equipment,9,Lifting equipment,15,Manlifts
40100016,Tools and Equipment|Lifting equipment|Manual pallet jacks,4,Tools and Equipment,9,Lifting equipment,16,Manual pallet jacks
40100017,Tools and Equipment|Lifting equipment|Mechanical lifts,4,Tools and Equipment,9,Lifting equipment,17,Mechanical lifts
40100018,Tools and Equipment|Lifting equipment|Mobile cranes,4,Tools and Equipment,9,Lifting equipment,18,Mobile cranes
40100019,Tools and Equipment|Lifting equipment|Overhead cranes,4,Tools and Equipment,9,Lifting equipment,19,Overhead cranes
40100020,Tools and Equipment|Lifting equipment|Pallet jacks,4,Tools and Equipment,9,Lifting equipment,20,Pallet jacks
40100021,Tools and Equipment|Lifting equipment|Pulleys,4,Tools and Equipment,9,Lifting equipment,21,Pulleys
40100022,Tools and Equipment|Lifting equipment|Reach trucks,4,Tools and Equipment,9,Lifting equipment,22,Reach trucks
40100023,Tools and Equipment|Lifting equipment|Scissor lifts,4,Tools and Equipment,9,Lifting equipment,23,Scissor lifts
40100024,Tools and Equipment|Lifting equipment|Ski lifts,4,Tools and Equipment,9,Lifting equipment,24,Ski lifts
40100025,Tools and Equipment|Lifting equipment|Skid steers,4,Tools and Equipment,9,Lifting equipment,25,Skid steers
40100026,Tools and Equipment|Lifting equipment|Winches,4,Tools and Equipment,9,Lifting equipment,26,Winches
40110001,Tools and Equipment|Mechanical and plumbing|Air compressors,4,Tools and Equipment,10,Mechanical and plumbing,1,Air compressors
40110002,Tools and Equipment|Mechanical and plumbing|Air guns,4,Tools and Equipment,10,Mechanical and plumbing,2,Air guns
40110003,Tools and Equipment|Mechanical and plumbing|Band saws,4,Tools and Equipment,10,Mechanical and plumbing,3,Band saws
40110004,Tools and Equipment|Mechanical and plumbing|Buffing machines,4,Tools and Equipment,10,Mechanical and plumbing,4,Buffing machines
40110005,Tools and Equipment|Mechanical and plumbing|Calipers,4,Tools and Equipment,10,Mechanical and plumbing,5,Calipers
40110006,Tools and Equipment|Mechanical and plumbing|Centrifugal pumps,4,Tools and Equipment,10,Mechanical and plumbing,6,Centrifugal pumps
40110007,Tools and Equipment|Mechanical and plumbing|Centrifuges,4,Tools and Equipment,10,Mechanical and plumbing,7,Centrifuges
40110008,Tools and Equipment|Mechanical and plumbing|Circular saws,4,Tools and Equipment,10,Mechanical and plumbing,8,Circular saws
40110009,Tools and Equipment|Mechanical and plumbing|Combustion engines,4,Tools and Equipment,10,Mechanical and plumbing,9,Combustion engines
40110010,Tools and Equipment|Mechanical and plumbing|Diesel engines,4,Tools and Equipment,10,Mechanical and plumbing,10,Diesel engines
40110011,Tools and Equipment|Mechanical and plumbing|Diesel motors,4,Tools and Equipment,10,Mechanical and plumbing,11,Diesel motors
40110012,Tools and Equipment|Mechanical and plumbing|Drill presses,4,Tools and Equipment,10,Mechanical and plumbing,12,Drill presses
40110013,Tools and Equipment|Mechanical and plumbing|Electric pumps,4,Tools and Equipment,10,Mechanical and plumbing,13,Electric pumps
40110014,Tools and Equipment|Mechanical and plumbing|Encoders,4,Tools and Equipment,10,Mechanical and plumbing,14,Encoders
40110015,Tools and Equipment|Mechanical and plumbing|Fluid pumps,4,Tools and Equipment,10,Mechanical and plumbing,15,Fluid pumps
40110016,Tools and Equipment|Mechanical and plumbing|Gasoline engines,4,Tools and Equipment,10,Mechanical and plumbing,16,Gasoline engines
40110017,Tools and Equipment|Mechanical and plumbing|Graspers,4,Tools and Equipment,10,Mechanical and plumbing,17,Graspers
40110018,Tools and Equipment|Mechanical and plumbing|Grinder machines,4,Tools and Equipment,10,Mechanical and plumbing,18,Grinder machines
40110019,Tools and Equipment|Mechanical and plumbing|Hydraulic pumping systems,4,Tools and Equipment,10,Mechanical and plumbing,19,Hydraulic pumping systems
40110020,Tools and Equipment|Mechanical and plumbing|Hydraulic pumps,4,Tools and Equipment,10,Mechanical and plumbing,20,Hydraulic pumps
40110021,Tools and Equipment|Mechanical and plumbing|Infusion pumps,4,Tools and Equipment,10,Mechanical and plumbing,21,Infusion pumps
40110022,Tools and Equipment|Mechanical and plumbing|Level gauges,4,Tools and Equipment,10,Mechanical and plumbing,22,Level gauges
40110023,Tools and Equipment|Mechanical and plumbing|Lubrication systems,4,Tools and Equipment,10,Mechanical and plumbing,23,Lubrication systems
40110024,Tools and Equipment|Mechanical and plumbing|Mechanical Components,4,Tools and Equipment,10,Mechanical and plumbing,24,Mechanical Components
40110025,Tools and Equipment|Mechanical and plumbing|Mechanical systems,4,Tools and Equipment,10,Mechanical and plumbing,25,Mechanical systems
40110026,Tools and Equipment|Mechanical and plumbing|Micrometers,4,Tools and Equipment,10,Mechanical and plumbing,26,Micrometers
40110027,Tools and Equipment|Mechanical and plumbing|Oil filters,4,Tools and Equipment,10,Mechanical and plumbing,27,Oil filters
40110028,Tools and Equipment|Mechanical and plumbing|Plumbing fixtures,4,Tools and Equipment,10,Mechanical and plumbing,28,Plumbing fixtures
40110029,Tools and Equipment|Mechanical and plumbing|Plungers,4,Tools and Equipment,10,Mechanical and plumbing,29,Plungers
40110030,Tools and Equipment|Mechanical and plumbing|Power Tools,4,Tools and Equipment,10,Mechanical and plumbing,30,Power Tools
40110031,Tools and Equipment|Mechanical and plumbing|Power drills,4,Tools and Equipment,10,Mechanical and plumbing,31,Power drills
40110032,Tools and Equipment|Mechanical and plumbing|Power saws,4,Tools and Equipment,10,Mechanical and plumbing,32,Power saws
40110033,Tools and Equipment|Mechanical and plumbing|Propellers,4,Tools and Equipment,10,Mechanical and plumbing,33,Propellers
40110034,Tools and Equipment|Mechanical and plumbing|Pry bars,4,Tools and Equipment,10,Mechanical and plumbing,34,Pry bars
40110035,Tools and Equipment|Mechanical and plumbing|Prying bars,4,Tools and Equipment,10,Mechanical and plumbing,35,Prying bars
40110036,Tools and Equipment|Mechanical and plumbing|Pumps,4,Tools and Equipment,10,Mechanical and plumbing,36,Pumps
40110037,Tools and Equipment|Mechanical and plumbing|Reciprocating Engines,4,Tools and Equipment,10,Mechanical and plumbing,37,Reciprocating Engines
40110038,Tools and Equipment|Mechanical and plumbing|Reciprocating saws,4,Tools and Equipment,10,Mechanical and plumbing,38,Reciprocating saws
40110039,Tools and Equipment|Mechanical and plumbing|Rotors,4,Tools and Equipment,10,Mechanical and plumbing,39,Rotors
40110040,Tools and Equipment|Mechanical and plumbing|Routers (power tools),4,Tools and Equipment,10,Mechanical and plumbing,40,Routers (power tools)
40110041,Tools and Equipment|Mechanical and plumbing|Shears,4,Tools and Equipment,10,Mechanical and plumbing,41,Shears
40110042,Tools and Equipment|Mechanical and plumbing|Sieves,4,Tools and Equipment,10,Mechanical and plumbing,42,Sieves
40110043,Tools and Equipment|Mechanical and plumbing|Table saws,4,Tools and Equipment,10,Mechanical and plumbing,43,Table saws
40110044,Tools and Equipment|Mechanical and plumbing|Threaders,4,Tools and Equipment,10,Mechanical and plumbing,44,Threaders
40110045,Tools and Equipment|Mechanical and plumbing|Threading dies,4,Tools and Equipment,10,Mechanical and plumbing,45,Threading dies
40110046,Tools and Equipment|Mechanical and plumbing|Threading tools,4,Tools and Equipment,10,Mechanical and plumbing,46,Threading tools
40110047,Tools and Equipment|Mechanical and plumbing|Toggles,4,Tools and Equipment,10,Mechanical and plumbing,47,Toggles
40110048,Tools and Equipment|Mechanical and plumbing|Tool grinders,4,Tools and Equipment,10,Mechanical and plumbing,48,Tool grinders
40110049,Tools and Equipment|Mechanical and plumbing|Torque wrenches,4,Tools and Equipment,10,Mechanical and plumbing,49,Torque wrenches
40110050,Tools and Equipment|Mechanical and plumbing|Turbine Engines,4,Tools and Equipment,10,Mechanical and plumbing,50,Turbine Engines
40110051,Tools and Equipment|Mechanical and plumbing|Vernier calipers,4,Tools and Equipment,10,Mechanical and plumbing,51,Vernier calipers
40110052,Tools and Equipment|Mechanical and plumbing|Water pressure gauges,4,Tools and Equipment,10,Mechanical and plumbing,52,Water pressure gauges
40110053,Tools and Equipment|Mechanical and plumbing|Water pumps,4,Tools and Equipment,10,Mechanical and plumbing,53,Water pumps
40110054,Tools and Equipment|Mechanical and plumbing|piston engines,4,Tools and Equipment,10,Mechanical and plumbing,54,piston engines
40120001,Tools and Equipment|Medical and dental|Blood glucose monitors,4,Tools and Equipment,11,Medical and dental,1,Blood glucose monitors
40120002,Tools and Equipment|Medical and dental|Cardiac monitors,4,Tools and Equipment,11,Medical and dental,2,Cardiac monitors
40120003,Tools and Equipment|Medical and dental|Catheters,4,Tools and Equipment,11,Medical and dental,3,Catheters
40120004,Tools and Equipment|Medical and dental|Chest tubes,4,Tools and Equipment,11,Medical and dental,4,Chest tubes
40120005,Tools and Equipment|Medical and dental|Electrocardiogram,4,Tools and Equipment,11,Medical and dental,5,Electrocardiogram
40120006,Tools and Equipment|Medical and dental|Holter monitors,4,Tools and Equipment,11,Medical and dental,6,Holter monitors
40120007,Tools and Equipment|Medical and dental|Magnetic resonance imaging MRI systems,4,Tools and Equipment,11,Medical and dental,7,Magnetic resonance imaging MRI systems
40120008,Tools and Equipment|Medical and dental|Microscopes,4,Tools and Equipment,11,Medical and dental,8,Microscopes
40120009,Tools and Equipment|Medical and dental|Nebulizers,4,Tools and Equipment,11,Medical and dental,9,Nebulizers
40120010,Tools and Equipment|Medical and dental|Orthotics,4,Tools and Equipment,11,Medical and dental,10,Orthotics
40120011,Tools and Equipment|Medical and dental|Oscilloscopes,4,Tools and Equipment,11,Medical and dental,11,Oscilloscopes
40120012,Tools and Equipment|Medical and dental|Oxygen delivery equipment,4,Tools and Equipment,11,Medical and dental,12,Oxygen delivery equipment
40120013,Tools and Equipment|Medical and dental|Oxygen equipment,4,Tools and Equipment,11,Medical and dental,13,Oxygen equipment
40120014,Tools and Equipment|Medical and dental|Pacemakers,4,Tools and Equipment,11,Medical and dental,14,Pacemakers
40120015,Tools and Equipment|Medical and dental|Respirators,4,Tools and Equipment,11,Medical and dental,15,Respirators
40120016,Tools and Equipment|Medical and dental|Splints,4,Tools and Equipment,11,Medical and dental,16,Splints
40120017,Tools and Equipment|Medical and dental|Sterilizers,4,Tools and Equipment,11,Medical and dental,17,Sterilizers
40120018,Tools and Equipment|Medical and dental|Sterilizing equipment,4,Tools and Equipment,11,Medical and dental,18,Sterilizing equipment
40120019,Tools and Equipment|Medical and dental|Suction machines,4,Tools and Equipment,11,Medical and dental,19,Suction machines
40120020,Tools and Equipment|Medical and dental|Traction equipment,4,Tools and Equipment,11,Medical and dental,20,Traction equipment
40120021,Tools and Equipment|Medical and dental|Ventilators,4,Tools and Equipment,11,Medical and dental,21,Ventilators
40130001,Tools and Equipment|Miscellaneous or unclassified|5 axis lathes,4,Tools and Equipment,12,Miscellaneous or unclassified,1,5 axis lathes
40130002,Tools and Equipment|Miscellaneous or unclassified|A-frame hoists,4,Tools and Equipment,12,Miscellaneous or unclassified,2,A-frame hoists
40130003,Tools and Equipment|Miscellaneous or unclassified|Abdominal binders,4,Tools and Equipment,12,Miscellaneous or unclassified,3,Abdominal binders
40130004,Tools and Equipment|Miscellaneous or unclassified|Abrasive wheels,4,Tools and Equipment,12,Miscellaneous or unclassified,4,Abrasive wheels
40130005,Tools and Equipment|Miscellaneous or unclassified|Accelerometers,4,Tools and Equipment,12,Miscellaneous or unclassified,5,Accelerometers
40130006,Tools and Equipment|Miscellaneous or unclassified|Access servers,4,Tools and Equipment,12,Miscellaneous or unclassified,6,Access servers
40130007,Tools and Equipment|Miscellaneous or unclassified|Acetylene welding equipment,4,Tools and Equipment,12,Miscellaneous or unclassified,7,Acetylene welding equipment
40130008,Tools and Equipment|Miscellaneous or unclassified|Acid scrubbers,4,Tools and Equipment,12,Miscellaneous or unclassified,8,Acid scrubbers
40130009,Tools and Equipment|Miscellaneous or unclassified|Acoustic guitars,4,Tools and Equipment,12,Miscellaneous or unclassified,9,Acoustic guitars
40130010,Tools and Equipment|Miscellaneous or unclassified|Adhesive pumps,4,Tools and Equipment,12,Miscellaneous or unclassified,10,Adhesive pumps
40130011,Tools and Equipment|Miscellaneous or unclassified|Adjustable beds,4,Tools and Equipment,12,Miscellaneous or unclassified,11,Adjustable beds
40130012,Tools and Equipment|Miscellaneous or unclassified|Adjustable wrenches,4,Tools and Equipment,12,Miscellaneous or unclassified,12,Adjustable wrenches
40130013,Tools and Equipment|Miscellaneous or unclassified|Adjusting tables,4,Tools and Equipment,12,Miscellaneous or unclassified,13,Adjusting tables
40130014,Tools and Equipment|Miscellaneous or unclassified|Adjustment tables,4,Tools and Equipment,12,Miscellaneous or unclassified,14,Adjustment tables
40130015,Tools and Equipment|Miscellaneous or unclassified|Aerial bucket trucks,4,Tools and Equipment,12,Miscellaneous or unclassified,15,Aerial bucket trucks
40130016,Tools and Equipment|Miscellaneous or unclassified|Aerial lift trucks,4,Tools and Equipment,12,Miscellaneous or unclassified,16,Aerial lift trucks
40130017,Tools and Equipment|Miscellaneous or unclassified|Aerial manlifts,4,Tools and Equipment,12,Miscellaneous or unclassified,17,Aerial manlifts
40130018,Tools and Equipment|Miscellaneous or unclassified|Aerial trucks,4,Tools and Equipment,12,Miscellaneous or unclassified,18,Aerial trucks
40130019,Tools and Equipment|Miscellaneous or unclassified|Agar plates,4,Tools and Equipment,12,Miscellaneous or unclassified,19,Agar plates
40130020,Tools and Equipment|Miscellaneous or unclassified|Air brake hoses,4,Tools and Equipment,12,Miscellaneous or unclassified,20,Air brake hoses
40130021,Tools and Equipment|Miscellaneous or unclassified|Air carts,4,Tools and Equipment,12,Miscellaneous or unclassified,21,Air carts
40130022,Tools and Equipment|Miscellaneous or unclassified|Air cleaners,4,Tools and Equipment,12,Miscellaneous or unclassified,22,Air cleaners
40130023,Tools and Equipment|Miscellaneous or unclassified|Air cooling systems,4,Tools and Equipment,12,Miscellaneous or unclassified,23,Air cooling systems
40130024,Tools and Equipment|Miscellaneous or unclassified|Air flow sensors,4,Tools and Equipment,12,Miscellaneous or unclassified,24,Air flow sensors
40130025,Tools and Equipment|Miscellaneous or unclassified|Air gauges,4,Tools and Equipment,12,Miscellaneous or unclassified,25,Air gauges
40130026,Tools and Equipment|Miscellaneous or unclassified|Air grinders,4,Tools and Equipment,12,Miscellaneous or unclassified,26,Air grinders
40130027,Tools and Equipment|Miscellaneous or unclassified|Air heaters,4,Tools and Equipment,12,Miscellaneous or unclassified,27,Air heaters
40130028,Tools and Equipment|Miscellaneous or unclassified|Air hoists,4,Tools and Equipment,12,Miscellaneous or unclassified,28,Air hoists
40130029,Tools and Equipment|Miscellaneous or unclassified|Air horns,4,Tools and Equipment,12,Miscellaneous or unclassified,29,Air horns
40130030,Tools and Equipment|Miscellaneous or unclassified|Air knives,4,Tools and Equipment,12,Miscellaneous or unclassified,30,Air knives
40130031,Tools and Equipment|Miscellaneous or unclassified|Air monitoring equipment,4,Tools and Equipment,12,Miscellaneous or unclassified,31,Air monitoring equipment
40130032,Tools and Equipment|Miscellaneous or unclassified|Air purifying respirators,4,Tools and Equipment,12,Miscellaneous or unclassified,32,Air purifying respirators
40130033,Tools and Equipment|Miscellaneous or unclassified|Air ratchets,4,Tools and Equipment,12,Miscellaneous or unclassified,33,Air ratchets
40130034,Tools and Equipment|Miscellaneous or unclassified|Air reels,4,Tools and Equipment,12,Miscellaneous or unclassified,34,Air reels
40130035,Tools and Equipment|Miscellaneous or unclassified|Air samplers,4,Tools and Equipment,12,Miscellaneous or unclassified,35,Air samplers
40130036,Tools and Equipment|Miscellaneous or unclassified|Air sanders,4,Tools and Equipment,12,Miscellaneous or unclassified,36,Air sanders
40130037,Tools and Equipment|Miscellaneous or unclassified|Air seeders,4,Tools and Equipment,12,Miscellaneous or unclassified,37,Air seeders
40130038,Tools and Equipment|Miscellaneous or unclassified|Air spray guns,4,Tools and Equipment,12,Miscellaneous or unclassified,38,Air spray guns
40130039,Tools and Equipment|Miscellaneous or unclassified|Air staple guns,4,Tools and Equipment,12,Miscellaneous or unclassified,39,Air staple guns
40130040,Tools and Equipment|Miscellaneous or unclassified|Air tanks,4,Tools and Equipment,12,Miscellaneous or unclassified,40,Air tanks
40130041,Tools and Equipment|Miscellaneous or unclassified|Air-cooled condensers,4,Tools and Equipment,12,Miscellaneous or unclassified,41,Air-cooled condensers
40130042,Tools and Equipment|Miscellaneous or unclassified|Airless paint guns,4,Tools and Equipment,12,Miscellaneous or unclassified,42,Airless paint guns
40130043,Tools and Equipment|Miscellaneous or unclassified|Airport surveillance radar ASR systems,4,Tools and Equipment,12,Miscellaneous or unclassified,43,Airport surveillance radar ASR systems
40130044,Tools and Equipment|Miscellaneous or unclassified|Aligners,4,Tools and Equipment,12,Miscellaneous or unclassified,44,Aligners
40130045,Tools and Equipment|Miscellaneous or unclassified|Alignment machines,4,Tools and Equipment,12,Miscellaneous or unclassified,45,Alignment machines
40130046,Tools and Equipment|Miscellaneous or unclassified|Alignment tools,4,Tools and Equipment,12,Miscellaneous or unclassified,46,Alignment tools
40130047,Tools and Equipment|Miscellaneous or unclassified|All terrain vehicles ATV,4,Tools and Equipment,12,Miscellaneous or unclassified,47,All terrain vehicles ATV
40130048,Tools and Equipment|Miscellaneous or unclassified|All terrain vehicles ATVs,4,Tools and Equipment,12,Miscellaneous or unclassified,48,All terrain vehicles ATVs
40130049,Tools and Equipment|Miscellaneous or unclassified|All-terrain cranes,4,Tools and Equipment,12,Miscellaneous or unclassified,49,All-terrain cranes
40130050,Tools and Equipment|Miscellaneous or unclassified|All-terrain vehicles ATV,4,Tools and Equipment,12,Miscellaneous or unclassified,50,All-terrain vehicles ATV
40130051,Tools and Equipment|Miscellaneous or unclassified|Allen wrenches,4,Tools and Equipment,12,Miscellaneous or unclassified,51,Allen wrenches
40130052,Tools and Equipment|Miscellaneous or unclassified|Alternator testers,4,Tools and Equipment,12,Miscellaneous or unclassified,52,Alternator testers
40130053,Tools and Equipment|Miscellaneous or unclassified|Altimeters,4,Tools and Equipment,12,Miscellaneous or unclassified,53,Altimeters
40130054,Tools and Equipment|Miscellaneous or unclassified|Aluminum ladders,4,Tools and Equipment,12,Miscellaneous or unclassified,54,Aluminum ladders
40130055,Tools and Equipment|Miscellaneous or unclassified|Ammeters,4,Tools and Equipment,12,Miscellaneous or unclassified,55,Ammeters
40130056,Tools and Equipment|Miscellaneous or unclassified|Ammonia detectors,4,Tools and Equipment,12,Miscellaneous or unclassified,56,Ammonia detectors
40130057,Tools and Equipment|Miscellaneous or unclassified|Amp meters,4,Tools and Equipment,12,Miscellaneous or unclassified,57,Amp meters
40130058,Tools and Equipment|Miscellaneous or unclassified|Analog to digital converters,4,Tools and Equipment,12,Miscellaneous or unclassified,58,Analog to digital converters
40130059,Tools and Equipment|Miscellaneous or unclassified|Analytic balances,4,Tools and Equipment,12,Miscellaneous or unclassified,59,Analytic balances
40130060,Tools and Equipment|Miscellaneous or unclassified|Analytical balances,4,Tools and Equipment,12,Miscellaneous or unclassified,60,Analytical balances
40130061,Tools and Equipment|Miscellaneous or unclassified|Anatomical models,4,Tools and Equipment,12,Miscellaneous or unclassified,61,Anatomical models
40130062,Tools and Equipment|Miscellaneous or unclassified|Anchor chains,4,Tools and Equipment,12,Miscellaneous or unclassified,62,Anchor chains
40130063,Tools and Equipment|Miscellaneous or unclassified|Anchor winches,4,Tools and Equipment,12,Miscellaneous or unclassified,63,Anchor winches
40130064,Tools and Equipment|Miscellaneous or unclassified|Anechoic chambers,4,Tools and Equipment,12,Miscellaneous or unclassified,64,Anechoic chambers
40130065,Tools and Equipment|Miscellaneous or unclassified|Anesthesia carts,4,Tools and Equipment,12,Miscellaneous or unclassified,65,Anesthesia carts
40130066,Tools and Equipment|Miscellaneous or unclassified|Anesthesia machines,4,Tools and Equipment,12,Miscellaneous or unclassified,66,Anesthesia machines
40130067,Tools and Equipment|Miscellaneous or unclassified|Angle finders,4,Tools and Equipment,12,Miscellaneous or unclassified,67,Angle finders
40130068,Tools and Equipment|Miscellaneous or unclassified|Animal crates,4,Tools and Equipment,12,Miscellaneous or unclassified,68,Animal crates
40130069,Tools and Equipment|Miscellaneous or unclassified|Animal restraints,4,Tools and Equipment,12,Miscellaneous or unclassified,69,Animal restraints
40130070,Tools and Equipment|Miscellaneous or unclassified|Animal traps,4,Tools and Equipment,12,Miscellaneous or unclassified,70,Animal traps
40130071,Tools and Equipment|Miscellaneous or unclassified|Annealing furnaces,4,Tools and Equipment,12,Miscellaneous or unclassified,71,Annealing furnaces
40130072,Tools and Equipment|Miscellaneous or unclassified|Announcement systems,4,Tools and Equipment,12,Miscellaneous or unclassified,72,Announcement systems
40130073,Tools and Equipment|Miscellaneous or unclassified|Annunciators,4,Tools and Equipment,12,Miscellaneous or unclassified,73,Annunciators
40130074,Tools and Equipment|Miscellaneous or unclassified|Antenna analyzers,4,Tools and Equipment,12,Miscellaneous or unclassified,74,Antenna analyzers
40130075,Tools and Equipment|Miscellaneous or unclassified|Anvils,4,Tools and Equipment,12,Miscellaneous or unclassified,75,Anvils
40130076,Tools and Equipment|Miscellaneous or unclassified|Appliance dollies,4,Tools and Equipment,12,Miscellaneous or unclassified,76,Appliance dollies
40130077,Tools and Equipment|Miscellaneous or unclassified|Aquarium pumps,4,Tools and Equipment,12,Miscellaneous or unclassified,77,Aquarium pumps
40130078,Tools and Equipment|Miscellaneous or unclassified|Arbitrary waveform generators,4,Tools and Equipment,12,Miscellaneous or unclassified,78,Arbitrary waveform generators
40130079,Tools and Equipment|Miscellaneous or unclassified|Arbor presses,4,Tools and Equipment,12,Miscellaneous or unclassified,79,Arbor presses
40130080,Tools and Equipment|Miscellaneous or unclassified|Arborist saws,4,Tools and Equipment,12,Miscellaneous or unclassified,80,Arborist saws
40130081,Tools and Equipment|Miscellaneous or unclassified|Arbors,4,Tools and Equipment,12,Miscellaneous or unclassified,81,Arbors
40130082,Tools and Equipment|Miscellaneous or unclassified|Arc welding equipment,4,Tools and Equipment,12,Miscellaneous or unclassified,82,Arc welding equipment
40130083,Tools and Equipment|Miscellaneous or unclassified|Architectural templates,4,Tools and Equipment,12,Miscellaneous or unclassified,83,Architectural templates
40130084,Tools and Equipment|Miscellaneous or unclassified|Arm braces,4,Tools and Equipment,12,Miscellaneous or unclassified,84,Arm braces
40130085,Tools and Equipment|Miscellaneous or unclassified|Armored cars,4,Tools and Equipment,12,Miscellaneous or unclassified,85,Armored cars
40130086,Tools and Equipment|Miscellaneous or unclassified|Arrow boards,4,Tools and Equipment,12,Miscellaneous or unclassified,86,Arrow boards
40130087,Tools and Equipment|Miscellaneous or unclassified|Articulated robots,4,Tools and Equipment,12,Miscellaneous or unclassified,87,Articulated robots
40130088,Tools and Equipment|Miscellaneous or unclassified|Articulators,4,Tools and Equipment,12,Miscellaneous or unclassified,88,Articulators
40130089,Tools and Equipment|Miscellaneous or unclassified|Asphalt kettles,4,Tools and Equipment,12,Miscellaneous or unclassified,89,Asphalt kettles
40130090,Tools and Equipment|Miscellaneous or unclassified|Asphalt pavers,4,Tools and Equipment,12,Miscellaneous or unclassified,90,Asphalt pavers
40130091,Tools and Equipment|Miscellaneous or unclassified|Asphalt saws,4,Tools and Equipment,12,Miscellaneous or unclassified,91,Asphalt saws
40130092,Tools and Equipment|Miscellaneous or unclassified|Asphalt spreaders,4,Tools and Equipment,12,Miscellaneous or unclassified,92,Asphalt spreaders
40130093,Tools and Equipment|Miscellaneous or unclassified|Assembly robots,4,Tools and Equipment,12,Miscellaneous or unclassified,93,Assembly robots
40130094,Tools and Equipment|Miscellaneous or unclassified|Athey loaders,4,Tools and Equipment,12,Miscellaneous or unclassified,94,Athey loaders
40130095,Tools and Equipment|Miscellaneous or unclassified|Atmospheric monitors,4,Tools and Equipment,12,Miscellaneous or unclassified,95,Atmospheric monitors
40130096,Tools and Equipment|Miscellaneous or unclassified|Atmospheric testing equipment,4,Tools and Equipment,12,Miscellaneous or unclassified,96,Atmospheric testing equipment
40130097,Tools and Equipment|Miscellaneous or unclassified|Atomic absorption spectrometers,4,Tools and Equipment,12,Miscellaneous or unclassified,97,Atomic absorption spectrometers
40130098,Tools and Equipment|Miscellaneous or unclassified|Atomic force microscopes,4,Tools and Equipment,12,Miscellaneous or unclassified,98,Atomic force microscopes
40130099,Tools and Equipment|Miscellaneous or unclassified|Atomic layer deposition ALD systems,4,Tools and Equipment,12,Miscellaneous or unclassified,99,Atomic layer deposition ALD systems
40130100,Tools and Equipment|Miscellaneous or unclassified|Audio amplifiers,4,Tools and Equipment,12,Miscellaneous or unclassified,100,Audio amplifiers
40130101,Tools and Equipment|Miscellaneous or unclassified|Audio interfaces,4,Tools and Equipment,12,Miscellaneous or unclassified,101,Audio interfaces
40130102,Tools and Equipment|Miscellaneous or unclassified|Audio patch bays,4,Tools and Equipment,12,Miscellaneous or unclassified,102,Audio patch bays
40130103,Tools and Equipment|Miscellaneous or unclassified|Audio playback equipment,4,Tools and Equipment,12,Miscellaneous or unclassified,103,Audio playback equipment
40130104,Tools and Equipment|Miscellaneous or unclassified|Audio recorders,4,Tools and Equipment,12,Miscellaneous or unclassified,104,Audio recorders
40130105,Tools and Equipment|Miscellaneous or unclassified|Audio speakers,4,Tools and Equipment,12,Miscellaneous or unclassified,105,Audio speakers
40130106,Tools and Equipment|Miscellaneous or unclassified|Audiometers,4,Tools and Equipment,12,Miscellaneous or unclassified,106,Audiometers
40130107,Tools and Equipment|Miscellaneous or unclassified|Augmentative communication systems,4,Tools and Equipment,12,Miscellaneous or unclassified,107,Augmentative communication systems
40130108,Tools and Equipment|Miscellaneous or unclassified|Autoclave sterilizers,4,Tools and Equipment,12,Miscellaneous or unclassified,108,Autoclave sterilizers
40130109,Tools and Equipment|Miscellaneous or unclassified|Automated external defibrillators AED,4,Tools and Equipment,12,Miscellaneous or unclassified,109,Automated external defibrillators AED
40130110,Tools and Equipment|Miscellaneous or unclassified|Automated filing systems,4,Tools and Equipment,12,Miscellaneous or unclassified,110,Automated filing systems
40130111,Tools and Equipment|Miscellaneous or unclassified|Automated lathes,4,Tools and Equipment,12,Miscellaneous or unclassified,111,Automated lathes
40130112,Tools and Equipment|Miscellaneous or unclassified|Automated locks,4,Tools and Equipment,12,Miscellaneous or unclassified,112,Automated locks
40130113,Tools and Equipment|Miscellaneous or unclassified|Automated mail processing equipment,4,Tools and Equipment,12,Miscellaneous or unclassified,113,Automated mail processing equipment
40130114,Tools and Equipment|Miscellaneous or unclassified|Automated vision systems,4,Tools and Equipment,12,Miscellaneous or unclassified,114,Automated vision systems
40130115,Tools and Equipment|Miscellaneous or unclassified|Automatic control systems,4,Tools and Equipment,12,Miscellaneous or unclassified,115,Automatic control systems
40130116,Tools and Equipment|Miscellaneous or unclassified|Automatic fish feeders,4,Tools and Equipment,12,Miscellaneous or unclassified,116,Automatic fish feeders
40130117,Tools and Equipment|Miscellaneous or unclassified|Automatic levels,4,Tools and Equipment,12,Miscellaneous or unclassified,117,Automatic levels
40130118,Tools and Equipment|Miscellaneous or unclassified|Automatic slicers,4,Tools and Equipment,12,Miscellaneous or unclassified,118,Automatic slicers
40130119,Tools and Equipment|Miscellaneous or unclassified|Automatic taping tools,4,Tools and Equipment,12,Miscellaneous or unclassified,119,Automatic taping tools
40130120,Tools and Equipment|Miscellaneous or unclassified|Automatic titrators,4,Tools and Equipment,12,Miscellaneous or unclassified,120,Automatic titrators
40130121,Tools and Equipment|Miscellaneous or unclassified|Automatic tool changers,4,Tools and Equipment,12,Miscellaneous or unclassified,121,Automatic tool changers
40130122,Tools and Equipment|Miscellaneous or unclassified|Autopilot systems,4,Tools and Equipment,12,Miscellaneous or unclassified,122,Autopilot systems
40130123,Tools and Equipment|Miscellaneous or unclassified|Autorefractors,4,Tools and Equipment,12,Miscellaneous or unclassified,123,Autorefractors
40130124,Tools and Equipment|Miscellaneous or unclassified|Awls,4,Tools and Equipment,12,Miscellaneous or unclassified,124,Awls
40130125,Tools and Equipment|Miscellaneous or unclassified|Baby bottles,4,Tools and Equipment,12,Miscellaneous or unclassified,125,Baby bottles
40130126,Tools and Equipment|Miscellaneous or unclassified|Back braces,4,Tools and Equipment,12,Miscellaneous or unclassified,126,Back braces
40130127,Tools and Equipment|Miscellaneous or unclassified|Backhoe attachments,4,Tools and Equipment,12,Miscellaneous or unclassified,127,Backhoe attachments
40130128,Tools and Equipment|Miscellaneous or unclassified|Backpack pumps,4,Tools and Equipment,12,Miscellaneous or unclassified,128,Backpack pumps
40130129,Tools and Equipment|Miscellaneous or unclassified|Backpack vacuums,4,Tools and Equipment,12,Miscellaneous or unclassified,129,Backpack vacuums
40130130,Tools and Equipment|Miscellaneous or unclassified|Backup drives,4,Tools and Equipment,12,Miscellaneous or unclassified,130,Backup drives
40130131,Tools and Equipment|Miscellaneous or unclassified|Backwash filters,4,Tools and Equipment,12,Miscellaneous or unclassified,131,Backwash filters
40130132,Tools and Equipment|Miscellaneous or unclassified|Bagging machines,4,Tools and Equipment,12,Miscellaneous or unclassified,132,Bagging machines
40130133,Tools and Equipment|Miscellaneous or unclassified|Bake ovens,4,Tools and Equipment,12,Miscellaneous or unclassified,133,Bake ovens
40130134,Tools and Equipment|Miscellaneous or unclassified|Baking sheets,4,Tools and Equipment,12,Miscellaneous or unclassified,134,Baking sheets
40130135,Tools and Equipment|Miscellaneous or unclassified|Balancing machines,4,Tools and Equipment,12,Miscellaneous or unclassified,135,Balancing machines
40130136,Tools and Equipment|Miscellaneous or unclassified|Baling equipment,4,Tools and Equipment,12,Miscellaneous or unclassified,136,Baling equipment
40130137,Tools and Equipment|Miscellaneous or unclassified|Ball valves,4,Tools and Equipment,12,Miscellaneous or unclassified,137,Ball valves
40130138,Tools and Equipment|Miscellaneous or unclassified|Ballistic vests,4,Tools and Equipment,12,Miscellaneous or unclassified,138,Ballistic vests
40130139,Tools and Equipment|Miscellaneous or unclassified|Band cutters,4,Tools and Equipment,12,Miscellaneous or unclassified,139,Band cutters
40130140,Tools and Equipment|Miscellaneous or unclassified|Banding machines,4,Tools and Equipment,12,Miscellaneous or unclassified,140,Banding machines
40130141,Tools and Equipment|Miscellaneous or unclassified|Bar code readers,4,Tools and Equipment,12,Miscellaneous or unclassified,141,Bar code readers
40130142,Tools and Equipment|Miscellaneous or unclassified|Bar cutters,4,Tools and Equipment,12,Miscellaneous or unclassified,142,Bar cutters
40130143,Tools and Equipment|Miscellaneous or unclassified|Bar feeders,4,Tools and Equipment,12,Miscellaneous or unclassified,143,Bar feeders
40130144,Tools and Equipment|Miscellaneous or unclassified|Bar levels,4,Tools and Equipment,12,Miscellaneous or unclassified,144,Bar levels
40130145,Tools and Equipment|Miscellaneous or unclassified|Barcode printers,4,Tools and Equipment,12,Miscellaneous or unclassified,145,Barcode printers
40130146,Tools and Equipment|Miscellaneous or unclassified|Barometers,4,Tools and Equipment,12,Miscellaneous or unclassified,146,Barometers
40130147,Tools and Equipment|Miscellaneous or unclassified|Barrier gates,4,Tools and Equipment,12,Miscellaneous or unclassified,147,Barrier gates
40130148,Tools and Equipment|Miscellaneous or unclassified|Base radios,4,Tools and Equipment,12,Miscellaneous or unclassified,148,Base radios
40130149,Tools and Equipment|Miscellaneous or unclassified|Base station radios,4,Tools and Equipment,12,Miscellaneous or unclassified,149,Base station radios
40130150,Tools and Equipment|Miscellaneous or unclassified|Baseballs,4,Tools and Equipment,12,Miscellaneous or unclassified,150,Baseballs
40130151,Tools and Equipment|Miscellaneous or unclassified|Basketball hoops,4,Tools and Equipment,12,Miscellaneous or unclassified,151,Basketball hoops
40130152,Tools and Equipment|Miscellaneous or unclassified|Basketballs,4,Tools and Equipment,12,Miscellaneous or unclassified,152,Basketballs
40130153,Tools and Equipment|Miscellaneous or unclassified|Bass drums,4,Tools and Equipment,12,Miscellaneous or unclassified,153,Bass drums
40130154,Tools and Equipment|Miscellaneous or unclassified|Batch freezers,4,Tools and Equipment,12,Miscellaneous or unclassified,154,Batch freezers
40130155,Tools and Equipment|Miscellaneous or unclassified|Bath robes,4,Tools and Equipment,12,Miscellaneous or unclassified,155,Bath robes
40130156,Tools and Equipment|Miscellaneous or unclassified|Battery analyzers,4,Tools and Equipment,12,Miscellaneous or unclassified,156,Battery analyzers
40130157,Tools and Equipment|Miscellaneous or unclassified|Battery chargers,4,Tools and Equipment,12,Miscellaneous or unclassified,157,Battery chargers
40130158,Tools and Equipment|Miscellaneous or unclassified|Battery load testers,4,Tools and Equipment,12,Miscellaneous or unclassified,158,Battery load testers
40130159,Tools and Equipment|Miscellaneous or unclassified|Battery testers,4,Tools and Equipment,12,Miscellaneous or unclassified,159,Battery testers
40130160,Tools and Equipment|Miscellaneous or unclassified|Beakers,4,Tools and Equipment,12,Miscellaneous or unclassified,160,Beakers
40130161,Tools and Equipment|Miscellaneous or unclassified|Beam saws,4,Tools and Equipment,12,Miscellaneous or unclassified,161,Beam saws
40130162,Tools and Equipment|Miscellaneous or unclassified|Beaters,4,Tools and Equipment,12,Miscellaneous or unclassified,162,Beaters
40130163,Tools and Equipment|Miscellaneous or unclassified|Bed cradles,4,Tools and Equipment,12,Miscellaneous or unclassified,163,Bed cradles
40130164,Tools and Equipment|Miscellaneous or unclassified|Belt conveyor systems,4,Tools and Equipment,12,Miscellaneous or unclassified,164,Belt conveyor systems
40130165,Tools and Equipment|Miscellaneous or unclassified|Belt loaders,4,Tools and Equipment,12,Miscellaneous or unclassified,165,Belt loaders
40130166,Tools and Equipment|Miscellaneous or unclassified|Belt scales,4,Tools and Equipment,12,Miscellaneous or unclassified,166,Belt scales
40130167,Tools and Equipment|Miscellaneous or unclassified|Bench drills,4,Tools and Equipment,12,Miscellaneous or unclassified,167,Bench drills
40130168,Tools and Equipment|Miscellaneous or unclassified|Bench grinders,4,Tools and Equipment,12,Miscellaneous or unclassified,168,Bench grinders
40130169,Tools and Equipment|Miscellaneous or unclassified|Bench lathes,4,Tools and Equipment,12,Miscellaneous or unclassified,169,Bench lathes
40130170,Tools and Equipment|Miscellaneous or unclassified|Bench scales,4,Tools and Equipment,12,Miscellaneous or unclassified,170,Bench scales
40130171,Tools and Equipment|Miscellaneous or unclassified|Bending brakes,4,Tools and Equipment,12,Miscellaneous or unclassified,171,Bending brakes
40130172,Tools and Equipment|Miscellaneous or unclassified|Beveling machines,4,Tools and Equipment,12,Miscellaneous or unclassified,172,Beveling machines
40130173,Tools and Equipment|Miscellaneous or unclassified|Beverage machines,4,Tools and Equipment,12,Miscellaneous or unclassified,173,Beverage machines
40130174,Tools and Equipment|Miscellaneous or unclassified|Bilimeters,4,Tools and Equipment,12,Miscellaneous or unclassified,174,Bilimeters
40130175,Tools and Equipment|Miscellaneous or unclassified|Binding machines,4,Tools and Equipment,12,Miscellaneous or unclassified,175,Binding machines
40130176,Tools and Equipment|Miscellaneous or unclassified|Binoculars,4,Tools and Equipment,12,Miscellaneous or unclassified,176,Binoculars
40130177,Tools and Equipment|Miscellaneous or unclassified|Biofeedback equipment,4,Tools and Equipment,12,Miscellaneous or unclassified,177,Biofeedback equipment
40130178,Tools and Equipment|Miscellaneous or unclassified|Biofilters,4,Tools and Equipment,12,Miscellaneous or unclassified,178,Biofilters
40130179,Tools and Equipment|Miscellaneous or unclassified|Biohazard containers,4,Tools and Equipment,12,Miscellaneous or unclassified,179,Biohazard containers
40130180,Tools and Equipment|Miscellaneous or unclassified|Biological filters,4,Tools and Equipment,12,Miscellaneous or unclassified,180,Biological filters
40130181,Tools and Equipment|Miscellaneous or unclassified|Biomass boilers,4,Tools and Equipment,12,Miscellaneous or unclassified,181,Biomass boilers
40130182,Tools and Equipment|Miscellaneous or unclassified|Biomicroscopes,4,Tools and Equipment,12,Miscellaneous or unclassified,182,Biomicroscopes
40130183,Tools and Equipment|Miscellaneous or unclassified|Biopsy forceps,4,Tools and Equipment,12,Miscellaneous or unclassified,183,Biopsy forceps
40130184,Tools and Equipment|Miscellaneous or unclassified|Bipods,4,Tools and Equipment,12,Miscellaneous or unclassified,184,Bipods
40130185,Tools and Equipment|Miscellaneous or unclassified|Bit error rate testers BERT,4,Tools and Equipment,12,Miscellaneous or unclassified,185,Bit error rate testers BERT
40130186,Tools and Equipment|Miscellaneous or unclassified|Bite blocks,4,Tools and Equipment,12,Miscellaneous or unclassified,186,Bite blocks
40130187,Tools and Equipment|Miscellaneous or unclassified|Bitts,4,Tools and Equipment,12,Miscellaneous or unclassified,187,Bitts
40130188,Tools and Equipment|Miscellaneous or unclassified|Blackjack tables,4,Tools and Equipment,12,Miscellaneous or unclassified,188,Blackjack tables
40130189,Tools and Equipment|Miscellaneous or unclassified|Bladder pumps,4,Tools and Equipment,12,Miscellaneous or unclassified,189,Bladder pumps
40130190,Tools and Equipment|Miscellaneous or unclassified|Bladder scanners,4,Tools and Equipment,12,Miscellaneous or unclassified,190,Bladder scanners
40130191,Tools and Equipment|Miscellaneous or unclassified|Blanking presses,4,Tools and Equipment,12,Miscellaneous or unclassified,191,Blanking presses
40130192,Tools and Equipment|Miscellaneous or unclassified|Blast chillers,4,Tools and Equipment,12,Miscellaneous or unclassified,192,Blast chillers
40130193,Tools and Equipment|Miscellaneous or unclassified|Blast freezers,4,Tools and Equipment,12,Miscellaneous or unclassified,193,Blast freezers
40130194,Tools and Equipment|Miscellaneous or unclassified|Blast furnaces,4,Tools and Equipment,12,Miscellaneous or unclassified,194,Blast furnaces
40130195,Tools and Equipment|Miscellaneous or unclassified|Block weights,4,Tools and Equipment,12,Miscellaneous or unclassified,195,Block weights
40130196,Tools and Equipment|Miscellaneous or unclassified|Blocks and tackle,4,Tools and Equipment,12,Miscellaneous or unclassified,196,Blocks and tackle
40130197,Tools and Equipment|Miscellaneous or unclassified|Blood collection tubes,4,Tools and Equipment,12,Miscellaneous or unclassified,197,Blood collection tubes
40130198,Tools and Equipment|Miscellaneous or unclassified|Blood gas analyzers,4,Tools and Equipment,12,Miscellaneous or unclassified,198,Blood gas analyzers
40130199,Tools and Equipment|Miscellaneous or unclassified|Blood gas machines,4,Tools and Equipment,12,Miscellaneous or unclassified,199,Blood gas machines
40130200,Tools and Equipment|Miscellaneous or unclassified|Blood irradiators,4,Tools and Equipment,12,Miscellaneous or unclassified,200,Blood irradiators
40130201,Tools and Equipment|Miscellaneous or unclassified|Blood pressure cuffs,4,Tools and Equipment,12,Miscellaneous or unclassified,201,Blood pressure cuffs
40130202,Tools and Equipment|Miscellaneous or unclassified|Blood pressure monitors,4,Tools and Equipment,12,Miscellaneous or unclassified,202,Blood pressure monitors
40130203,Tools and Equipment|Miscellaneous or unclassified|Blood tubes,4,Tools and Equipment,12,Miscellaneous or unclassified,203,Blood tubes
40130204,Tools and Equipment|Miscellaneous or unclassified|Blow dryers,4,Tools and Equipment,12,Miscellaneous or unclassified,204,Blow dryers
40130205,Tools and Equipment|Miscellaneous or unclassified|Blow molding machines,4,Tools and Equipment,12,Miscellaneous or unclassified,205,Blow molding machines
40130206,Tools and Equipment|Miscellaneous or unclassified|Blow torches,4,Tools and Equipment,12,Miscellaneous or unclassified,206,Blow torches
40130207,Tools and Equipment|Miscellaneous or unclassified|Blown film extruders,4,Tools and Equipment,12,Miscellaneous or unclassified,207,Blown film extruders
40130208,Tools and Equipment|Miscellaneous or unclassified|Blowout prevention equipment,4,Tools and Equipment,12,Miscellaneous or unclassified,208,Blowout prevention equipment
40130209,Tools and Equipment|Miscellaneous or unclassified|Boat trailers,4,Tools and Equipment,12,Miscellaneous or unclassified,209,Boat trailers
40130210,Tools and Equipment|Miscellaneous or unclassified|Bobbins,4,Tools and Equipment,12,Miscellaneous or unclassified,210,Bobbins
40130211,Tools and Equipment|Miscellaneous or unclassified|Body armor,4,Tools and Equipment,12,Miscellaneous or unclassified,211,Body armor
40130212,Tools and Equipment|Miscellaneous or unclassified|Body harnesses,4,Tools and Equipment,12,Miscellaneous or unclassified,212,Body harnesses
40130213,Tools and Equipment|Miscellaneous or unclassified|Body lotions,4,Tools and Equipment,12,Miscellaneous or unclassified,213,Body lotions
40130214,Tools and Equipment|Miscellaneous or unclassified|Bolsters,4,Tools and Equipment,12,Miscellaneous or unclassified,214,Bolsters
40130215,Tools and Equipment|Miscellaneous or unclassified|Bolt action rifles,4,Tools and Equipment,12,Miscellaneous or unclassified,215,Bolt action rifles
40130216,Tools and Equipment|Miscellaneous or unclassified|Bolt cutters,4,Tools and Equipment,12,Miscellaneous or unclassified,216,Bolt cutters
40130217,Tools and Equipment|Miscellaneous or unclassified|Boning knives,4,Tools and Equipment,12,Miscellaneous or unclassified,217,Boning knives
40130218,Tools and Equipment|Miscellaneous or unclassified|Bookmobiles,4,Tools and Equipment,12,Miscellaneous or unclassified,218,Bookmobiles
40130219,Tools and Equipment|Miscellaneous or unclassified|Boom boats,4,Tools and Equipment,12,Miscellaneous or unclassified,219,Boom boats
40130220,Tools and Equipment|Miscellaneous or unclassified|Bore gauges,4,Tools and Equipment,12,Miscellaneous or unclassified,220,Bore gauges
40130221,Tools and Equipment|Miscellaneous or unclassified|Boring heads,4,Tools and Equipment,12,Miscellaneous or unclassified,221,Boring heads
40130222,Tools and Equipment|Miscellaneous or unclassified|Boring tools,4,Tools and Equipment,12,Miscellaneous or unclassified,222,Boring tools
40130223,Tools and Equipment|Miscellaneous or unclassified|Bowling balls,4,Tools and Equipment,12,Miscellaneous or unclassified,223,Bowling balls
40130224,Tools and Equipment|Miscellaneous or unclassified|Box blades,4,Tools and Equipment,12,Miscellaneous or unclassified,224,Box blades
40130225,Tools and Equipment|Miscellaneous or unclassified|Box furnaces,4,Tools and Equipment,12,Miscellaneous or unclassified,225,Box furnaces
40130226,Tools and Equipment|Miscellaneous or unclassified|Box wrenches,4,Tools and Equipment,12,Miscellaneous or unclassified,226,Box wrenches
40130227,Tools and Equipment|Miscellaneous or unclassified|Boxing gloves,4,Tools and Equipment,12,Miscellaneous or unclassified,227,Boxing gloves
40130228,Tools and Equipment|Miscellaneous or unclassified|Bracing equipment,4,Tools and Equipment,12,Miscellaneous or unclassified,228,Bracing equipment
40130229,Tools and Equipment|Miscellaneous or unclassified|Braiders,4,Tools and Equipment,12,Miscellaneous or unclassified,229,Braiders
40130230,Tools and Equipment|Miscellaneous or unclassified|Braille embossers,4,Tools and Equipment,12,Miscellaneous or unclassified,230,Braille embossers
40130231,Tools and Equipment|Miscellaneous or unclassified|Braille materials,4,Tools and Equipment,12,Miscellaneous or unclassified,231,Braille materials
40130232,Tools and Equipment|Miscellaneous or unclassified|Branding equipment,4,Tools and Equipment,12,Miscellaneous or unclassified,232,Branding equipment
40130233,Tools and Equipment|Miscellaneous or unclassified|Brazers,4,Tools and Equipment,12,Miscellaneous or unclassified,233,Brazers
40130234,Tools and Equipment|Miscellaneous or unclassified|Braziers,4,Tools and Equipment,12,Miscellaneous or unclassified,234,Braziers
40130235,Tools and Equipment|Miscellaneous or unclassified|Brazing machines,4,Tools and Equipment,12,Miscellaneous or unclassified,235,Brazing machines
40130236,Tools and Equipment|Miscellaneous or unclassified|Brazing tools,4,Tools and Equipment,12,Miscellaneous or unclassified,236,Brazing tools
40130237,Tools and Equipment|Miscellaneous or unclassified|Brazing torches,4,Tools and Equipment,12,Miscellaneous or unclassified,237,Brazing torches
40130238,Tools and Equipment|Miscellaneous or unclassified|Bread slicers,4,Tools and Equipment,12,Miscellaneous or unclassified,238,Bread slicers
40130239,Tools and Equipment|Miscellaneous or unclassified|Breast pumps,4,Tools and Equipment,12,Miscellaneous or unclassified,239,Breast pumps
40130240,Tools and Equipment|Miscellaneous or unclassified|Breath alcohol testers,4,Tools and Equipment,12,Miscellaneous or unclassified,240,Breath alcohol testers
40130241,Tools and Equipment|Miscellaneous or unclassified|Breathalyzers,4,Tools and Equipment,12,Miscellaneous or unclassified,241,Breathalyzers
40130242,Tools and Equipment|Miscellaneous or unclassified|Brick ovens,4,Tools and Equipment,12,Miscellaneous or unclassified,242,Brick ovens
40130243,Tools and Equipment|Miscellaneous or unclassified|Bridge plates,4,Tools and Equipment,12,Miscellaneous or unclassified,243,Bridge plates
40130244,Tools and Equipment|Miscellaneous or unclassified|Broaches,4,Tools and Equipment,12,Miscellaneous or unclassified,244,Broaches
40130245,Tools and Equipment|Miscellaneous or unclassified|Broaching machines,4,Tools and Equipment,12,Miscellaneous or unclassified,245,Broaching machines
40130246,Tools and Equipment|Miscellaneous or unclassified|Bronchoscopes,4,Tools and Equipment,12,Miscellaneous or unclassified,246,Bronchoscopes
40130247,Tools and Equipment|Miscellaneous or unclassified|Brush chippers,4,Tools and Equipment,12,Miscellaneous or unclassified,247,Brush chippers
40130248,Tools and Equipment|Miscellaneous or unclassified|Brush cutters,4,Tools and Equipment,12,Miscellaneous or unclassified,248,Brush cutters
40130249,Tools and Equipment|Miscellaneous or unclassified|Brush cutting equipment,4,Tools and Equipment,12,Miscellaneous or unclassified,249,Brush cutting equipment
40130250,Tools and Equipment|Miscellaneous or unclassified|Brush mowers,4,Tools and Equipment,12,Miscellaneous or unclassified,250,Brush mowers
40130251,Tools and Equipment|Miscellaneous or unclassified|Brush trimmers,4,Tools and Equipment,12,Miscellaneous or unclassified,251,Brush trimmers
40130252,Tools and Equipment|Miscellaneous or unclassified|Bucket attachments,4,Tools and Equipment,12,Miscellaneous or unclassified,252,Bucket attachments
40130253,Tools and Equipment|Miscellaneous or unclassified|Bucket lifts,4,Tools and Equipment,12,Miscellaneous or unclassified,253,Bucket lifts
40130254,Tools and Equipment|Miscellaneous or unclassified|Bucket loaders,4,Tools and Equipment,12,Miscellaneous or unclassified,254,Bucket loaders
40130255,Tools and Equipment|Miscellaneous or unclassified|Bucket machines,4,Tools and Equipment,12,Miscellaneous or unclassified,255,Bucket machines
40130256,Tools and Equipment|Miscellaneous or unclassified|Buffing wheels,4,Tools and Equipment,12,Miscellaneous or unclassified,256,Buffing wheels
40130257,Tools and Equipment|Miscellaneous or unclassified|Building alarm systems,4,Tools and Equipment,12,Miscellaneous or unclassified,257,Building alarm systems
40130258,Tools and Equipment|Miscellaneous or unclassified|Bulk carriers,4,Tools and Equipment,12,Miscellaneous or unclassified,258,Bulk carriers
40130259,Tools and Equipment|Miscellaneous or unclassified|Bull floats,4,Tools and Equipment,12,Miscellaneous or unclassified,259,Bull floats
40130260,Tools and Equipment|Miscellaneous or unclassified|Bull pins,4,Tools and Equipment,12,Miscellaneous or unclassified,260,Bull pins
40130261,Tools and Equipment|Miscellaneous or unclassified|Bunker rakes,4,Tools and Equipment,12,Miscellaneous or unclassified,261,Bunker rakes
40130262,Tools and Equipment|Miscellaneous or unclassified|Burner management systems,4,Tools and Equipment,12,Miscellaneous or unclassified,262,Burner management systems
40130263,Tools and Equipment|Miscellaneous or unclassified|Burning bars,4,Tools and Equipment,12,Miscellaneous or unclassified,263,Burning bars
40130264,Tools and Equipment|Miscellaneous or unclassified|Burring tools,4,Tools and Equipment,12,Miscellaneous or unclassified,264,Burring tools
40130265,Tools and Equipment|Miscellaneous or unclassified|Burs,4,Tools and Equipment,12,Miscellaneous or unclassified,265,Burs
40130266,Tools and Equipment|Miscellaneous or unclassified|Butcher knives,4,Tools and Equipment,12,Miscellaneous or unclassified,266,Butcher knives
40130267,Tools and Equipment|Miscellaneous or unclassified|Butterfly needles,4,Tools and Equipment,12,Miscellaneous or unclassified,267,Butterfly needles
40130268,Tools and Equipment|Miscellaneous or unclassified|Button machines,4,Tools and Equipment,12,Miscellaneous or unclassified,268,Button machines
40130269,Tools and Equipment|Miscellaneous or unclassified|Buttonhole makers,4,Tools and Equipment,12,Miscellaneous or unclassified,269,Buttonhole makers
40130270,Tools and Equipment|Miscellaneous or unclassified|CO2 monitors,4,Tools and Equipment,12,Miscellaneous or unclassified,270,CO2 monitors
40130271,Tools and Equipment|Miscellaneous or unclassified|Cab cranes,4,Tools and Equipment,12,Miscellaneous or unclassified,271,Cab cranes
40130272,Tools and Equipment|Miscellaneous or unclassified|Cab signals,4,Tools and Equipment,12,Miscellaneous or unclassified,272,Cab signals
40130273,Tools and Equipment|Miscellaneous or unclassified|Cabin management systems,4,Tools and Equipment,12,Miscellaneous or unclassified,273,Cabin management systems
40130274,Tools and Equipment|Miscellaneous or unclassified|Cable analyzers,4,Tools and Equipment,12,Miscellaneous or unclassified,274,Cable analyzers
40130275,Tools and Equipment|Miscellaneous or unclassified|Cable cars,4,Tools and Equipment,12,Miscellaneous or unclassified,275,Cable cars
40130276,Tools and Equipment|Miscellaneous or unclassified|Cable crimpers,4,Tools and Equipment,12,Miscellaneous or unclassified,276,Cable crimpers
40130277,Tools and Equipment|Miscellaneous or unclassified|Cable cutters,4,Tools and Equipment,12,Miscellaneous or unclassified,277,Cable cutters
40130278,Tools and Equipment|Miscellaneous or unclassified|Cable plows,4,Tools and Equipment,12,Miscellaneous or unclassified,278,Cable plows
40130279,Tools and Equipment|Miscellaneous or unclassified|Cable reels,4,Tools and Equipment,12,Miscellaneous or unclassified,279,Cable reels
40130280,Tools and Equipment|Miscellaneous or unclassified|Cable strippers,4,Tools and Equipment,12,Miscellaneous or unclassified,280,Cable strippers
40130281,Tools and Equipment|Miscellaneous or unclassified|Cable testers,4,Tools and Equipment,12,Miscellaneous or unclassified,281,Cable testers
40130282,Tools and Equipment|Miscellaneous or unclassified|Cable trees,4,Tools and Equipment,12,Miscellaneous or unclassified,282,Cable trees
40130283,Tools and Equipment|Miscellaneous or unclassified|Cable winches,4,Tools and Equipment,12,Miscellaneous or unclassified,283,Cable winches
40130284,Tools and Equipment|Miscellaneous or unclassified|Cake decorating tools,4,Tools and Equipment,12,Miscellaneous or unclassified,284,Cake decorating tools
40130285,Tools and Equipment|Miscellaneous or unclassified|Cake rings,4,Tools and Equipment,12,Miscellaneous or unclassified,285,Cake rings
40130286,Tools and Equipment|Miscellaneous or unclassified|Call recording systems,4,Tools and Equipment,12,Miscellaneous or unclassified,286,Call recording systems
40130287,Tools and Equipment|Miscellaneous or unclassified|Calorimeters,4,Tools and Equipment,12,Miscellaneous or unclassified,287,Calorimeters
40130288,Tools and Equipment|Miscellaneous or unclassified|Camcorders,4,Tools and Equipment,12,Miscellaneous or unclassified,288,Camcorders
40130289,Tools and Equipment|Miscellaneous or unclassified|Camera control units,4,Tools and Equipment,12,Miscellaneous or unclassified,289,Camera control units
40130290,Tools and Equipment|Miscellaneous or unclassified|Camera lenses,4,Tools and Equipment,12,Miscellaneous or unclassified,290,Camera lenses
40130291,Tools and Equipment|Miscellaneous or unclassified|Camping tents,4,Tools and Equipment,12,Miscellaneous or unclassified,291,Camping tents
40130292,Tools and Equipment|Miscellaneous or unclassified|Can openers,4,Tools and Equipment,12,Miscellaneous or unclassified,292,Can openers
40130293,Tools and Equipment|Miscellaneous or unclassified|Canners,4,Tools and Equipment,12,Miscellaneous or unclassified,293,Canners
40130294,Tools and Equipment|Miscellaneous or unclassified|Cannulas,4,Tools and Equipment,12,Miscellaneous or unclassified,294,Cannulas
40130295,Tools and Equipment|Miscellaneous or unclassified|Capillary tubes,4,Tools and Equipment,12,Miscellaneous or unclassified,295,Capillary tubes
40130296,Tools and Equipment|Miscellaneous or unclassified|Cappers,4,Tools and Equipment,12,Miscellaneous or unclassified,296,Cappers
40130297,Tools and Equipment|Miscellaneous or unclassified|Cappuccino machines,4,Tools and Equipment,12,Miscellaneous or unclassified,297,Cappuccino machines
40130298,Tools and Equipment|Miscellaneous or unclassified|Car hoists,4,Tools and Equipment,12,Miscellaneous or unclassified,298,Car hoists
40130299,Tools and Equipment|Miscellaneous or unclassified|Carabiners,4,Tools and Equipment,12,Miscellaneous or unclassified,299,Carabiners
40130300,Tools and Equipment|Miscellaneous or unclassified|Carbon analyzers,4,Tools and Equipment,12,Miscellaneous or unclassified,300,Carbon analyzers
40130301,Tools and Equipment|Miscellaneous or unclassified|Carbon dioxide systems,4,Tools and Equipment,12,Miscellaneous or unclassified,301,Carbon dioxide systems
40130302,Tools and Equipment|Miscellaneous or unclassified|Carbon monoxide detectors,4,Tools and Equipment,12,Miscellaneous or unclassified,302,Carbon monoxide detectors
40130303,Tools and Equipment|Miscellaneous or unclassified|Carbon monoxide sensors,4,Tools and Equipment,12,Miscellaneous or unclassified,303,Carbon monoxide sensors
40130304,Tools and Equipment|Miscellaneous or unclassified|Card readers,4,Tools and Equipment,12,Miscellaneous or unclassified,304,Card readers
40130305,Tools and Equipment|Miscellaneous or unclassified|Cardboard balers,4,Tools and Equipment,12,Miscellaneous or unclassified,305,Cardboard balers
40130306,Tools and Equipment|Miscellaneous or unclassified|Cardboard compactors,4,Tools and Equipment,12,Miscellaneous or unclassified,306,Cardboard compactors
40130307,Tools and Equipment|Miscellaneous or unclassified|Cardiac monitoring equipment,4,Tools and Equipment,12,Miscellaneous or unclassified,307,Cardiac monitoring equipment
40130308,Tools and Equipment|Miscellaneous or unclassified|Cardiac ultrasound equipment,4,Tools and Equipment,12,Miscellaneous or unclassified,308,Cardiac ultrasound equipment
40130309,Tools and Equipment|Miscellaneous or unclassified|Cargo hooks,4,Tools and Equipment,12,Miscellaneous or unclassified,309,Cargo hooks
40130310,Tools and Equipment|Miscellaneous or unclassified|Cargo trailers,4,Tools and Equipment,12,Miscellaneous or unclassified,310,Cargo trailers
40130311,Tools and Equipment|Miscellaneous or unclassified|Cargo trucks,4,Tools and Equipment,12,Miscellaneous or unclassified,311,Cargo trucks
40130312,Tools and Equipment|Miscellaneous or unclassified|Carousels,4,Tools and Equipment,12,Miscellaneous or unclassified,312,Carousels
40130313,Tools and Equipment|Miscellaneous or unclassified|Carpet shampooers,4,Tools and Equipment,12,Miscellaneous or unclassified,313,Carpet shampooers
40130314,Tools and Equipment|Miscellaneous or unclassified|Carpet steamers,4,Tools and Equipment,12,Miscellaneous or unclassified,314,Carpet steamers
40130315,Tools and Equipment|Miscellaneous or unclassified|Carving knives,4,Tools and Equipment,12,Miscellaneous or unclassified,315,Carving knives
40130316,Tools and Equipment|Miscellaneous or unclassified|Carving tools,4,Tools and Equipment,12,Miscellaneous or unclassified,316,Carving tools
40130317,Tools and Equipment|Miscellaneous or unclassified|Case clamps,4,Tools and Equipment,12,Miscellaneous or unclassified,317,Case clamps
40130318,Tools and Equipment|Miscellaneous or unclassified|Cashboxes,4,Tools and Equipment,12,Miscellaneous or unclassified,318,Cashboxes
40130319,Tools and Equipment|Miscellaneous or unclassified|Cast cutters,4,Tools and Equipment,12,Miscellaneous or unclassified,319,Cast cutters
40130320,Tools and Equipment|Miscellaneous or unclassified|Catalytic converters,4,Tools and Equipment,12,Miscellaneous or unclassified,320,Catalytic converters
40130321,Tools and Equipment|Miscellaneous or unclassified|Cell counters,4,Tools and Equipment,12,Miscellaneous or unclassified,321,Cell counters
40130322,Tools and Equipment|Miscellaneous or unclassified|Cell culture bioreactors,4,Tools and Equipment,12,Miscellaneous or unclassified,322,Cell culture bioreactors
40130323,Tools and Equipment|Miscellaneous or unclassified|Cell savers,4,Tools and Equipment,12,Miscellaneous or unclassified,323,Cell savers
40130324,Tools and Equipment|Miscellaneous or unclassified|Cell sorters,4,Tools and Equipment,12,Miscellaneous or unclassified,324,Cell sorters
40130325,Tools and Equipment|Miscellaneous or unclassified|Cellos,4,Tools and Equipment,12,Miscellaneous or unclassified,325,Cellos
40130326,Tools and Equipment|Miscellaneous or unclassified|Cement pumping equipment,4,Tools and Equipment,12,Miscellaneous or unclassified,326,Cement pumping equipment
40130327,Tools and Equipment|Miscellaneous or unclassified|Cement pumps,4,Tools and Equipment,12,Miscellaneous or unclassified,327,Cement pumps
40130328,Tools and Equipment|Miscellaneous or unclassified|Centerless grinders,4,Tools and Equipment,12,Miscellaneous or unclassified,328,Centerless grinders
40130329,Tools and Equipment|Miscellaneous or unclassified|Centrifugal compressors,4,Tools and Equipment,12,Miscellaneous or unclassified,329,Centrifugal compressors
40130330,Tools and Equipment|Miscellaneous or unclassified|Chain conveyors,4,Tools and Equipment,12,Miscellaneous or unclassified,330,Chain conveyors
40130331,Tools and Equipment|Miscellaneous or unclassified|Chain falls,4,Tools and Equipment,12,Miscellaneous or unclassified,331,Chain falls
40130332,Tools and Equipment|Miscellaneous or unclassified|Chain hoists,4,Tools and Equipment,12,Miscellaneous or unclassified,332,Chain hoists
40130333,Tools and Equipment|Miscellaneous or unclassified|Chain pullers,4,Tools and Equipment,12,Miscellaneous or unclassified,333,Chain pullers
40130334,Tools and Equipment|Miscellaneous or unclassified|Chain slings,4,Tools and Equipment,12,Miscellaneous or unclassified,334,Chain slings
40130335,Tools and Equipment|Miscellaneous or unclassified|Chain tongs,4,Tools and Equipment,12,Miscellaneous or unclassified,335,Chain tongs
40130336,Tools and Equipment|Miscellaneous or unclassified|Chair lifts,4,Tools and Equipment,12,Miscellaneous or unclassified,336,Chair lifts
40130337,Tools and Equipment|Miscellaneous or unclassified|Chalk lines,4,Tools and Equipment,12,Miscellaneous or unclassified,337,Chalk lines
40130338,Tools and Equipment|Miscellaneous or unclassified|Channel banks,4,Tools and Equipment,12,Miscellaneous or unclassified,338,Channel banks
40130339,Tools and Equipment|Miscellaneous or unclassified|Channel lock pliers,4,Tools and Equipment,12,Miscellaneous or unclassified,339,Channel lock pliers
40130340,Tools and Equipment|Miscellaneous or unclassified|Charbroilers,4,Tools and Equipment,12,Miscellaneous or unclassified,340,Charbroilers
40130341,Tools and Equipment|Miscellaneous or unclassified|Charging system testers,4,Tools and Equipment,12,Miscellaneous or unclassified,341,Charging system testers
40130342,Tools and Equipment|Miscellaneous or unclassified|Check signers,4,Tools and Equipment,12,Miscellaneous or unclassified,342,Check signers
40130343,Tools and Equipment|Miscellaneous or unclassified|Cheese cutters,4,Tools and Equipment,12,Miscellaneous or unclassified,343,Cheese cutters
40130344,Tools and Equipment|Miscellaneous or unclassified|Cheese vats,4,Tools and Equipment,12,Miscellaneous or unclassified,344,Cheese vats
40130345,Tools and Equipment|Miscellaneous or unclassified|Chemical analyzers,4,Tools and Equipment,12,Miscellaneous or unclassified,345,Chemical analyzers
40130346,Tools and Equipment|Miscellaneous or unclassified|Chemical baths,4,Tools and Equipment,12,Miscellaneous or unclassified,346,Chemical baths
40130347,Tools and Equipment|Miscellaneous or unclassified|Chemical dip tanks,4,Tools and Equipment,12,Miscellaneous or unclassified,347,Chemical dip tanks
40130348,Tools and Equipment|Miscellaneous or unclassified|Chemical feed pumps,4,Tools and Equipment,12,Miscellaneous or unclassified,348,Chemical feed pumps
40130349,Tools and Equipment|Miscellaneous or unclassified|Chemical fume hoods,4,Tools and Equipment,12,Miscellaneous or unclassified,349,Chemical fume hoods
40130350,Tools and Equipment|Miscellaneous or unclassified|Chemical injection pumps,4,Tools and Equipment,12,Miscellaneous or unclassified,350,Chemical injection pumps
40130351,Tools and Equipment|Miscellaneous or unclassified|Chemical injection systems,4,Tools and Equipment,12,Miscellaneous or unclassified,351,Chemical injection systems
40130352,Tools and Equipment|Miscellaneous or unclassified|Chemical mechanical polishing CMP systems,4,Tools and Equipment,12,Miscellaneous or unclassified,352,Chemical mechanical polishing CMP systems
40130353,Tools and Equipment|Miscellaneous or unclassified|Chemical mixers,4,Tools and Equipment,12,Miscellaneous or unclassified,353,Chemical mixers
40130354,Tools and Equipment|Miscellaneous or unclassified|Chemical protective clothing,4,Tools and Equipment,12,Miscellaneous or unclassified,354,Chemical protective clothing
40130355,Tools and Equipment|Miscellaneous or unclassified|Chemical reactors,4,Tools and Equipment,12,Miscellaneous or unclassified,355,Chemical reactors
40130356,Tools and Equipment|Miscellaneous or unclassified|Chemical sprayers,4,Tools and Equipment,12,Miscellaneous or unclassified,356,Chemical sprayers
40130357,Tools and Equipment|Miscellaneous or unclassified|Chemical sterilization indicators,4,Tools and Equipment,12,Miscellaneous or unclassified,357,Chemical sterilization indicators
40130358,Tools and Equipment|Miscellaneous or unclassified|Chemical sterilizers,4,Tools and Equipment,12,Miscellaneous or unclassified,358,Chemical sterilizers
40130359,Tools and Equipment|Miscellaneous or unclassified|Chemical tankers,4,Tools and Equipment,12,Miscellaneous or unclassified,359,Chemical tankers
40130360,Tools and Equipment|Miscellaneous or unclassified|Chemical vapor deposition CVD systems,4,Tools and Equipment,12,Miscellaneous or unclassified,360,Chemical vapor deposition CVD systems
40130361,Tools and Equipment|Miscellaneous or unclassified|Chemistry analyzers,4,Tools and Equipment,12,Miscellaneous or unclassified,361,Chemistry analyzers
40130362,Tools and Equipment|Miscellaneous or unclassified|Chemostats,4,Tools and Equipment,12,Miscellaneous or unclassified,362,Chemostats
40130363,Tools and Equipment|Miscellaneous or unclassified|Chest drains,4,Tools and Equipment,12,Miscellaneous or unclassified,363,Chest drains
40130364,Tools and Equipment|Miscellaneous or unclassified|Chipper trucks,4,Tools and Equipment,12,Miscellaneous or unclassified,364,Chipper trucks
40130365,Tools and Equipment|Miscellaneous or unclassified|Chipping equipment,4,Tools and Equipment,12,Miscellaneous or unclassified,365,Chipping equipment
40130366,Tools and Equipment|Miscellaneous or unclassified|Chipping guns,4,Tools and Equipment,12,Miscellaneous or unclassified,366,Chipping guns
40130367,Tools and Equipment|Miscellaneous or unclassified|Chipping hammers,4,Tools and Equipment,12,Miscellaneous or unclassified,367,Chipping hammers
40130368,Tools and Equipment|Miscellaneous or unclassified|Chlorine analyzers,4,Tools and Equipment,12,Miscellaneous or unclassified,368,Chlorine analyzers
40130369,Tools and Equipment|Miscellaneous or unclassified|Chlorine testers,4,Tools and Equipment,12,Miscellaneous or unclassified,369,Chlorine testers
40130370,Tools and Equipment|Miscellaneous or unclassified|Chock blocks,4,Tools and Equipment,12,Miscellaneous or unclassified,370,Chock blocks
40130371,Tools and Equipment|Miscellaneous or unclassified|Chocolate molds,4,Tools and Equipment,12,Miscellaneous or unclassified,371,Chocolate molds
40130372,Tools and Equipment|Miscellaneous or unclassified|Chokers,4,Tools and Equipment,12,Miscellaneous or unclassified,372,Chokers
40130373,Tools and Equipment|Miscellaneous or unclassified|Chop saws,4,Tools and Equipment,12,Miscellaneous or unclassified,373,Chop saws
40130374,Tools and Equipment|Miscellaneous or unclassified|Chopper guns,4,Tools and Equipment,12,Miscellaneous or unclassified,374,Chopper guns
40130375,Tools and Equipment|Miscellaneous or unclassified|Circuit testers,4,Tools and Equipment,12,Miscellaneous or unclassified,375,Circuit testers
40130376,Tools and Equipment|Miscellaneous or unclassified|Circular knitting machines,4,Tools and Equipment,12,Miscellaneous or unclassified,376,Circular knitting machines
40130377,Tools and Equipment|Miscellaneous or unclassified|Circulating pumps,4,Tools and Equipment,12,Miscellaneous or unclassified,377,Circulating pumps
40130378,Tools and Equipment|Miscellaneous or unclassified|Claw bars,4,Tools and Equipment,12,Miscellaneous or unclassified,378,Claw bars
40130379,Tools and Equipment|Miscellaneous or unclassified|Cleaning brushes,4,Tools and Equipment,12,Miscellaneous or unclassified,379,Cleaning brushes
40130380,Tools and Equipment|Miscellaneous or unclassified|Cleanup tools,4,Tools and Equipment,12,Miscellaneous or unclassified,380,Cleanup tools
40130381,Tools and Equipment|Miscellaneous or unclassified|Clear lenses,4,Tools and Equipment,12,Miscellaneous or unclassified,381,Clear lenses
40130382,Tools and Equipment|Miscellaneous or unclassified|Climbing harnesses,4,Tools and Equipment,12,Miscellaneous or unclassified,382,Climbing harnesses
40130383,Tools and Equipment|Miscellaneous or unclassified|Climbing hooks,4,Tools and Equipment,12,Miscellaneous or unclassified,383,Climbing hooks
40130384,Tools and Equipment|Miscellaneous or unclassified|Climbing ropes,4,Tools and Equipment,12,Miscellaneous or unclassified,384,Climbing ropes
40130385,Tools and Equipment|Miscellaneous or unclassified|Climbing spikes,4,Tools and Equipment,12,Miscellaneous or unclassified,385,Climbing spikes
40130386,Tools and Equipment|Miscellaneous or unclassified|Climbing structures,4,Tools and Equipment,12,Miscellaneous or unclassified,386,Climbing structures
40130387,Tools and Equipment|Miscellaneous or unclassified|Clinical scales,4,Tools and Equipment,12,Miscellaneous or unclassified,387,Clinical scales
40130388,Tools and Equipment|Miscellaneous or unclassified|Clinometers,4,Tools and Equipment,12,Miscellaneous or unclassified,388,Clinometers
40130389,Tools and Equipment|Miscellaneous or unclassified|Closed circuit television systems,4,Tools and Equipment,12,Miscellaneous or unclassified,389,Closed circuit television systems
40130390,Tools and Equipment|Miscellaneous or unclassified|Cluster systems,4,Tools and Equipment,12,Miscellaneous or unclassified,390,Cluster systems
40130391,Tools and Equipment|Miscellaneous or unclassified|Coagulation analyzers,4,Tools and Equipment,12,Miscellaneous or unclassified,391,Coagulation analyzers
40130392,Tools and Equipment|Miscellaneous or unclassified|Code key machines,4,Tools and Equipment,12,Miscellaneous or unclassified,392,Code key machines
40130393,Tools and Equipment|Miscellaneous or unclassified|Code readers,4,Tools and Equipment,12,Miscellaneous or unclassified,393,Code readers
40130394,Tools and Equipment|Miscellaneous or unclassified|Coffee grinders,4,Tools and Equipment,12,Miscellaneous or unclassified,394,Coffee grinders
40130395,Tools and Equipment|Miscellaneous or unclassified|Coil tubing units,4,Tools and Equipment,12,Miscellaneous or unclassified,395,Coil tubing units
40130396,Tools and Equipment|Miscellaneous or unclassified|Coin counting machines,4,Tools and Equipment,12,Miscellaneous or unclassified,396,Coin counting machines
40130397,Tools and Equipment|Miscellaneous or unclassified|Coin machines,4,Tools and Equipment,12,Miscellaneous or unclassified,397,Coin machines
40130398,Tools and Equipment|Miscellaneous or unclassified|Cold packs,4,Tools and Equipment,12,Miscellaneous or unclassified,398,Cold packs
40130399,Tools and Equipment|Miscellaneous or unclassified|Cold rooms,4,Tools and Equipment,12,Miscellaneous or unclassified,399,Cold rooms
40130400,Tools and Equipment|Miscellaneous or unclassified|Cold saws,4,Tools and Equipment,12,Miscellaneous or unclassified,400,Cold saws
40130401,Tools and Equipment|Miscellaneous or unclassified|Color copiers,4,Tools and Equipment,12,Miscellaneous or unclassified,401,Color copiers
40130402,Tools and Equipment|Miscellaneous or unclassified|Colorimeters,4,Tools and Equipment,12,Miscellaneous or unclassified,402,Colorimeters
40130403,Tools and Equipment|Miscellaneous or unclassified|Combination squares,4,Tools and Equipment,12,Miscellaneous or unclassified,403,Combination squares
40130404,Tools and Equipment|Miscellaneous or unclassified|Combine harvesters,4,Tools and Equipment,12,Miscellaneous or unclassified,404,Combine harvesters
40130405,Tools and Equipment|Miscellaneous or unclassified|Combine headers,4,Tools and Equipment,12,Miscellaneous or unclassified,405,Combine headers
40130406,Tools and Equipment|Miscellaneous or unclassified|Combustible gas meters,4,Tools and Equipment,12,Miscellaneous or unclassified,406,Combustible gas meters
40130407,Tools and Equipment|Miscellaneous or unclassified|Combustion turbines,4,Tools and Equipment,12,Miscellaneous or unclassified,407,Combustion turbines
40130408,Tools and Equipment|Miscellaneous or unclassified|Comealongs,4,Tools and Equipment,12,Miscellaneous or unclassified,408,Comealongs
40130409,Tools and Equipment|Miscellaneous or unclassified|Commercial dishwashers,4,Tools and Equipment,12,Miscellaneous or unclassified,409,Commercial dishwashers
40130410,Tools and Equipment|Miscellaneous or unclassified|Commercial dryers,4,Tools and Equipment,12,Miscellaneous or unclassified,410,Commercial dryers
40130411,Tools and Equipment|Miscellaneous or unclassified|Commercial ranges,4,Tools and Equipment,12,Miscellaneous or unclassified,411,Commercial ranges
40130412,Tools and Equipment|Miscellaneous or unclassified|Commercial sewing machines,4,Tools and Equipment,12,Miscellaneous or unclassified,412,Commercial sewing machines
40130413,Tools and Equipment|Miscellaneous or unclassified|Commercial washing machines,4,Tools and Equipment,12,Miscellaneous or unclassified,413,Commercial washing machines
40130414,Tools and Equipment|Miscellaneous or unclassified|Communications computers,4,Tools and Equipment,12,Miscellaneous or unclassified,414,Communications computers
40130415,Tools and Equipment|Miscellaneous or unclassified|Compact excavators,4,Tools and Equipment,12,Miscellaneous or unclassified,415,Compact excavators
40130416,Tools and Equipment|Miscellaneous or unclassified|Compact tractors,4,Tools and Equipment,12,Miscellaneous or unclassified,416,Compact tractors
40130417,Tools and Equipment|Miscellaneous or unclassified|Compacting machines,4,Tools and Equipment,12,Miscellaneous or unclassified,417,Compacting machines
40130418,Tools and Equipment|Miscellaneous or unclassified|Compasses,4,Tools and Equipment,12,Miscellaneous or unclassified,418,Compasses
40130419,Tools and Equipment|Miscellaneous or unclassified|Composite samplers,4,Tools and Equipment,12,Miscellaneous or unclassified,419,Composite samplers
40130420,Tools and Equipment|Miscellaneous or unclassified|Compost bins,4,Tools and Equipment,12,Miscellaneous or unclassified,420,Compost bins
40130421,Tools and Equipment|Miscellaneous or unclassified|Compost turners,4,Tools and Equipment,12,Miscellaneous or unclassified,421,Compost turners
40130422,Tools and Equipment|Miscellaneous or unclassified|Composting equipment,4,Tools and Equipment,12,Miscellaneous or unclassified,422,Composting equipment
40130423,Tools and Equipment|Miscellaneous or unclassified|Compound bows,4,Tools and Equipment,12,Miscellaneous or unclassified,423,Compound bows
40130424,Tools and Equipment|Miscellaneous or unclassified|Compound microscopes,4,Tools and Equipment,12,Miscellaneous or unclassified,424,Compound microscopes
40130425,Tools and Equipment|Miscellaneous or unclassified|Compound miter saws,4,Tools and Equipment,12,Miscellaneous or unclassified,425,Compound miter saws
40130426,Tools and Equipment|Miscellaneous or unclassified|Compressed air systems,4,Tools and Equipment,12,Miscellaneous or unclassified,426,Compressed air systems
40130427,Tools and Equipment|Miscellaneous or unclassified|Compression devices,4,Tools and Equipment,12,Miscellaneous or unclassified,427,Compression devices
40130428,Tools and Equipment|Miscellaneous or unclassified|Compression garments,4,Tools and Equipment,12,Miscellaneous or unclassified,428,Compression garments
40130429,Tools and Equipment|Miscellaneous or unclassified|Compression tools,4,Tools and Equipment,12,Miscellaneous or unclassified,429,Compression tools
40130430,Tools and Equipment|Miscellaneous or unclassified|Computed tomography CT equipment,4,Tools and Equipment,12,Miscellaneous or unclassified,430,Computed tomography CT equipment
40130431,Tools and Equipment|Miscellaneous or unclassified|Computer clusters,4,Tools and Equipment,12,Miscellaneous or unclassified,431,Computer clusters
40130432,Tools and Equipment|Miscellaneous or unclassified|Computer controlled saws,4,Tools and Equipment,12,Miscellaneous or unclassified,432,Computer controlled saws
40130433,Tools and Equipment|Miscellaneous or unclassified|Computer numerical control CNC lathes,4,Tools and Equipment,12,Miscellaneous or unclassified,433,Computer numerical control CNC lathes
40130434,Tools and Equipment|Miscellaneous or unclassified|Computer scanners,4,Tools and Equipment,12,Miscellaneous or unclassified,434,Computer scanners
40130435,Tools and Equipment|Miscellaneous or unclassified|Computer server equipment,4,Tools and Equipment,12,Miscellaneous or unclassified,435,Computer server equipment
40130436,Tools and Equipment|Miscellaneous or unclassified|Computer touch screens,4,Tools and Equipment,12,Miscellaneous or unclassified,436,Computer touch screens
40130437,Tools and Equipment|Miscellaneous or unclassified|Computerized cash registers,4,Tools and Equipment,12,Miscellaneous or unclassified,437,Computerized cash registers
40130438,Tools and Equipment|Miscellaneous or unclassified|Computerized electrocardiography EKG and hemodynamic monitoring systems,4,Tools and Equipment,12,Miscellaneous or unclassified,438,Computerized electrocardiography EKG and hemodynamic monitoring systems
40130439,Tools and Equipment|Miscellaneous or unclassified|Computerized scales,4,Tools and Equipment,12,Miscellaneous or unclassified,439,Computerized scales
40130440,Tools and Equipment|Miscellaneous or unclassified|Computerized scanners,4,Tools and Equipment,12,Miscellaneous or unclassified,440,Computerized scanners
40130441,Tools and Equipment|Miscellaneous or unclassified|Computerized sewing machines,4,Tools and Equipment,12,Miscellaneous or unclassified,441,Computerized sewing machines
40130442,Tools and Equipment|Miscellaneous or unclassified|Concrete boom pumps,4,Tools and Equipment,12,Miscellaneous or unclassified,442,Concrete boom pumps
40130443,Tools and Equipment|Miscellaneous or unclassified|Concrete chutes,4,Tools and Equipment,12,Miscellaneous or unclassified,443,Concrete chutes
40130444,Tools and Equipment|Miscellaneous or unclassified|Concrete drills,4,Tools and Equipment,12,Miscellaneous or unclassified,444,Concrete drills
40130445,Tools and Equipment|Miscellaneous or unclassified|Concrete line pumps,4,Tools and Equipment,12,Miscellaneous or unclassified,445,Concrete line pumps
40130446,Tools and Equipment|Miscellaneous or unclassified|Concrete paving machines,4,Tools and Equipment,12,Miscellaneous or unclassified,446,Concrete paving machines
40130447,Tools and Equipment|Miscellaneous or unclassified|Concrete pumpers,4,Tools and Equipment,12,Miscellaneous or unclassified,447,Concrete pumpers
40130448,Tools and Equipment|Miscellaneous or unclassified|Concrete pumps,4,Tools and Equipment,12,Miscellaneous or unclassified,448,Concrete pumps
40130449,Tools and Equipment|Miscellaneous or unclassified|Conductivity meters,4,Tools and Equipment,12,Miscellaneous or unclassified,449,Conductivity meters
40130450,Tools and Equipment|Miscellaneous or unclassified|Conductivity probes,4,Tools and Equipment,12,Miscellaneous or unclassified,450,Conductivity probes
40130451,Tools and Equipment|Miscellaneous or unclassified|Conductivity sensors,4,Tools and Equipment,12,Miscellaneous or unclassified,451,Conductivity sensors
40130452,Tools and Equipment|Miscellaneous or unclassified|Conduit benders,4,Tools and Equipment,12,Miscellaneous or unclassified,452,Conduit benders
40130453,Tools and Equipment|Miscellaneous or unclassified|Cone crushing equipment,4,Tools and Equipment,12,Miscellaneous or unclassified,453,Cone crushing equipment
40130454,Tools and Equipment|Miscellaneous or unclassified|Conference phones,4,Tools and Equipment,12,Miscellaneous or unclassified,454,Conference phones
40130455,Tools and Equipment|Miscellaneous or unclassified|Confocal microscopes,4,Tools and Equipment,12,Miscellaneous or unclassified,455,Confocal microscopes
40130456,Tools and Equipment|Miscellaneous or unclassified|Container ships,4,Tools and Equipment,12,Miscellaneous or unclassified,456,Container ships
40130457,Tools and Equipment|Miscellaneous or unclassified|Content servers,4,Tools and Equipment,12,Miscellaneous or unclassified,457,Content servers
40130458,Tools and Equipment|Miscellaneous or unclassified|Continuity meters,4,Tools and Equipment,12,Miscellaneous or unclassified,458,Continuity meters
40130459,Tools and Equipment|Miscellaneous or unclassified|Continuous miners,4,Tools and Equipment,12,Miscellaneous or unclassified,459,Continuous miners
40130460,Tools and Equipment|Miscellaneous or unclassified|Control computers,4,Tools and Equipment,12,Miscellaneous or unclassified,460,Control computers
40130461,Tools and Equipment|Miscellaneous or unclassified|Conventional lathes,4,Tools and Equipment,12,Miscellaneous or unclassified,461,Conventional lathes
40130462,Tools and Equipment|Miscellaneous or unclassified|Conventional spray equipment,4,Tools and Equipment,12,Miscellaneous or unclassified,462,Conventional spray equipment
40130463,Tools and Equipment|Miscellaneous or unclassified|Conveyer belts,4,Tools and Equipment,12,Miscellaneous or unclassified,463,Conveyer belts
40130464,Tools and Equipment|Miscellaneous or unclassified|Conveyor ovens,4,Tools and Equipment,12,Miscellaneous or unclassified,464,Conveyor ovens
40130465,Tools and Equipment|Miscellaneous or unclassified|Cooling tables,4,Tools and Equipment,12,Miscellaneous or unclassified,465,Cooling tables
40130466,Tools and Equipment|Miscellaneous or unclassified|Cooling tunnels,4,Tools and Equipment,12,Miscellaneous or unclassified,466,Cooling tunnels
40130467,Tools and Equipment|Miscellaneous or unclassified|Coordinate measuring machines CMM,4,Tools and Equipment,12,Miscellaneous or unclassified,467,Coordinate measuring machines CMM
40130468,Tools and Equipment|Miscellaneous or unclassified|Cordless screwdrivers,4,Tools and Equipment,12,Miscellaneous or unclassified,468,Cordless screwdrivers
40130469,Tools and Equipment|Miscellaneous or unclassified|Core cutters,4,Tools and Equipment,12,Miscellaneous or unclassified,469,Core cutters
40130470,Tools and Equipment|Miscellaneous or unclassified|Core drills,4,Tools and Equipment,12,Miscellaneous or unclassified,470,Core drills
40130471,Tools and Equipment|Miscellaneous or unclassified|Core machines,4,Tools and Equipment,12,Miscellaneous or unclassified,471,Core machines
40130472,Tools and Equipment|Miscellaneous or unclassified|Core-loss testers,4,Tools and Equipment,12,Miscellaneous or unclassified,472,Core-loss testers
40130473,Tools and Equipment|Miscellaneous or unclassified|Coreless induction furnaces,4,Tools and Equipment,12,Miscellaneous or unclassified,473,Coreless induction furnaces
40130474,Tools and Equipment|Miscellaneous or unclassified|Coring machines,4,Tools and Equipment,12,Miscellaneous or unclassified,474,Coring machines
40130475,Tools and Equipment|Miscellaneous or unclassified|Corner tools,4,Tools and Equipment,12,Miscellaneous or unclassified,475,Corner tools
40130476,Tools and Equipment|Miscellaneous or unclassified|Cotton candy machines,4,Tools and Equipment,12,Miscellaneous or unclassified,476,Cotton candy machines
40130477,Tools and Equipment|Miscellaneous or unclassified|Countdown timers,4,Tools and Equipment,12,Miscellaneous or unclassified,477,Countdown timers
40130478,Tools and Equipment|Miscellaneous or unclassified|Countersinks,4,Tools and Equipment,12,Miscellaneous or unclassified,478,Countersinks
40130479,Tools and Equipment|Miscellaneous or unclassified|Crane attachments,4,Tools and Equipment,12,Miscellaneous or unclassified,479,Crane attachments
40130480,Tools and Equipment|Miscellaneous or unclassified|Crash carts,4,Tools and Equipment,12,Miscellaneous or unclassified,480,Crash carts
40130481,Tools and Equipment|Miscellaneous or unclassified|Crawler cranes,4,Tools and Equipment,12,Miscellaneous or unclassified,481,Crawler cranes
40130482,Tools and Equipment|Miscellaneous or unclassified|Crawler dozers,4,Tools and Equipment,12,Miscellaneous or unclassified,482,Crawler dozers
40130483,Tools and Equipment|Miscellaneous or unclassified|Cream beaters,4,Tools and Equipment,12,Miscellaneous or unclassified,483,Cream beaters
40130484,Tools and Equipment|Miscellaneous or unclassified|Credit card machines,4,Tools and Equipment,12,Miscellaneous or unclassified,484,Credit card machines
40130485,Tools and Equipment|Miscellaneous or unclassified|Credit card readers,4,Tools and Equipment,12,Miscellaneous or unclassified,485,Credit card readers
40130486,Tools and Equipment|Miscellaneous or unclassified|Crescent wrenches,4,Tools and Equipment,12,Miscellaneous or unclassified,486,Crescent wrenches
40130487,Tools and Equipment|Miscellaneous or unclassified|Crimping lugs,4,Tools and Equipment,12,Miscellaneous or unclassified,487,Crimping lugs
40130488,Tools and Equipment|Miscellaneous or unclassified|Crimping machines,4,Tools and Equipment,12,Miscellaneous or unclassified,488,Crimping machines
40130489,Tools and Equipment|Miscellaneous or unclassified|Cross country skis,4,Tools and Equipment,12,Miscellaneous or unclassified,489,Cross country skis
40130490,Tools and Equipment|Miscellaneous or unclassified|Cross-country skis,4,Tools and Equipment,12,Miscellaneous or unclassified,490,Cross-country skis
40130491,Tools and Equipment|Miscellaneous or unclassified|Crossbows,4,Tools and Equipment,12,Miscellaneous or unclassified,491,Crossbows
40130492,Tools and Equipment|Miscellaneous or unclassified|Crow bars,4,Tools and Equipment,12,Miscellaneous or unclassified,492,Crow bars
40130493,Tools and Equipment|Miscellaneous or unclassified|Crowbars,4,Tools and Equipment,12,Miscellaneous or unclassified,493,Crowbars
40130494,Tools and Equipment|Miscellaneous or unclassified|Crushing machines,4,Tools and Equipment,12,Miscellaneous or unclassified,494,Crushing machines
40130495,Tools and Equipment|Miscellaneous or unclassified|Crutches,4,Tools and Equipment,12,Miscellaneous or unclassified,495,Crutches
40130496,Tools and Equipment|Miscellaneous or unclassified|Cryogenic freezers,4,Tools and Equipment,12,Miscellaneous or unclassified,496,Cryogenic freezers
40130497,Tools and Equipment|Miscellaneous or unclassified|Cryostats,4,Tools and Equipment,12,Miscellaneous or unclassified,497,Cryostats
40130498,Tools and Equipment|Miscellaneous or unclassified|Crystallizers,4,Tools and Equipment,12,Miscellaneous or unclassified,498,Crystallizers
40130499,Tools and Equipment|Miscellaneous or unclassified|Culture plates,4,Tools and Equipment,12,Miscellaneous or unclassified,499,Culture plates
40130500,Tools and Equipment|Miscellaneous or unclassified|Culture tubes,4,Tools and Equipment,12,Miscellaneous or unclassified,500,Culture tubes
40130501,Tools and Equipment|Miscellaneous or unclassified|Curing equipment,4,Tools and Equipment,12,Miscellaneous or unclassified,501,Curing equipment
40130502,Tools and Equipment|Miscellaneous or unclassified|Curing lights,4,Tools and Equipment,12,Miscellaneous or unclassified,502,Curing lights
40130503,Tools and Equipment|Miscellaneous or unclassified|Curing ovens,4,Tools and Equipment,12,Miscellaneous or unclassified,503,Curing ovens
40130504,Tools and Equipment|Miscellaneous or unclassified|Curing presses,4,Tools and Equipment,12,Miscellaneous or unclassified,504,Curing presses
40130505,Tools and Equipment|Miscellaneous or unclassified|Curling irons,4,Tools and Equipment,12,Miscellaneous or unclassified,505,Curling irons
40130506,Tools and Equipment|Miscellaneous or unclassified|Currency counters,4,Tools and Equipment,12,Miscellaneous or unclassified,506,Currency counters
40130507,Tools and Equipment|Miscellaneous or unclassified|Current probes,4,Tools and Equipment,12,Miscellaneous or unclassified,507,Current probes
40130508,Tools and Equipment|Miscellaneous or unclassified|Curve tracers,4,Tools and Equipment,12,Miscellaneous or unclassified,508,Curve tracers
40130509,Tools and Equipment|Miscellaneous or unclassified|Custom orthotics,4,Tools and Equipment,12,Miscellaneous or unclassified,509,Custom orthotics
40130510,Tools and Equipment|Miscellaneous or unclassified|Cut resistant gloves,4,Tools and Equipment,12,Miscellaneous or unclassified,510,Cut resistant gloves
40130511,Tools and Equipment|Miscellaneous or unclassified|Cutoff saws,4,Tools and Equipment,12,Miscellaneous or unclassified,511,Cutoff saws
40130512,Tools and Equipment|Miscellaneous or unclassified|Cutter grinders,4,Tools and Equipment,12,Miscellaneous or unclassified,512,Cutter grinders
40130513,Tools and Equipment|Miscellaneous or unclassified|Cutter pliers,4,Tools and Equipment,12,Miscellaneous or unclassified,513,Cutter pliers
40130514,Tools and Equipment|Miscellaneous or unclassified|Cutting dies,4,Tools and Equipment,12,Miscellaneous or unclassified,514,Cutting dies
40130515,Tools and Equipment|Miscellaneous or unclassified|Cutting pads,4,Tools and Equipment,12,Miscellaneous or unclassified,515,Cutting pads
40130516,Tools and Equipment|Miscellaneous or unclassified|Cutting pliers,4,Tools and Equipment,12,Miscellaneous or unclassified,516,Cutting pliers
40130517,Tools and Equipment|Miscellaneous or unclassified|Cutting plotters,4,Tools and Equipment,12,Miscellaneous or unclassified,517,Cutting plotters
40130518,Tools and Equipment|Miscellaneous or unclassified|Cutting shears,4,Tools and Equipment,12,Miscellaneous or unclassified,518,Cutting shears
40130519,Tools and Equipment|Miscellaneous or unclassified|Cuvettes,4,Tools and Equipment,12,Miscellaneous or unclassified,519,Cuvettes
40130520,Tools and Equipment|Miscellaneous or unclassified|Cycle ergometers,4,Tools and Equipment,12,Miscellaneous or unclassified,520,Cycle ergometers
40130521,Tools and Equipment|Miscellaneous or unclassified|Cyclotrons,4,Tools and Equipment,12,Miscellaneous or unclassified,521,Cyclotrons
40130522,Tools and Equipment|Miscellaneous or unclassified|Cylindrical grinders,4,Tools and Equipment,12,Miscellaneous or unclassified,522,Cylindrical grinders
40130523,Tools and Equipment|Miscellaneous or unclassified|Cystoscopes,4,Tools and Equipment,12,Miscellaneous or unclassified,523,Cystoscopes
40130524,Tools and Equipment|Miscellaneous or unclassified|Darbies,4,Tools and Equipment,12,Miscellaneous or unclassified,524,Darbies
40130525,Tools and Equipment|Miscellaneous or unclassified|Darkroom equipment,4,Tools and Equipment,12,Miscellaneous or unclassified,525,Darkroom equipment
40130526,Tools and Equipment|Miscellaneous or unclassified|Data scanners,4,Tools and Equipment,12,Miscellaneous or unclassified,526,Data scanners
40130527,Tools and Equipment|Miscellaneous or unclassified|Data warehouse appliances,4,Tools and Equipment,12,Miscellaneous or unclassified,527,Data warehouse appliances
40130528,Tools and Equipment|Miscellaneous or unclassified|Dataloggers,4,Tools and Equipment,12,Miscellaneous or unclassified,528,Dataloggers
40130529,Tools and Equipment|Miscellaneous or unclassified|Davit cranes,4,Tools and Equipment,12,Miscellaneous or unclassified,529,Davit cranes
40130530,Tools and Equipment|Miscellaneous or unclassified|Day boxes,4,Tools and Equipment,12,Miscellaneous or unclassified,530,Day boxes
40130531,Tools and Equipment|Miscellaneous or unclassified|De-icing equipment,4,Tools and Equipment,12,Miscellaneous or unclassified,531,De-icing equipment
40130532,Tools and Equipment|Miscellaneous or unclassified|Dead weight testers,4,Tools and Equipment,12,Miscellaneous or unclassified,532,Dead weight testers
40130533,Tools and Equipment|Miscellaneous or unclassified|Deburring machines,4,Tools and Equipment,12,Miscellaneous or unclassified,533,Deburring machines
40130534,Tools and Equipment|Miscellaneous or unclassified|Deburring tools,4,Tools and Equipment,12,Miscellaneous or unclassified,534,Deburring tools
40130535,Tools and Equipment|Miscellaneous or unclassified|Decibel meters,4,Tools and Equipment,12,Miscellaneous or unclassified,535,Decibel meters
40130536,Tools and Equipment|Miscellaneous or unclassified|Deck ovens,4,Tools and Equipment,12,Miscellaneous or unclassified,536,Deck ovens
40130537,Tools and Equipment|Miscellaneous or unclassified|Deck winches,4,Tools and Equipment,12,Miscellaneous or unclassified,537,Deck winches
40130538,Tools and Equipment|Miscellaneous or unclassified|Decoilers,4,Tools and Equipment,12,Miscellaneous or unclassified,538,Decoilers
40130539,Tools and Equipment|Miscellaneous or unclassified|Decontamination units,4,Tools and Equipment,12,Miscellaneous or unclassified,539,Decontamination units
40130540,Tools and Equipment|Miscellaneous or unclassified|Deep freezers,4,Tools and Equipment,12,Miscellaneous or unclassified,540,Deep freezers
40130541,Tools and Equipment|Miscellaneous or unclassified|Defibrillators,4,Tools and Equipment,12,Miscellaneous or unclassified,541,Defibrillators
40130542,Tools and Equipment|Miscellaneous or unclassified|Dehydration equipment,4,Tools and Equipment,12,Miscellaneous or unclassified,542,Dehydration equipment
40130543,Tools and Equipment|Miscellaneous or unclassified|Deionizers,4,Tools and Equipment,12,Miscellaneous or unclassified,543,Deionizers
40130544,Tools and Equipment|Miscellaneous or unclassified|Delivery vans,4,Tools and Equipment,12,Miscellaneous or unclassified,544,Delivery vans
40130545,Tools and Equipment|Miscellaneous or unclassified|Demagnetizing equipment,4,Tools and Equipment,12,Miscellaneous or unclassified,545,Demagnetizing equipment
40130546,Tools and Equipment|Miscellaneous or unclassified|Demineralizers,4,Tools and Equipment,12,Miscellaneous or unclassified,546,Demineralizers
40130547,Tools and Equipment|Miscellaneous or unclassified|Demolition hammers,4,Tools and Equipment,12,Miscellaneous or unclassified,547,Demolition hammers
40130548,Tools and Equipment|Miscellaneous or unclassified|Demolition machines,4,Tools and Equipment,12,Miscellaneous or unclassified,548,Demolition machines
40130549,Tools and Equipment|Miscellaneous or unclassified|Densimeters,4,Tools and Equipment,12,Miscellaneous or unclassified,549,Densimeters
40130550,Tools and Equipment|Miscellaneous or unclassified|Densitometers,4,Tools and Equipment,12,Miscellaneous or unclassified,550,Densitometers
40130551,Tools and Equipment|Miscellaneous or unclassified|Dent pullers,4,Tools and Equipment,12,Miscellaneous or unclassified,551,Dent pullers
40130552,Tools and Equipment|Miscellaneous or unclassified|Dental chairs,4,Tools and Equipment,12,Miscellaneous or unclassified,552,Dental chairs
40130553,Tools and Equipment|Miscellaneous or unclassified|Dental files,4,Tools and Equipment,12,Miscellaneous or unclassified,553,Dental files
40130554,Tools and Equipment|Miscellaneous or unclassified|Dental lasers,4,Tools and Equipment,12,Miscellaneous or unclassified,554,Dental lasers
40130555,Tools and Equipment|Miscellaneous or unclassified|Depth gauges,4,Tools and Equipment,12,Miscellaneous or unclassified,555,Depth gauges
40130556,Tools and Equipment|Miscellaneous or unclassified|Depth micrometers,4,Tools and Equipment,12,Miscellaneous or unclassified,556,Depth micrometers
40130557,Tools and Equipment|Miscellaneous or unclassified|Derailers,4,Tools and Equipment,12,Miscellaneous or unclassified,557,Derailers
40130558,Tools and Equipment|Miscellaneous or unclassified|Derrick cranes,4,Tools and Equipment,12,Miscellaneous or unclassified,558,Derrick cranes
40130559,Tools and Equipment|Miscellaneous or unclassified|Derricks,4,Tools and Equipment,12,Miscellaneous or unclassified,559,Derricks
40130560,Tools and Equipment|Miscellaneous or unclassified|Desanders,4,Tools and Equipment,12,Miscellaneous or unclassified,560,Desanders
40130561,Tools and Equipment|Miscellaneous or unclassified|Descalers,4,Tools and Equipment,12,Miscellaneous or unclassified,561,Descalers
40130562,Tools and Equipment|Miscellaneous or unclassified|Design stencils,4,Tools and Equipment,12,Miscellaneous or unclassified,562,Design stencils
40130563,Tools and Equipment|Miscellaneous or unclassified|Desktop calculators,4,Tools and Equipment,12,Miscellaneous or unclassified,563,Desktop calculators
40130564,Tools and Equipment|Miscellaneous or unclassified|Desoldering tools,4,Tools and Equipment,12,Miscellaneous or unclassified,564,Desoldering tools
40130565,Tools and Equipment|Miscellaneous or unclassified|Detail brushes,4,Tools and Equipment,12,Miscellaneous or unclassified,565,Detail brushes
40130566,Tools and Equipment|Miscellaneous or unclassified|Diagnostic ultrasound equipment,4,Tools and Equipment,12,Miscellaneous or unclassified,566,Diagnostic ultrasound equipment
40130567,Tools and Equipment|Miscellaneous or unclassified|Dial bore gauges,4,Tools and Equipment,12,Miscellaneous or unclassified,567,Dial bore gauges
40130568,Tools and Equipment|Miscellaneous or unclassified|Dial gauges,4,Tools and Equipment,12,Miscellaneous or unclassified,568,Dial gauges
40130569,Tools and Equipment|Miscellaneous or unclassified|Dial indicators,4,Tools and Equipment,12,Miscellaneous or unclassified,569,Dial indicators
40130570,Tools and Equipment|Miscellaneous or unclassified|Dial test indicators,4,Tools and Equipment,12,Miscellaneous or unclassified,570,Dial test indicators
40130571,Tools and Equipment|Miscellaneous or unclassified|Dialysis machines,4,Tools and Equipment,12,Miscellaneous or unclassified,571,Dialysis machines
40130572,Tools and Equipment|Miscellaneous or unclassified|Diameter gauges,4,Tools and Equipment,12,Miscellaneous or unclassified,572,Diameter gauges
40130573,Tools and Equipment|Miscellaneous or unclassified|Diameter tapes,4,Tools and Equipment,12,Miscellaneous or unclassified,573,Diameter tapes
40130574,Tools and Equipment|Miscellaneous or unclassified|Diaphragms,4,Tools and Equipment,12,Miscellaneous or unclassified,574,Diaphragms
40130575,Tools and Equipment|Miscellaneous or unclassified|Dicers,4,Tools and Equipment,12,Miscellaneous or unclassified,575,Dicers
40130576,Tools and Equipment|Miscellaneous or unclassified|Dictaphones,4,Tools and Equipment,12,Miscellaneous or unclassified,576,Dictaphones
40130577,Tools and Equipment|Miscellaneous or unclassified|Dictating equipment,4,Tools and Equipment,12,Miscellaneous or unclassified,577,Dictating equipment
40130578,Tools and Equipment|Miscellaneous or unclassified|Dictation machines,4,Tools and Equipment,12,Miscellaneous or unclassified,578,Dictation machines
40130579,Tools and Equipment|Miscellaneous or unclassified|Die cast dies,4,Tools and Equipment,12,Miscellaneous or unclassified,579,Die cast dies
40130580,Tools and Equipment|Miscellaneous or unclassified|Die casting machines,4,Tools and Equipment,12,Miscellaneous or unclassified,580,Die casting machines
40130581,Tools and Equipment|Miscellaneous or unclassified|Die cutting equipment,4,Tools and Equipment,12,Miscellaneous or unclassified,581,Die cutting equipment
40130582,Tools and Equipment|Miscellaneous or unclassified|Die cutting machines,4,Tools and Equipment,12,Miscellaneous or unclassified,582,Die cutting machines
40130583,Tools and Equipment|Miscellaneous or unclassified|Die cutting presses,4,Tools and Equipment,12,Miscellaneous or unclassified,583,Die cutting presses
40130584,Tools and Equipment|Miscellaneous or unclassified|Die grinders,4,Tools and Equipment,12,Miscellaneous or unclassified,584,Die grinders
40130585,Tools and Equipment|Miscellaneous or unclassified|Diesel driven generators,4,Tools and Equipment,12,Miscellaneous or unclassified,585,Diesel driven generators
40130586,Tools and Equipment|Miscellaneous or unclassified|Diesel powered generators,4,Tools and Equipment,12,Miscellaneous or unclassified,586,Diesel powered generators
40130587,Tools and Equipment|Miscellaneous or unclassified|Diesel-powered generators,4,Tools and Equipment,12,Miscellaneous or unclassified,587,Diesel-powered generators
40130588,Tools and Equipment|Miscellaneous or unclassified|Differential amplifiers,4,Tools and Equipment,12,Miscellaneous or unclassified,588,Differential amplifiers
40130589,Tools and Equipment|Miscellaneous or unclassified|Diffractometers,4,Tools and Equipment,12,Miscellaneous or unclassified,589,Diffractometers
40130590,Tools and Equipment|Miscellaneous or unclassified|Diffusion pumps,4,Tools and Equipment,12,Miscellaneous or unclassified,590,Diffusion pumps
40130591,Tools and Equipment|Miscellaneous or unclassified|Digger derricks,4,Tools and Equipment,12,Miscellaneous or unclassified,591,Digger derricks
40130592,Tools and Equipment|Miscellaneous or unclassified|Diggers,4,Tools and Equipment,12,Miscellaneous or unclassified,592,Diggers
40130593,Tools and Equipment|Miscellaneous or unclassified|Digital audio workstations,4,Tools and Equipment,12,Miscellaneous or unclassified,593,Digital audio workstations
40130594,Tools and Equipment|Miscellaneous or unclassified|Digital calipers,4,Tools and Equipment,12,Miscellaneous or unclassified,594,Digital calipers
40130595,Tools and Equipment|Miscellaneous or unclassified|Digital camcorders,4,Tools and Equipment,12,Miscellaneous or unclassified,595,Digital camcorders
40130596,Tools and Equipment|Miscellaneous or unclassified|Digital copiers,4,Tools and Equipment,12,Miscellaneous or unclassified,596,Digital copiers
40130597,Tools and Equipment|Miscellaneous or unclassified|Digital editing systems,4,Tools and Equipment,12,Miscellaneous or unclassified,597,Digital editing systems
40130598,Tools and Equipment|Miscellaneous or unclassified|Digital levels,4,Tools and Equipment,12,Miscellaneous or unclassified,598,Digital levels
40130599,Tools and Equipment|Miscellaneous or unclassified|Digital mixing consoles,4,Tools and Equipment,12,Miscellaneous or unclassified,599,Digital mixing consoles
40130600,Tools and Equipment|Miscellaneous or unclassified|Digital multimeters,4,Tools and Equipment,12,Miscellaneous or unclassified,600,Digital multimeters
40130601,Tools and Equipment|Miscellaneous or unclassified|Digital paper,4,Tools and Equipment,12,Miscellaneous or unclassified,601,Digital paper
40130602,Tools and Equipment|Miscellaneous or unclassified|Digital pens,4,Tools and Equipment,12,Miscellaneous or unclassified,602,Digital pens
40130603,Tools and Equipment|Miscellaneous or unclassified|Digital photocopiers,4,Tools and Equipment,12,Miscellaneous or unclassified,603,Digital photocopiers
40130604,Tools and Equipment|Miscellaneous or unclassified|Digital playback machines,4,Tools and Equipment,12,Miscellaneous or unclassified,604,Digital playback machines
40130605,Tools and Equipment|Miscellaneous or unclassified|Digital printing presses,4,Tools and Equipment,12,Miscellaneous or unclassified,605,Digital printing presses
40130606,Tools and Equipment|Miscellaneous or unclassified|Digital protractors,4,Tools and Equipment,12,Miscellaneous or unclassified,606,Digital protractors
40130607,Tools and Equipment|Miscellaneous or unclassified|Digital readouts,4,Tools and Equipment,12,Miscellaneous or unclassified,607,Digital readouts
40130608,Tools and Equipment|Miscellaneous or unclassified|Digital scales,4,Tools and Equipment,12,Miscellaneous or unclassified,608,Digital scales
40130609,Tools and Equipment|Miscellaneous or unclassified|Digital still cameras,4,Tools and Equipment,12,Miscellaneous or unclassified,609,Digital still cameras
40130610,Tools and Equipment|Miscellaneous or unclassified|Digital thermometers,4,Tools and Equipment,12,Miscellaneous or unclassified,610,Digital thermometers
40130611,Tools and Equipment|Miscellaneous or unclassified|Digital video editors,4,Tools and Equipment,12,Miscellaneous or unclassified,611,Digital video editors
40130612,Tools and Equipment|Miscellaneous or unclassified|Digital video equipment,4,Tools and Equipment,12,Miscellaneous or unclassified,612,Digital video equipment
40130613,Tools and Equipment|Miscellaneous or unclassified|Digital video recorders,4,Tools and Equipment,12,Miscellaneous or unclassified,613,Digital video recorders
40130614,Tools and Equipment|Miscellaneous or unclassified|Digital video recorders DVR,4,Tools and Equipment,12,Miscellaneous or unclassified,614,Digital video recorders DVR
40130615,Tools and Equipment|Miscellaneous or unclassified|Digital video recording equipment,4,Tools and Equipment,12,Miscellaneous or unclassified,615,Digital video recording equipment
40130616,Tools and Equipment|Miscellaneous or unclassified|Digital voltmeters,4,Tools and Equipment,12,Miscellaneous or unclassified,616,Digital voltmeters
40130617,Tools and Equipment|Miscellaneous or unclassified|Digitizers,4,Tools and Equipment,12,Miscellaneous or unclassified,617,Digitizers
40130618,Tools and Equipment|Miscellaneous or unclassified|Digitizing tablets,4,Tools and Equipment,12,Miscellaneous or unclassified,618,Digitizing tablets
40130619,Tools and Equipment|Miscellaneous or unclassified|Dilution systems,4,Tools and Equipment,12,Miscellaneous or unclassified,619,Dilution systems
40130620,Tools and Equipment|Miscellaneous or unclassified|Dimmers,4,Tools and Equipment,12,Miscellaneous or unclassified,620,Dimmers
40130621,Tools and Equipment|Miscellaneous or unclassified|Diode lasers,4,Tools and Equipment,12,Miscellaneous or unclassified,621,Diode lasers
40130622,Tools and Equipment|Miscellaneous or unclassified|Dip tanks,4,Tools and Equipment,12,Miscellaneous or unclassified,622,Dip tanks
40130623,Tools and Equipment|Miscellaneous or unclassified|Dipping tanks,4,Tools and Equipment,12,Miscellaneous or unclassified,623,Dipping tanks
40130624,Tools and Equipment|Miscellaneous or unclassified|Disc sanders,4,Tools and Equipment,12,Miscellaneous or unclassified,624,Disc sanders
40130625,Tools and Equipment|Miscellaneous or unclassified|Discriminators,4,Tools and Equipment,12,Miscellaneous or unclassified,625,Discriminators
40130626,Tools and Equipment|Miscellaneous or unclassified|Dishwashing machines,4,Tools and Equipment,12,Miscellaneous or unclassified,626,Dishwashing machines
40130627,Tools and Equipment|Miscellaneous or unclassified|Disk grinders,4,Tools and Equipment,12,Miscellaneous or unclassified,627,Disk grinders
40130628,Tools and Equipment|Miscellaneous or unclassified|Disk sanders,4,Tools and Equipment,12,Miscellaneous or unclassified,628,Disk sanders
40130629,Tools and Equipment|Miscellaneous or unclassified|Disk storage systems,4,Tools and Equipment,12,Miscellaneous or unclassified,629,Disk storage systems
40130630,Tools and Equipment|Miscellaneous or unclassified|Displacement transducers,4,Tools and Equipment,12,Miscellaneous or unclassified,630,Displacement transducers
40130631,Tools and Equipment|Miscellaneous or unclassified|Dissecting microscopes,4,Tools and Equipment,12,Miscellaneous or unclassified,631,Dissecting microscopes
40130632,Tools and Equipment|Miscellaneous or unclassified|Dissolved oxygen meters,4,Tools and Equipment,12,Miscellaneous or unclassified,632,Dissolved oxygen meters
40130633,Tools and Equipment|Miscellaneous or unclassified|Dissolved oxygen test kits,4,Tools and Equipment,12,Miscellaneous or unclassified,633,Dissolved oxygen test kits
40130634,Tools and Equipment|Miscellaneous or unclassified|Distance meters,4,Tools and Equipment,12,Miscellaneous or unclassified,634,Distance meters
40130635,Tools and Equipment|Miscellaneous or unclassified|Distillation columns,4,Tools and Equipment,12,Miscellaneous or unclassified,635,Distillation columns
40130636,Tools and Equipment|Miscellaneous or unclassified|Distillation equipment,4,Tools and Equipment,12,Miscellaneous or unclassified,636,Distillation equipment
40130637,Tools and Equipment|Miscellaneous or unclassified|Distillation systems,4,Tools and Equipment,12,Miscellaneous or unclassified,637,Distillation systems
40130638,Tools and Equipment|Miscellaneous or unclassified|Distillation units,4,Tools and Equipment,12,Miscellaneous or unclassified,638,Distillation units
40130639,Tools and Equipment|Miscellaneous or unclassified|Dive computers,4,Tools and Equipment,12,Miscellaneous or unclassified,639,Dive computers
40130640,Tools and Equipment|Miscellaneous or unclassified|Dock boards,4,Tools and Equipment,12,Miscellaneous or unclassified,640,Dock boards
40130641,Tools and Equipment|Miscellaneous or unclassified|Document binding equipment,4,Tools and Equipment,12,Miscellaneous or unclassified,641,Document binding equipment
40130642,Tools and Equipment|Miscellaneous or unclassified|Document cameras,4,Tools and Equipment,12,Miscellaneous or unclassified,642,Document cameras
40130643,Tools and Equipment|Miscellaneous or unclassified|Document printers,4,Tools and Equipment,12,Miscellaneous or unclassified,643,Document printers
40130644,Tools and Equipment|Miscellaneous or unclassified|Document scanners,4,Tools and Equipment,12,Miscellaneous or unclassified,644,Document scanners
40130645,Tools and Equipment|Miscellaneous or unclassified|Dolls,4,Tools and Equipment,12,Miscellaneous or unclassified,645,Dolls
40130646,Tools and Equipment|Miscellaneous or unclassified|Dolly blocks,4,Tools and Equipment,12,Miscellaneous or unclassified,646,Dolly blocks
40130647,Tools and Equipment|Miscellaneous or unclassified|Domestic sewing machines,4,Tools and Equipment,12,Miscellaneous or unclassified,647,Domestic sewing machines
40130648,Tools and Equipment|Miscellaneous or unclassified|Domestic washers,4,Tools and Equipment,12,Miscellaneous or unclassified,648,Domestic washers
40130649,Tools and Equipment|Miscellaneous or unclassified|Dose calibrators,4,Tools and Equipment,12,Miscellaneous or unclassified,649,Dose calibrators
40130650,Tools and Equipment|Miscellaneous or unclassified|Dosimeters,4,Tools and Equipment,12,Miscellaneous or unclassified,650,Dosimeters
40130651,Tools and Equipment|Miscellaneous or unclassified|Double deckers,4,Tools and Equipment,12,Miscellaneous or unclassified,651,Double deckers
40130652,Tools and Equipment|Miscellaneous or unclassified|Double needle sewing machines,4,Tools and Equipment,12,Miscellaneous or unclassified,652,Double needle sewing machines
40130653,Tools and Equipment|Miscellaneous or unclassified|Dough dividers,4,Tools and Equipment,12,Miscellaneous or unclassified,653,Dough dividers
40130654,Tools and Equipment|Miscellaneous or unclassified|Dough sheeters,4,Tools and Equipment,12,Miscellaneous or unclassified,654,Dough sheeters
40130655,Tools and Equipment|Miscellaneous or unclassified|Downriggers,4,Tools and Equipment,12,Miscellaneous or unclassified,655,Downriggers
40130656,Tools and Equipment|Miscellaneous or unclassified|Draft gauges,4,Tools and Equipment,12,Miscellaneous or unclassified,656,Draft gauges
40130657,Tools and Equipment|Miscellaneous or unclassified|Drafting kits,4,Tools and Equipment,12,Miscellaneous or unclassified,657,Drafting kits
40130658,Tools and Equipment|Miscellaneous or unclassified|Drafting templates,4,Tools and Equipment,12,Miscellaneous or unclassified,658,Drafting templates
40130659,Tools and Equipment|Miscellaneous or unclassified|Drag conveyors,4,Tools and Equipment,12,Miscellaneous or unclassified,659,Drag conveyors
40130660,Tools and Equipment|Miscellaneous or unclassified|Dragline cranes,4,Tools and Equipment,12,Miscellaneous or unclassified,660,Dragline cranes
40130661,Tools and Equipment|Miscellaneous or unclassified|Draglines,4,Tools and Equipment,12,Miscellaneous or unclassified,661,Draglines
40130662,Tools and Equipment|Miscellaneous or unclassified|Drain augers,4,Tools and Equipment,12,Miscellaneous or unclassified,662,Drain augers
40130663,Tools and Equipment|Miscellaneous or unclassified|Drain cleaning machines,4,Tools and Equipment,12,Miscellaneous or unclassified,663,Drain cleaning machines
40130664,Tools and Equipment|Miscellaneous or unclassified|Drawing scales,4,Tools and Equipment,12,Miscellaneous or unclassified,664,Drawing scales
40130665,Tools and Equipment|Miscellaneous or unclassified|Drawing tablets,4,Tools and Equipment,12,Miscellaneous or unclassified,665,Drawing tablets
40130666,Tools and Equipment|Miscellaneous or unclassified|Dredges,4,Tools and Equipment,12,Miscellaneous or unclassified,666,Dredges
40130667,Tools and Equipment|Miscellaneous or unclassified|Dress forms,4,Tools and Equipment,12,Miscellaneous or unclassified,667,Dress forms
40130668,Tools and Equipment|Miscellaneous or unclassified|Drift pins,4,Tools and Equipment,12,Miscellaneous or unclassified,668,Drift pins
40130669,Tools and Equipment|Miscellaneous or unclassified|Drift punches,4,Tools and Equipment,12,Miscellaneous or unclassified,669,Drift punches
40130670,Tools and Equipment|Miscellaneous or unclassified|Drink dispensers,4,Tools and Equipment,12,Miscellaneous or unclassified,670,Drink dispensers
40130671,Tools and Equipment|Miscellaneous or unclassified|Drip torches,4,Tools and Equipment,12,Miscellaneous or unclassified,671,Drip torches
40130672,Tools and Equipment|Miscellaneous or unclassified|Drop cloths,4,Tools and Equipment,12,Miscellaneous or unclassified,672,Drop cloths
40130673,Tools and Equipment|Miscellaneous or unclassified|Drop hammers,4,Tools and Equipment,12,Miscellaneous or unclassified,673,Drop hammers
40130674,Tools and Equipment|Miscellaneous or unclassified|Drop tables,4,Tools and Equipment,12,Miscellaneous or unclassified,674,Drop tables
40130675,Tools and Equipment|Miscellaneous or unclassified|Drum rollers,4,Tools and Equipment,12,Miscellaneous or unclassified,675,Drum rollers
40130676,Tools and Equipment|Miscellaneous or unclassified|Drum sanders,4,Tools and Equipment,12,Miscellaneous or unclassified,676,Drum sanders
40130677,Tools and Equipment|Miscellaneous or unclassified|Dry cleaning equipment,4,Tools and Equipment,12,Miscellaneous or unclassified,677,Dry cleaning equipment
40130678,Tools and Equipment|Miscellaneous or unclassified|Dry heat sterilizers,4,Tools and Equipment,12,Miscellaneous or unclassified,678,Dry heat sterilizers
40130679,Tools and Equipment|Miscellaneous or unclassified|Dry-cleaning machines,4,Tools and Equipment,12,Miscellaneous or unclassified,679,Dry-cleaning machines
40130680,Tools and Equipment|Miscellaneous or unclassified|Drying cabinets,4,Tools and Equipment,12,Miscellaneous or unclassified,680,Drying cabinets
40130681,Tools and Equipment|Miscellaneous or unclassified|Drying ovens,4,Tools and Equipment,12,Miscellaneous or unclassified,681,Drying ovens
40130682,Tools and Equipment|Miscellaneous or unclassified|Drying racks,4,Tools and Equipment,12,Miscellaneous or unclassified,682,Drying racks
40130683,Tools and Equipment|Miscellaneous or unclassified|Drywall lifts,4,Tools and Equipment,12,Miscellaneous or unclassified,683,Drywall lifts
40130684,Tools and Equipment|Miscellaneous or unclassified|Dumbbells,4,Tools and Equipment,12,Miscellaneous or unclassified,684,Dumbbells
40130685,Tools and Equipment|Miscellaneous or unclassified|Durometers,4,Tools and Equipment,12,Miscellaneous or unclassified,685,Durometers
40130686,Tools and Equipment|Miscellaneous or unclassified|Dust collection systems,4,Tools and Equipment,12,Miscellaneous or unclassified,686,Dust collection systems
40130687,Tools and Equipment|Miscellaneous or unclassified|Dust collectors,4,Tools and Equipment,12,Miscellaneous or unclassified,687,Dust collectors
40130688,Tools and Equipment|Miscellaneous or unclassified|Dust suppression systems,4,Tools and Equipment,12,Miscellaneous or unclassified,688,Dust suppression systems
40130689,Tools and Equipment|Miscellaneous or unclassified|Dynamic message signs,4,Tools and Equipment,12,Miscellaneous or unclassified,689,Dynamic message signs
40130690,Tools and Equipment|Miscellaneous or unclassified|Dynamometers,4,Tools and Equipment,12,Miscellaneous or unclassified,690,Dynamometers
40130691,Tools and Equipment|Miscellaneous or unclassified|Ear syringes,4,Tools and Equipment,12,Miscellaneous or unclassified,691,Ear syringes
40130692,Tools and Equipment|Miscellaneous or unclassified|Earpieces,4,Tools and Equipment,12,Miscellaneous or unclassified,692,Earpieces
40130693,Tools and Equipment|Miscellaneous or unclassified|Earth tampers,4,Tools and Equipment,12,Miscellaneous or unclassified,693,Earth tampers
40130694,Tools and Equipment|Miscellaneous or unclassified|Echo sounders,4,Tools and Equipment,12,Miscellaneous or unclassified,694,Echo sounders
40130695,Tools and Equipment|Miscellaneous or unclassified|Echocardiogram equipment,4,Tools and Equipment,12,Miscellaneous or unclassified,695,Echocardiogram equipment
40130696,Tools and Equipment|Miscellaneous or unclassified|Echocardiography equipment,4,Tools and Equipment,12,Miscellaneous or unclassified,696,Echocardiography equipment
40130697,Tools and Equipment|Miscellaneous or unclassified|Edge banders,4,Tools and Equipment,12,Miscellaneous or unclassified,697,Edge banders
40130698,Tools and Equipment|Miscellaneous or unclassified|Edge banding machines,4,Tools and Equipment,12,Miscellaneous or unclassified,698,Edge banding machines
40130699,Tools and Equipment|Miscellaneous or unclassified|Edge finders,4,Tools and Equipment,12,Miscellaneous or unclassified,699,Edge finders
40130700,Tools and Equipment|Miscellaneous or unclassified|Edge polishers,4,Tools and Equipment,12,Miscellaneous or unclassified,700,Edge polishers
40130701,Tools and Equipment|Miscellaneous or unclassified|Educational toys,4,Tools and Equipment,12,Miscellaneous or unclassified,701,Educational toys
40130702,Tools and Equipment|Miscellaneous or unclassified|Effluent treatment systems,4,Tools and Equipment,12,Miscellaneous or unclassified,702,Effluent treatment systems
40130703,Tools and Equipment|Miscellaneous or unclassified|Egg gathering equipment,4,Tools and Equipment,12,Miscellaneous or unclassified,703,Egg gathering equipment
40130704,Tools and Equipment|Miscellaneous or unclassified|Egg incubators,4,Tools and Equipment,12,Miscellaneous or unclassified,704,Egg incubators
40130705,Tools and Equipment|Miscellaneous or unclassified|Elbow pads,4,Tools and Equipment,12,Miscellaneous or unclassified,705,Elbow pads
40130706,Tools and Equipment|Miscellaneous or unclassified|Electric arc furnaces,4,Tools and Equipment,12,Miscellaneous or unclassified,706,Electric arc furnaces
40130707,Tools and Equipment|Miscellaneous or unclassified|Electric arc welding equipment,4,Tools and Equipment,12,Miscellaneous or unclassified,707,Electric arc welding equipment
40130708,Tools and Equipment|Miscellaneous or unclassified|Electric boilers,4,Tools and Equipment,12,Miscellaneous or unclassified,708,Electric boilers
40130709,Tools and Equipment|Miscellaneous or unclassified|Electric buffers,4,Tools and Equipment,12,Miscellaneous or unclassified,709,Electric buffers
40130710,Tools and Equipment|Miscellaneous or unclassified|Electric fryers,4,Tools and Equipment,12,Miscellaneous or unclassified,710,Electric fryers
40130711,Tools and Equipment|Miscellaneous or unclassified|Electric grills,4,Tools and Equipment,12,Miscellaneous or unclassified,711,Electric grills
40130712,Tools and Equipment|Miscellaneous or unclassified|Electric grinders,4,Tools and Equipment,12,Miscellaneous or unclassified,712,Electric grinders
40130713,Tools and Equipment|Miscellaneous or unclassified|Electric hoists,4,Tools and Equipment,12,Miscellaneous or unclassified,713,Electric hoists
40130714,Tools and Equipment|Miscellaneous or unclassified|Electric kilns,4,Tools and Equipment,12,Miscellaneous or unclassified,714,Electric kilns
40130715,Tools and Equipment|Miscellaneous or unclassified|Electric knives,4,Tools and Equipment,12,Miscellaneous or unclassified,715,Electric knives
40130716,Tools and Equipment|Miscellaneous or unclassified|Electric marking tools,4,Tools and Equipment,12,Miscellaneous or unclassified,716,Electric marking tools
40130717,Tools and Equipment|Miscellaneous or unclassified|Electric ovens,4,Tools and Equipment,12,Miscellaneous or unclassified,717,Electric ovens
40130718,Tools and Equipment|Miscellaneous or unclassified|Electric ranges,4,Tools and Equipment,12,Miscellaneous or unclassified,718,Electric ranges
40130719,Tools and Equipment|Miscellaneous or unclassified|Electric sanders,4,Tools and Equipment,12,Miscellaneous or unclassified,719,Electric sanders
40130720,Tools and Equipment|Miscellaneous or unclassified|Electric saws,4,Tools and Equipment,12,Miscellaneous or unclassified,720,Electric saws
40130721,Tools and Equipment|Miscellaneous or unclassified|Electric stoves,4,Tools and Equipment,12,Miscellaneous or unclassified,721,Electric stoves
40130722,Tools and Equipment|Miscellaneous or unclassified|Electric submersible pumps,4,Tools and Equipment,12,Miscellaneous or unclassified,722,Electric submersible pumps
40130723,Tools and Equipment|Miscellaneous or unclassified|Electric trimmers,4,Tools and Equipment,12,Miscellaneous or unclassified,723,Electric trimmers
40130724,Tools and Equipment|Miscellaneous or unclassified|Electric welders,4,Tools and Equipment,12,Miscellaneous or unclassified,724,Electric welders
40130725,Tools and Equipment|Miscellaneous or unclassified|Electric wheelchairs,4,Tools and Equipment,12,Miscellaneous or unclassified,725,Electric wheelchairs
40130726,Tools and Equipment|Miscellaneous or unclassified|Electrical Discharge Machining EDM machines,4,Tools and Equipment,12,Miscellaneous or unclassified,726,Electrical Discharge Machining EDM machines
40130727,Tools and Equipment|Miscellaneous or unclassified|Electrical circuit breakers,4,Tools and Equipment,12,Miscellaneous or unclassified,727,Electrical circuit breakers
40130728,Tools and Equipment|Miscellaneous or unclassified|Electrical diagnostic tools,4,Tools and Equipment,12,Miscellaneous or unclassified,728,Electrical diagnostic tools
40130729,Tools and Equipment|Miscellaneous or unclassified|Electrical discharge machines EDM,4,Tools and Equipment,12,Miscellaneous or unclassified,729,Electrical discharge machines EDM
40130730,Tools and Equipment|Miscellaneous or unclassified|Electrical panel boards,4,Tools and Equipment,12,Miscellaneous or unclassified,730,Electrical panel boards
40130731,Tools and Equipment|Miscellaneous or unclassified|Electrical switch gear,4,Tools and Equipment,12,Miscellaneous or unclassified,731,Electrical switch gear
40130732,Tools and Equipment|Miscellaneous or unclassified|Electrical vehicles,4,Tools and Equipment,12,Miscellaneous or unclassified,732,Electrical vehicles
40130733,Tools and Equipment|Miscellaneous or unclassified|Electro-hydraulic control systems,4,Tools and Equipment,12,Miscellaneous or unclassified,733,Electro-hydraulic control systems
40130734,Tools and Equipment|Miscellaneous or unclassified|Electrode ovens,4,Tools and Equipment,12,Miscellaneous or unclassified,734,Electrode ovens
40130735,Tools and Equipment|Miscellaneous or unclassified|Electroencephalographs,4,Tools and Equipment,12,Miscellaneous or unclassified,735,Electroencephalographs
40130736,Tools and Equipment|Miscellaneous or unclassified|Electrometers,4,Tools and Equipment,12,Miscellaneous or unclassified,736,Electrometers
40130737,Tools and Equipment|Miscellaneous or unclassified|Electron microscopes,4,Tools and Equipment,12,Miscellaneous or unclassified,737,Electron microscopes
40130738,Tools and Equipment|Miscellaneous or unclassified|Electronic access control systems,4,Tools and Equipment,12,Miscellaneous or unclassified,738,Electronic access control systems
40130739,Tools and Equipment|Miscellaneous or unclassified|Electronic cash registers,4,Tools and Equipment,12,Miscellaneous or unclassified,739,Electronic cash registers
40130740,Tools and Equipment|Miscellaneous or unclassified|Electronic counters,4,Tools and Equipment,12,Miscellaneous or unclassified,740,Electronic counters
40130741,Tools and Equipment|Miscellaneous or unclassified|Electronic display boards,4,Tools and Equipment,12,Miscellaneous or unclassified,741,Electronic display boards
40130742,Tools and Equipment|Miscellaneous or unclassified|Electronic distance measuring equipment,4,Tools and Equipment,12,Miscellaneous or unclassified,742,Electronic distance measuring equipment
40130743,Tools and Equipment|Miscellaneous or unclassified|Electronic keyboards,4,Tools and Equipment,12,Miscellaneous or unclassified,743,Electronic keyboards
40130744,Tools and Equipment|Miscellaneous or unclassified|Electronic logging device (ELD),4,Tools and Equipment,12,Miscellaneous or unclassified,744,Electronic logging device (ELD)
40130745,Tools and Equipment|Miscellaneous or unclassified|Electronic measuring devices,4,Tools and Equipment,12,Miscellaneous or unclassified,745,Electronic measuring devices
40130746,Tools and Equipment|Miscellaneous or unclassified|Electronic scales,4,Tools and Equipment,12,Miscellaneous or unclassified,746,Electronic scales
40130747,Tools and Equipment|Miscellaneous or unclassified|Electronic scoreboards,4,Tools and Equipment,12,Miscellaneous or unclassified,747,Electronic scoreboards
40130748,Tools and Equipment|Miscellaneous or unclassified|Electronic storage devices,4,Tools and Equipment,12,Miscellaneous or unclassified,748,Electronic storage devices
40130749,Tools and Equipment|Miscellaneous or unclassified|Electronic tracking devices,4,Tools and Equipment,12,Miscellaneous or unclassified,749,Electronic tracking devices
40130750,Tools and Equipment|Miscellaneous or unclassified|Electronic whiteboards,4,Tools and Equipment,12,Miscellaneous or unclassified,750,Electronic whiteboards
40130751,Tools and Equipment|Miscellaneous or unclassified|Electrophoresis equipment,4,Tools and Equipment,12,Miscellaneous or unclassified,751,Electrophoresis equipment
40130752,Tools and Equipment|Miscellaneous or unclassified|Electrophoresis instruments,4,Tools and Equipment,12,Miscellaneous or unclassified,752,Electrophoresis instruments
40130753,Tools and Equipment|Miscellaneous or unclassified|Electrostatic spray guns,4,Tools and Equipment,12,Miscellaneous or unclassified,753,Electrostatic spray guns
40130754,Tools and Equipment|Miscellaneous or unclassified|Electrosurgical devices,4,Tools and Equipment,12,Miscellaneous or unclassified,754,Electrosurgical devices
40130755,Tools and Equipment|Miscellaneous or unclassified|Electrosurgical grounding pads,4,Tools and Equipment,12,Miscellaneous or unclassified,755,Electrosurgical grounding pads
40130756,Tools and Equipment|Miscellaneous or unclassified|Electrosurgical units,4,Tools and Equipment,12,Miscellaneous or unclassified,756,Electrosurgical units
40130757,Tools and Equipment|Miscellaneous or unclassified|Ellipsometers,4,Tools and Equipment,12,Miscellaneous or unclassified,757,Ellipsometers
40130758,Tools and Equipment|Miscellaneous or unclassified|Ellipticals,4,Tools and Equipment,12,Miscellaneous or unclassified,758,Ellipticals
40130759,Tools and Equipment|Miscellaneous or unclassified|Embroidery machines,4,Tools and Equipment,12,Miscellaneous or unclassified,759,Embroidery machines
40130760,Tools and Equipment|Miscellaneous or unclassified|Emergency alarm systems,4,Tools and Equipment,12,Miscellaneous or unclassified,760,Emergency alarm systems
40130761,Tools and Equipment|Miscellaneous or unclassified|Emergency carts,4,Tools and Equipment,12,Miscellaneous or unclassified,761,Emergency carts
40130762,Tools and Equipment|Miscellaneous or unclassified|Emergency diesel generators,4,Tools and Equipment,12,Miscellaneous or unclassified,762,Emergency diesel generators
40130763,Tools and Equipment|Miscellaneous or unclassified|Emergency exit doors,4,Tools and Equipment,12,Miscellaneous or unclassified,763,Emergency exit doors
40130764,Tools and Equipment|Miscellaneous or unclassified|Emergency eye wash stations,4,Tools and Equipment,12,Miscellaneous or unclassified,764,Emergency eye wash stations
40130765,Tools and Equipment|Miscellaneous or unclassified|Emergency first aid equipment,4,Tools and Equipment,12,Miscellaneous or unclassified,765,Emergency first aid equipment
40130766,Tools and Equipment|Miscellaneous or unclassified|Emergency first aid kits,4,Tools and Equipment,12,Miscellaneous or unclassified,766,Emergency first aid kits
40130767,Tools and Equipment|Miscellaneous or unclassified|Emergency shower stations,4,Tools and Equipment,12,Miscellaneous or unclassified,767,Emergency shower stations
40130768,Tools and Equipment|Miscellaneous or unclassified|Emissions monitoring systems,4,Tools and Equipment,12,Miscellaneous or unclassified,768,Emissions monitoring systems
40130769,Tools and Equipment|Miscellaneous or unclassified|Emulsifiers,4,Tools and Equipment,12,Miscellaneous or unclassified,769,Emulsifiers
40130770,Tools and Equipment|Miscellaneous or unclassified|End mills,4,Tools and Equipment,12,Miscellaneous or unclassified,770,End mills
40130771,Tools and Equipment|Miscellaneous or unclassified|End wrenches,4,Tools and Equipment,12,Miscellaneous or unclassified,771,End wrenches
40130772,Tools and Equipment|Miscellaneous or unclassified|Endoscopy equipment,4,Tools and Equipment,12,Miscellaneous or unclassified,772,Endoscopy equipment
40130773,Tools and Equipment|Miscellaneous or unclassified|Endotracheal tubes,4,Tools and Equipment,12,Miscellaneous or unclassified,773,Endotracheal tubes
40130774,Tools and Equipment|Miscellaneous or unclassified|Engine dynamometers,4,Tools and Equipment,12,Miscellaneous or unclassified,774,Engine dynamometers
40130775,Tools and Equipment|Miscellaneous or unclassified|Engine stands,4,Tools and Equipment,12,Miscellaneous or unclassified,775,Engine stands
40130776,Tools and Equipment|Miscellaneous or unclassified|Engineering copiers,4,Tools and Equipment,12,Miscellaneous or unclassified,776,Engineering copiers
40130777,Tools and Equipment|Miscellaneous or unclassified|Engineering scales,4,Tools and Equipment,12,Miscellaneous or unclassified,777,Engineering scales
40130778,Tools and Equipment|Miscellaneous or unclassified|Engraving machines,4,Tools and Equipment,12,Miscellaneous or unclassified,778,Engraving machines
40130779,Tools and Equipment|Miscellaneous or unclassified|Engraving tools,4,Tools and Equipment,12,Miscellaneous or unclassified,779,Engraving tools
40130780,Tools and Equipment|Miscellaneous or unclassified|Enteral feeding equipment,4,Tools and Equipment,12,Miscellaneous or unclassified,780,Enteral feeding equipment
40130781,Tools and Equipment|Miscellaneous or unclassified|Envelope sealers,4,Tools and Equipment,12,Miscellaneous or unclassified,781,Envelope sealers
40130782,Tools and Equipment|Miscellaneous or unclassified|Envelope stuffers,4,Tools and Equipment,12,Miscellaneous or unclassified,782,Envelope stuffers
40130783,Tools and Equipment|Miscellaneous or unclassified|Environmental chambers,4,Tools and Equipment,12,Miscellaneous or unclassified,783,Environmental chambers
40130784,Tools and Equipment|Miscellaneous or unclassified|Environmental growth chambers,4,Tools and Equipment,12,Miscellaneous or unclassified,784,Environmental growth chambers
40130785,Tools and Equipment|Miscellaneous or unclassified|Epi-pens,4,Tools and Equipment,12,Miscellaneous or unclassified,785,Epi-pens
40130786,Tools and Equipment|Miscellaneous or unclassified|Epidural catheters,4,Tools and Equipment,12,Miscellaneous or unclassified,786,Epidural catheters
40130787,Tools and Equipment|Miscellaneous or unclassified|Epidural pumps,4,Tools and Equipment,12,Miscellaneous or unclassified,787,Epidural pumps
40130788,Tools and Equipment|Miscellaneous or unclassified|Equipment pressure gauges,4,Tools and Equipment,12,Miscellaneous or unclassified,788,Equipment pressure gauges
40130789,Tools and Equipment|Miscellaneous or unclassified|Equipment rollers,4,Tools and Equipment,12,Miscellaneous or unclassified,789,Equipment rollers
40130790,Tools and Equipment|Miscellaneous or unclassified|Equipment scales,4,Tools and Equipment,12,Miscellaneous or unclassified,790,Equipment scales
40130791,Tools and Equipment|Miscellaneous or unclassified|Equipment trailers,4,Tools and Equipment,12,Miscellaneous or unclassified,791,Equipment trailers
40130792,Tools and Equipment|Miscellaneous or unclassified|Ergometers,4,Tools and Equipment,12,Miscellaneous or unclassified,792,Ergometers
40130793,Tools and Equipment|Miscellaneous or unclassified|Espresso makers,4,Tools and Equipment,12,Miscellaneous or unclassified,793,Espresso makers
40130794,Tools and Equipment|Miscellaneous or unclassified|Etching equipment,4,Tools and Equipment,12,Miscellaneous or unclassified,794,Etching equipment
40130795,Tools and Equipment|Miscellaneous or unclassified|Evacuation chairs,4,Tools and Equipment,12,Miscellaneous or unclassified,795,Evacuation chairs
40130796,Tools and Equipment|Miscellaneous or unclassified|Evaporative condensers,4,Tools and Equipment,12,Miscellaneous or unclassified,796,Evaporative condensers
40130797,Tools and Equipment|Miscellaneous or unclassified|Evaporators,4,Tools and Equipment,12,Miscellaneous or unclassified,797,Evaporators
40130798,Tools and Equipment|Miscellaneous or unclassified|Event data recorders,4,Tools and Equipment,12,Miscellaneous or unclassified,798,Event data recorders
40130799,Tools and Equipment|Miscellaneous or unclassified|Excitation systems,4,Tools and Equipment,12,Miscellaneous or unclassified,799,Excitation systems
40130800,Tools and Equipment|Miscellaneous or unclassified|Exercise balls,4,Tools and Equipment,12,Miscellaneous or unclassified,800,Exercise balls
40130801,Tools and Equipment|Miscellaneous or unclassified|Exercise bikes,4,Tools and Equipment,12,Miscellaneous or unclassified,801,Exercise bikes
40130802,Tools and Equipment|Miscellaneous or unclassified|Exhaust units,4,Tools and Equipment,12,Miscellaneous or unclassified,802,Exhaust units
40130803,Tools and Equipment|Miscellaneous or unclassified|Explosive detection systems,4,Tools and Equipment,12,Miscellaneous or unclassified,803,Explosive detection systems
40130804,Tools and Equipment|Miscellaneous or unclassified|Exposure units,4,Tools and Equipment,12,Miscellaneous or unclassified,804,Exposure units
40130805,Tools and Equipment|Miscellaneous or unclassified|Extensometers,4,Tools and Equipment,12,Miscellaneous or unclassified,805,Extensometers
40130806,Tools and Equipment|Miscellaneous or unclassified|External hard drives,4,Tools and Equipment,12,Miscellaneous or unclassified,806,External hard drives
40130807,Tools and Equipment|Miscellaneous or unclassified|Extraction equipment,4,Tools and Equipment,12,Miscellaneous or unclassified,807,Extraction equipment
40130808,Tools and Equipment|Miscellaneous or unclassified|Extruding equipment,4,Tools and Equipment,12,Miscellaneous or unclassified,808,Extruding equipment
40130809,Tools and Equipment|Miscellaneous or unclassified|Extrusion blow molding machines,4,Tools and Equipment,12,Miscellaneous or unclassified,809,Extrusion blow molding machines
40130810,Tools and Equipment|Miscellaneous or unclassified|Extrusion machines,4,Tools and Equipment,12,Miscellaneous or unclassified,810,Extrusion machines
40130811,Tools and Equipment|Miscellaneous or unclassified|Eye tracking systems,4,Tools and Equipment,12,Miscellaneous or unclassified,811,Eye tracking systems
40130812,Tools and Equipment|Miscellaneous or unclassified|Eyewash stations,4,Tools and Equipment,12,Miscellaneous or unclassified,812,Eyewash stations
40130813,Tools and Equipment|Miscellaneous or unclassified|Fabric cutters,4,Tools and Equipment,12,Miscellaneous or unclassified,813,Fabric cutters
40130814,Tools and Equipment|Miscellaneous or unclassified|Fabric shears,4,Tools and Equipment,12,Miscellaneous or unclassified,814,Fabric shears
40130815,Tools and Equipment|Miscellaneous or unclassified|Facial recognition systems,4,Tools and Equipment,12,Miscellaneous or unclassified,815,Facial recognition systems
40130816,Tools and Equipment|Miscellaneous or unclassified|Facial shields,4,Tools and Equipment,12,Miscellaneous or unclassified,816,Facial shields
40130817,Tools and Equipment|Miscellaneous or unclassified|Fall arrest harnesses,4,Tools and Equipment,12,Miscellaneous or unclassified,817,Fall arrest harnesses
40130818,Tools and Equipment|Miscellaneous or unclassified|Fall arrest systems,4,Tools and Equipment,12,Miscellaneous or unclassified,818,Fall arrest systems
40130819,Tools and Equipment|Miscellaneous or unclassified|Fall protection harnesses,4,Tools and Equipment,12,Miscellaneous or unclassified,819,Fall protection harnesses
40130820,Tools and Equipment|Miscellaneous or unclassified|Farm trucks,4,Tools and Equipment,12,Miscellaneous or unclassified,820,Farm trucks
40130821,Tools and Equipment|Miscellaneous or unclassified|Feed wagons,4,Tools and Equipment,12,Miscellaneous or unclassified,821,Feed wagons
40130822,Tools and Equipment|Miscellaneous or unclassified|Feeler gauges,4,Tools and Equipment,12,Miscellaneous or unclassified,822,Feeler gauges
40130823,Tools and Equipment|Miscellaneous or unclassified|Fermentation systems,4,Tools and Equipment,12,Miscellaneous or unclassified,823,Fermentation systems
40130824,Tools and Equipment|Miscellaneous or unclassified|Fermentation tanks,4,Tools and Equipment,12,Miscellaneous or unclassified,824,Fermentation tanks
40130825,Tools and Equipment|Miscellaneous or unclassified|Fermenting tanks,4,Tools and Equipment,12,Miscellaneous or unclassified,825,Fermenting tanks
40130826,Tools and Equipment|Miscellaneous or unclassified|Fertilizer spreaders,4,Tools and Equipment,12,Miscellaneous or unclassified,826,Fertilizer spreaders
40130827,Tools and Equipment|Miscellaneous or unclassified|Fetal monitors,4,Tools and Equipment,12,Miscellaneous or unclassified,827,Fetal monitors
40130828,Tools and Equipment|Miscellaneous or unclassified|Fiberglass extension ladders,4,Tools and Equipment,12,Miscellaneous or unclassified,828,Fiberglass extension ladders
40130829,Tools and Equipment|Miscellaneous or unclassified|Fiberoptic bronchoscopes,4,Tools and Equipment,12,Miscellaneous or unclassified,829,Fiberoptic bronchoscopes
40130830,Tools and Equipment|Miscellaneous or unclassified|Fids,4,Tools and Equipment,12,Miscellaneous or unclassified,830,Fids
40130831,Tools and Equipment|Miscellaneous or unclassified|Field computers,4,Tools and Equipment,12,Miscellaneous or unclassified,831,Field computers
40130832,Tools and Equipment|Miscellaneous or unclassified|Field data collectors,4,Tools and Equipment,12,Miscellaneous or unclassified,832,Field data collectors
40130833,Tools and Equipment|Miscellaneous or unclassified|Field data recorders,4,Tools and Equipment,12,Miscellaneous or unclassified,833,Field data recorders
40130834,Tools and Equipment|Miscellaneous or unclassified|Field strength meters,4,Tools and Equipment,12,Miscellaneous or unclassified,834,Field strength meters
40130835,Tools and Equipment|Miscellaneous or unclassified|Figure skates,4,Tools and Equipment,12,Miscellaneous or unclassified,835,Figure skates
40130836,Tools and Equipment|Miscellaneous or unclassified|File cards,4,Tools and Equipment,12,Miscellaneous or unclassified,836,File cards
40130837,Tools and Equipment|Miscellaneous or unclassified|Fill pumps,4,Tools and Equipment,12,Miscellaneous or unclassified,837,Fill pumps
40130838,Tools and Equipment|Miscellaneous or unclassified|Fillet gauges,4,Tools and Equipment,12,Miscellaneous or unclassified,838,Fillet gauges
40130839,Tools and Equipment|Miscellaneous or unclassified|Film badges,4,Tools and Equipment,12,Miscellaneous or unclassified,839,Film badges
40130840,Tools and Equipment|Miscellaneous or unclassified|Film cameras,4,Tools and Equipment,12,Miscellaneous or unclassified,840,Film cameras
40130841,Tools and Equipment|Miscellaneous or unclassified|Film extruders,4,Tools and Equipment,12,Miscellaneous or unclassified,841,Film extruders
40130842,Tools and Equipment|Miscellaneous or unclassified|Film processors,4,Tools and Equipment,12,Miscellaneous or unclassified,842,Film processors
40130843,Tools and Equipment|Miscellaneous or unclassified|Film projectors,4,Tools and Equipment,12,Miscellaneous or unclassified,843,Film projectors
40130844,Tools and Equipment|Miscellaneous or unclassified|Film scanners,4,Tools and Equipment,12,Miscellaneous or unclassified,844,Film scanners
40130845,Tools and Equipment|Miscellaneous or unclassified|Filmers,4,Tools and Equipment,12,Miscellaneous or unclassified,845,Filmers
40130846,Tools and Equipment|Miscellaneous or unclassified|Filter presses,4,Tools and Equipment,12,Miscellaneous or unclassified,846,Filter presses
40130847,Tools and Equipment|Miscellaneous or unclassified|Filter tanks,4,Tools and Equipment,12,Miscellaneous or unclassified,847,Filter tanks
40130848,Tools and Equipment|Miscellaneous or unclassified|Filter wrenches,4,Tools and Equipment,12,Miscellaneous or unclassified,848,Filter wrenches
40130849,Tools and Equipment|Miscellaneous or unclassified|Filtering devices,4,Tools and Equipment,12,Miscellaneous or unclassified,849,Filtering devices
40130850,Tools and Equipment|Miscellaneous or unclassified|Filtering equipment,4,Tools and Equipment,12,Miscellaneous or unclassified,850,Filtering equipment
40130851,Tools and Equipment|Miscellaneous or unclassified|Finger picks,4,Tools and Equipment,12,Miscellaneous or unclassified,851,Finger picks
40130852,Tools and Equipment|Miscellaneous or unclassified|Fingerprint scanners,4,Tools and Equipment,12,Miscellaneous or unclassified,852,Fingerprint scanners
40130853,Tools and Equipment|Miscellaneous or unclassified|Finishing hammers,4,Tools and Equipment,12,Miscellaneous or unclassified,853,Finishing hammers
40130854,Tools and Equipment|Miscellaneous or unclassified|Finishing mills,4,Tools and Equipment,12,Miscellaneous or unclassified,854,Finishing mills
40130855,Tools and Equipment|Miscellaneous or unclassified|Finishing trowels,4,Tools and Equipment,12,Miscellaneous or unclassified,855,Finishing trowels
40130856,Tools and Equipment|Miscellaneous or unclassified|Fire alarm monitoring systems,4,Tools and Equipment,12,Miscellaneous or unclassified,856,Fire alarm monitoring systems
40130857,Tools and Equipment|Miscellaneous or unclassified|Fire blankets,4,Tools and Equipment,12,Miscellaneous or unclassified,857,Fire blankets
40130858,Tools and Equipment|Miscellaneous or unclassified|Fire detectors,4,Tools and Equipment,12,Miscellaneous or unclassified,858,Fire detectors
40130859,Tools and Equipment|Miscellaneous or unclassified|Fire engines,4,Tools and Equipment,12,Miscellaneous or unclassified,859,Fire engines
40130860,Tools and Equipment|Miscellaneous or unclassified|Fire helmets,4,Tools and Equipment,12,Miscellaneous or unclassified,860,Fire helmets
40130861,Tools and Equipment|Miscellaneous or unclassified|Fire hoses,4,Tools and Equipment,12,Miscellaneous or unclassified,861,Fire hoses
40130862,Tools and Equipment|Miscellaneous or unclassified|Fire resistant clothing,4,Tools and Equipment,12,Miscellaneous or unclassified,862,Fire resistant clothing
40130863,Tools and Equipment|Miscellaneous or unclassified|Fire retardant clothing,4,Tools and Equipment,12,Miscellaneous or unclassified,863,Fire retardant clothing
40130864,Tools and Equipment|Miscellaneous or unclassified|Fire retardant coveralls,4,Tools and Equipment,12,Miscellaneous or unclassified,864,Fire retardant coveralls
40130865,Tools and Equipment|Miscellaneous or unclassified|Fire starters,4,Tools and Equipment,12,Miscellaneous or unclassified,865,Fire starters
40130866,Tools and Equipment|Miscellaneous or unclassified|Fire tube boilers,4,Tools and Equipment,12,Miscellaneous or unclassified,866,Fire tube boilers
40130867,Tools and Equipment|Miscellaneous or unclassified|Fire vehicles,4,Tools and Equipment,12,Miscellaneous or unclassified,867,Fire vehicles
40130868,Tools and Equipment|Miscellaneous or unclassified|Firefighting boots,4,Tools and Equipment,12,Miscellaneous or unclassified,868,Firefighting boots
40130869,Tools and Equipment|Miscellaneous or unclassified|Firewall equipment,4,Tools and Equipment,12,Miscellaneous or unclassified,869,Firewall equipment
40130870,Tools and Equipment|Miscellaneous or unclassified|Fish feeders,4,Tools and Equipment,12,Miscellaneous or unclassified,870,Fish feeders
40130871,Tools and Equipment|Miscellaneous or unclassified|Fish finders,4,Tools and Equipment,12,Miscellaneous or unclassified,871,Fish finders
40130872,Tools and Equipment|Miscellaneous or unclassified|Fitness machines,4,Tools and Equipment,12,Miscellaneous or unclassified,872,Fitness machines
40130873,Tools and Equipment|Miscellaneous or unclassified|Flail mowers,4,Tools and Equipment,12,Miscellaneous or unclassified,873,Flail mowers
40130874,Tools and Equipment|Miscellaneous or unclassified|Flame cutters,4,Tools and Equipment,12,Miscellaneous or unclassified,874,Flame cutters
40130875,Tools and Equipment|Miscellaneous or unclassified|Flares,4,Tools and Equipment,12,Miscellaneous or unclassified,875,Flares
40130876,Tools and Equipment|Miscellaneous or unclassified|Flaring tools,4,Tools and Equipment,12,Miscellaneous or unclassified,876,Flaring tools
40130877,Tools and Equipment|Miscellaneous or unclassified|Flash autoclaves,4,Tools and Equipment,12,Miscellaneous or unclassified,877,Flash autoclaves
40130878,Tools and Equipment|Miscellaneous or unclassified|Flash drives,4,Tools and Equipment,12,Miscellaneous or unclassified,878,Flash drives
40130879,Tools and Equipment|Miscellaneous or unclassified|Flash sterilizers,4,Tools and Equipment,12,Miscellaneous or unclassified,879,Flash sterilizers
40130880,Tools and Equipment|Miscellaneous or unclassified|Flasks,4,Tools and Equipment,12,Miscellaneous or unclassified,880,Flasks
40130881,Tools and Equipment|Miscellaneous or unclassified|Flat irons,4,Tools and Equipment,12,Miscellaneous or unclassified,881,Flat irons
40130882,Tools and Equipment|Miscellaneous or unclassified|Flatbed scanners,4,Tools and Equipment,12,Miscellaneous or unclassified,882,Flatbed scanners
40130883,Tools and Equipment|Miscellaneous or unclassified|Flatbed trucks,4,Tools and Equipment,12,Miscellaneous or unclassified,883,Flatbed trucks
40130884,Tools and Equipment|Miscellaneous or unclassified|Flatwork ironers,4,Tools and Equipment,12,Miscellaneous or unclassified,884,Flatwork ironers
40130885,Tools and Equipment|Miscellaneous or unclassified|Flexible endoscopes,4,Tools and Equipment,12,Miscellaneous or unclassified,885,Flexible endoscopes
40130886,Tools and Equipment|Miscellaneous or unclassified|Flexo presses,4,Tools and Equipment,12,Miscellaneous or unclassified,886,Flexo presses
40130887,Tools and Equipment|Miscellaneous or unclassified|Flight director FD systems,4,Tools and Equipment,12,Miscellaneous or unclassified,887,Flight director FD systems
40130888,Tools and Equipment|Miscellaneous or unclassified|Flight management systems FMS,4,Tools and Equipment,12,Miscellaneous or unclassified,888,Flight management systems FMS
40130889,Tools and Equipment|Miscellaneous or unclassified|Floor burnishers,4,Tools and Equipment,12,Miscellaneous or unclassified,889,Floor burnishers
40130890,Tools and Equipment|Miscellaneous or unclassified|Floor polishing machines,4,Tools and Equipment,12,Miscellaneous or unclassified,890,Floor polishing machines
40130891,Tools and Equipment|Miscellaneous or unclassified|Floor sanders,4,Tools and Equipment,12,Miscellaneous or unclassified,891,Floor sanders
40130892,Tools and Equipment|Miscellaneous or unclassified|Floor saws,4,Tools and Equipment,12,Miscellaneous or unclassified,892,Floor saws
40130893,Tools and Equipment|Miscellaneous or unclassified|Floor scales,4,Tools and Equipment,12,Miscellaneous or unclassified,893,Floor scales
40130894,Tools and Equipment|Miscellaneous or unclassified|Floor scrapers,4,Tools and Equipment,12,Miscellaneous or unclassified,894,Floor scrapers
40130895,Tools and Equipment|Miscellaneous or unclassified|Floor scrubbing machines,4,Tools and Equipment,12,Miscellaneous or unclassified,895,Floor scrubbing machines
40130896,Tools and Equipment|Miscellaneous or unclassified|Floor strippers,4,Tools and Equipment,12,Miscellaneous or unclassified,896,Floor strippers
40130897,Tools and Equipment|Miscellaneous or unclassified|Floor waxers,4,Tools and Equipment,12,Miscellaneous or unclassified,897,Floor waxers
40130898,Tools and Equipment|Miscellaneous or unclassified|Flour dusters,4,Tools and Equipment,12,Miscellaneous or unclassified,898,Flour dusters
40130899,Tools and Equipment|Miscellaneous or unclassified|Flow benches,4,Tools and Equipment,12,Miscellaneous or unclassified,899,Flow benches
40130900,Tools and Equipment|Miscellaneous or unclassified|Flow control devices,4,Tools and Equipment,12,Miscellaneous or unclassified,900,Flow control devices
40130901,Tools and Equipment|Miscellaneous or unclassified|Flow cytometers,4,Tools and Equipment,12,Miscellaneous or unclassified,901,Flow cytometers
40130902,Tools and Equipment|Miscellaneous or unclassified|Flow cytometry equipment,4,Tools and Equipment,12,Miscellaneous or unclassified,902,Flow cytometry equipment
40130903,Tools and Equipment|Miscellaneous or unclassified|Flow gauges,4,Tools and Equipment,12,Miscellaneous or unclassified,903,Flow gauges
40130904,Tools and Equipment|Miscellaneous or unclassified|Flow indicators,4,Tools and Equipment,12,Miscellaneous or unclassified,904,Flow indicators
40130905,Tools and Equipment|Miscellaneous or unclassified|Flow monitoring equipment,4,Tools and Equipment,12,Miscellaneous or unclassified,905,Flow monitoring equipment
40130906,Tools and Equipment|Miscellaneous or unclassified|Flow recorders,4,Tools and Equipment,12,Miscellaneous or unclassified,906,Flow recorders
40130907,Tools and Equipment|Miscellaneous or unclassified|Flow sensors,4,Tools and Equipment,12,Miscellaneous or unclassified,907,Flow sensors
40130908,Tools and Equipment|Miscellaneous or unclassified|Flow transmitters,4,Tools and Equipment,12,Miscellaneous or unclassified,908,Flow transmitters
40130909,Tools and Equipment|Miscellaneous or unclassified|Flowmeters,4,Tools and Equipment,12,Miscellaneous or unclassified,909,Flowmeters
40130910,Tools and Equipment|Miscellaneous or unclassified|Fluid warmers,4,Tools and Equipment,12,Miscellaneous or unclassified,910,Fluid warmers
40130911,Tools and Equipment|Miscellaneous or unclassified|Fluorescence microscopes,4,Tools and Equipment,12,Miscellaneous or unclassified,911,Fluorescence microscopes
40130912,Tools and Equipment|Miscellaneous or unclassified|Fluorescence spectrometers,4,Tools and Equipment,12,Miscellaneous or unclassified,912,Fluorescence spectrometers
40130913,Tools and Equipment|Miscellaneous or unclassified|Fluorescent lamps,4,Tools and Equipment,12,Miscellaneous or unclassified,913,Fluorescent lamps
40130914,Tools and Equipment|Miscellaneous or unclassified|Fluorescent lights,4,Tools and Equipment,12,Miscellaneous or unclassified,914,Fluorescent lights
40130915,Tools and Equipment|Miscellaneous or unclassified|Fluorimeters,4,Tools and Equipment,12,Miscellaneous or unclassified,915,Fluorimeters
40130916,Tools and Equipment|Miscellaneous or unclassified|Fluorometers,4,Tools and Equipment,12,Miscellaneous or unclassified,916,Fluorometers
40130917,Tools and Equipment|Miscellaneous or unclassified|Fluoroscopy equipment,4,Tools and Equipment,12,Miscellaneous or unclassified,917,Fluoroscopy equipment
40130918,Tools and Equipment|Miscellaneous or unclassified|Fluoroscopy units,4,Tools and Equipment,12,Miscellaneous or unclassified,918,Fluoroscopy units
40130919,Tools and Equipment|Miscellaneous or unclassified|Flush cutters,4,Tools and Equipment,12,Miscellaneous or unclassified,919,Flush cutters
40130920,Tools and Equipment|Miscellaneous or unclassified|Foamers,4,Tools and Equipment,12,Miscellaneous or unclassified,920,Foamers
40130921,Tools and Equipment|Miscellaneous or unclassified|Folder gluer machines,4,Tools and Equipment,12,Miscellaneous or unclassified,921,Folder gluer machines
40130922,Tools and Equipment|Miscellaneous or unclassified|Folder gluers,4,Tools and Equipment,12,Miscellaneous or unclassified,922,Folder gluers
40130923,Tools and Equipment|Miscellaneous or unclassified|Foley catheters,4,Tools and Equipment,12,Miscellaneous or unclassified,923,Foley catheters
40130924,Tools and Equipment|Miscellaneous or unclassified|Food drying equipment,4,Tools and Equipment,12,Miscellaneous or unclassified,924,Food drying equipment
40130925,Tools and Equipment|Miscellaneous or unclassified|Food mixers,4,Tools and Equipment,12,Miscellaneous or unclassified,925,Food mixers
40130926,Tools and Equipment|Miscellaneous or unclassified|Food scales,4,Tools and Equipment,12,Miscellaneous or unclassified,926,Food scales
40130927,Tools and Equipment|Miscellaneous or unclassified|Food slicers,4,Tools and Equipment,12,Miscellaneous or unclassified,927,Food slicers
40130928,Tools and Equipment|Miscellaneous or unclassified|Food smokers,4,Tools and Equipment,12,Miscellaneous or unclassified,928,Food smokers
40130929,Tools and Equipment|Miscellaneous or unclassified|Food storage bins,4,Tools and Equipment,12,Miscellaneous or unclassified,929,Food storage bins
40130930,Tools and Equipment|Miscellaneous or unclassified|Food warmers,4,Tools and Equipment,12,Miscellaneous or unclassified,930,Food warmers
40130931,Tools and Equipment|Miscellaneous or unclassified|Foot baths,4,Tools and Equipment,12,Miscellaneous or unclassified,931,Foot baths
40130932,Tools and Equipment|Miscellaneous or unclassified|Foot boards,4,Tools and Equipment,12,Miscellaneous or unclassified,932,Foot boards
40130933,Tools and Equipment|Miscellaneous or unclassified|Foot controls,4,Tools and Equipment,12,Miscellaneous or unclassified,933,Foot controls
40130934,Tools and Equipment|Miscellaneous or unclassified|Foot orthotics,4,Tools and Equipment,12,Miscellaneous or unclassified,934,Foot orthotics
40130935,Tools and Equipment|Miscellaneous or unclassified|Foot rollers,4,Tools and Equipment,12,Miscellaneous or unclassified,935,Foot rollers
40130936,Tools and Equipment|Miscellaneous or unclassified|Footballs,4,Tools and Equipment,12,Miscellaneous or unclassified,936,Footballs
40130937,Tools and Equipment|Miscellaneous or unclassified|Forage harvesters,4,Tools and Equipment,12,Miscellaneous or unclassified,937,Forage harvesters
40130938,Tools and Equipment|Miscellaneous or unclassified|Force plates,4,Tools and Equipment,12,Miscellaneous or unclassified,938,Force plates
40130939,Tools and Equipment|Miscellaneous or unclassified|Force platforms,4,Tools and Equipment,12,Miscellaneous or unclassified,939,Force platforms
40130940,Tools and Equipment|Miscellaneous or unclassified|Forging dies,4,Tools and Equipment,12,Miscellaneous or unclassified,940,Forging dies
40130941,Tools and Equipment|Miscellaneous or unclassified|Forklift scales,4,Tools and Equipment,12,Miscellaneous or unclassified,941,Forklift scales
40130942,Tools and Equipment|Miscellaneous or unclassified|Forktrucks,4,Tools and Equipment,12,Miscellaneous or unclassified,942,Forktrucks
40130943,Tools and Equipment|Miscellaneous or unclassified|Fraction collectors,4,Tools and Equipment,12,Miscellaneous or unclassified,943,Fraction collectors
40130944,Tools and Equipment|Miscellaneous or unclassified|Fractionators,4,Tools and Equipment,12,Miscellaneous or unclassified,944,Fractionators
40130945,Tools and Equipment|Miscellaneous or unclassified|Framing squares,4,Tools and Equipment,12,Miscellaneous or unclassified,945,Framing squares
40130946,Tools and Equipment|Miscellaneous or unclassified|Frequency counters,4,Tools and Equipment,12,Miscellaneous or unclassified,946,Frequency counters
40130947,Tools and Equipment|Miscellaneous or unclassified|Frequency meters,4,Tools and Equipment,12,Miscellaneous or unclassified,947,Frequency meters
40130948,Tools and Equipment|Miscellaneous or unclassified|Frequency response analyzers,4,Tools and Equipment,12,Miscellaneous or unclassified,948,Frequency response analyzers
40130949,Tools and Equipment|Miscellaneous or unclassified|Fresnel prisms,4,Tools and Equipment,12,Miscellaneous or unclassified,949,Fresnel prisms
40130950,Tools and Equipment|Miscellaneous or unclassified|Fuel handling systems,4,Tools and Equipment,12,Miscellaneous or unclassified,950,Fuel handling systems
40130951,Tools and Equipment|Miscellaneous or unclassified|Fuel pumps,4,Tools and Equipment,12,Miscellaneous or unclassified,951,Fuel pumps
40130952,Tools and Equipment|Miscellaneous or unclassified|Full body harnesses,4,Tools and Equipment,12,Miscellaneous or unclassified,952,Full body harnesses
40130953,Tools and Equipment|Miscellaneous or unclassified|Full-face respirators,4,Tools and Equipment,12,Miscellaneous or unclassified,953,Full-face respirators
40130954,Tools and Equipment|Miscellaneous or unclassified|Fumigators,4,Tools and Equipment,12,Miscellaneous or unclassified,954,Fumigators
40130955,Tools and Equipment|Miscellaneous or unclassified|Function generators,4,Tools and Equipment,12,Miscellaneous or unclassified,955,Function generators
40130956,Tools and Equipment|Miscellaneous or unclassified|Functional capacity evaluation FCE systems,4,Tools and Equipment,12,Miscellaneous or unclassified,956,Functional capacity evaluation FCE systems
40130957,Tools and Equipment|Miscellaneous or unclassified|Fyke nets,4,Tools and Equipment,12,Miscellaneous or unclassified,957,Fyke nets
40130958,Tools and Equipment|Miscellaneous or unclassified|Gaffs,4,Tools and Equipment,12,Miscellaneous or unclassified,958,Gaffs
40130959,Tools and Equipment|Miscellaneous or unclassified|Gage pins,4,Tools and Equipment,12,Miscellaneous or unclassified,959,Gage pins
40130960,Tools and Equipment|Miscellaneous or unclassified|Gait belts,4,Tools and Equipment,12,Miscellaneous or unclassified,960,Gait belts
40130961,Tools and Equipment|Miscellaneous or unclassified|Gamma cameras,4,Tools and Equipment,12,Miscellaneous or unclassified,961,Gamma cameras
40130962,Tools and Equipment|Miscellaneous or unclassified|Gantry cranes,4,Tools and Equipment,12,Miscellaneous or unclassified,962,Gantry cranes
40130963,Tools and Equipment|Miscellaneous or unclassified|Garbage compactors,4,Tools and Equipment,12,Miscellaneous or unclassified,963,Garbage compactors
40130964,Tools and Equipment|Miscellaneous or unclassified|Garment steamers,4,Tools and Equipment,12,Miscellaneous or unclassified,964,Garment steamers
40130965,Tools and Equipment|Miscellaneous or unclassified|Gas burners,4,Tools and Equipment,12,Miscellaneous or unclassified,965,Gas burners
40130966,Tools and Equipment|Miscellaneous or unclassified|Gas chromatographs,4,Tools and Equipment,12,Miscellaneous or unclassified,966,Gas chromatographs
40130967,Tools and Equipment|Miscellaneous or unclassified|Gas chromatographs GC,4,Tools and Equipment,12,Miscellaneous or unclassified,967,Gas chromatographs GC
40130968,Tools and Equipment|Miscellaneous or unclassified|Gas chromatography equipment,4,Tools and Equipment,12,Miscellaneous or unclassified,968,Gas chromatography equipment
40130969,Tools and Equipment|Miscellaneous or unclassified|Gas compressor systems,4,Tools and Equipment,12,Miscellaneous or unclassified,969,Gas compressor systems
40130970,Tools and Equipment|Miscellaneous or unclassified|Gas detection sensors,4,Tools and Equipment,12,Miscellaneous or unclassified,970,Gas detection sensors
40130971,Tools and Equipment|Miscellaneous or unclassified|Gas furnaces,4,Tools and Equipment,12,Miscellaneous or unclassified,971,Gas furnaces
40130972,Tools and Equipment|Miscellaneous or unclassified|Gas generators,4,Tools and Equipment,12,Miscellaneous or unclassified,972,Gas generators
40130973,Tools and Equipment|Miscellaneous or unclassified|Gas hedge trimmers,4,Tools and Equipment,12,Miscellaneous or unclassified,973,Gas hedge trimmers
40130974,Tools and Equipment|Miscellaneous or unclassified|Gas kilns,4,Tools and Equipment,12,Miscellaneous or unclassified,974,Gas kilns
40130975,Tools and Equipment|Miscellaneous or unclassified|Gas ovens,4,Tools and Equipment,12,Miscellaneous or unclassified,975,Gas ovens
40130976,Tools and Equipment|Miscellaneous or unclassified|Gas powered blowers,4,Tools and Equipment,12,Miscellaneous or unclassified,976,Gas powered blowers
40130977,Tools and Equipment|Miscellaneous or unclassified|Gas powered compressors,4,Tools and Equipment,12,Miscellaneous or unclassified,977,Gas powered compressors
40130978,Tools and Equipment|Miscellaneous or unclassified|Gas powered pumps,4,Tools and Equipment,12,Miscellaneous or unclassified,978,Gas powered pumps
40130979,Tools and Equipment|Miscellaneous or unclassified|Gas powered snow blowers,4,Tools and Equipment,12,Miscellaneous or unclassified,979,Gas powered snow blowers
40130980,Tools and Equipment|Miscellaneous or unclassified|Gas pumps,4,Tools and Equipment,12,Miscellaneous or unclassified,980,Gas pumps
40130981,Tools and Equipment|Miscellaneous or unclassified|Gas torches,4,Tools and Equipment,12,Miscellaneous or unclassified,981,Gas torches
40130982,Tools and Equipment|Miscellaneous or unclassified|Gas turbine engines,4,Tools and Equipment,12,Miscellaneous or unclassified,982,Gas turbine engines
40130983,Tools and Equipment|Miscellaneous or unclassified|Gas welders,4,Tools and Equipment,12,Miscellaneous or unclassified,983,Gas welders
40130984,Tools and Equipment|Miscellaneous or unclassified|Gear pumps,4,Tools and Equipment,12,Miscellaneous or unclassified,984,Gear pumps
40130985,Tools and Equipment|Miscellaneous or unclassified|Gear shapers,4,Tools and Equipment,12,Miscellaneous or unclassified,985,Gear shapers
40130986,Tools and Equipment|Miscellaneous or unclassified|Gear-cutting machines,4,Tools and Equipment,12,Miscellaneous or unclassified,986,Gear-cutting machines
40130987,Tools and Equipment|Miscellaneous or unclassified|Geophones,4,Tools and Equipment,12,Miscellaneous or unclassified,987,Geophones
40130988,Tools and Equipment|Miscellaneous or unclassified|Geriatric chairs,4,Tools and Equipment,12,Miscellaneous or unclassified,988,Geriatric chairs
40130989,Tools and Equipment|Miscellaneous or unclassified|Gin poles,4,Tools and Equipment,12,Miscellaneous or unclassified,989,Gin poles
40130990,Tools and Equipment|Miscellaneous or unclassified|Glass cutting tools,4,Tools and Equipment,12,Miscellaneous or unclassified,990,Glass cutting tools
40130991,Tools and Equipment|Miscellaneous or unclassified|Glass polishers,4,Tools and Equipment,12,Miscellaneous or unclassified,991,Glass polishers
40130992,Tools and Equipment|Miscellaneous or unclassified|Glass slides,4,Tools and Equipment,12,Miscellaneous or unclassified,992,Glass slides
40130993,Tools and Equipment|Miscellaneous or unclassified|Glass washers,4,Tools and Equipment,12,Miscellaneous or unclassified,993,Glass washers
40130994,Tools and Equipment|Miscellaneous or unclassified|Glass washing machines,4,Tools and Equipment,12,Miscellaneous or unclassified,994,Glass washing machines
40130995,Tools and Equipment|Miscellaneous or unclassified|Glassware washers,4,Tools and Equipment,12,Miscellaneous or unclassified,995,Glassware washers
40130996,Tools and Equipment|Miscellaneous or unclassified|Global Navigation Satellite System GNSS,4,Tools and Equipment,12,Miscellaneous or unclassified,996,Global Navigation Satellite System GNSS
40130997,Tools and Equipment|Miscellaneous or unclassified|Gloss meters,4,Tools and Equipment,12,Miscellaneous or unclassified,997,Gloss meters
40130998,Tools and Equipment|Miscellaneous or unclassified|Glucometers,4,Tools and Equipment,12,Miscellaneous or unclassified,998,Glucometers
40130999,Tools and Equipment|Miscellaneous or unclassified|Glucose monitoring systems,4,Tools and Equipment,12,Miscellaneous or unclassified,999,Glucose monitoring systems
40131000,Tools and Equipment|Miscellaneous or unclassified|Glue guns,4,Tools and Equipment,12,Miscellaneous or unclassified,1000,Glue guns
40131001,Tools and Equipment|Miscellaneous or unclassified|Glue pots,4,Tools and Equipment,12,Miscellaneous or unclassified,1001,Glue pots
40131002,Tools and Equipment|Miscellaneous or unclassified|Go-carts,4,Tools and Equipment,12,Miscellaneous or unclassified,1002,Go-carts
40131003,Tools and Equipment|Miscellaneous or unclassified|Golf drivers,4,Tools and Equipment,12,Miscellaneous or unclassified,1003,Golf drivers
40131004,Tools and Equipment|Miscellaneous or unclassified|Golf tees,4,Tools and Equipment,12,Miscellaneous or unclassified,1004,Golf tees
40131005,Tools and Equipment|Miscellaneous or unclassified|Goniometers,4,Tools and Equipment,12,Miscellaneous or unclassified,1005,Goniometers
40131006,Tools and Equipment|Miscellaneous or unclassified|Grab samplers,4,Tools and Equipment,12,Miscellaneous or unclassified,1006,Grab samplers
40131007,Tools and Equipment|Miscellaneous or unclassified|Gradalls,4,Tools and Equipment,12,Miscellaneous or unclassified,1007,Gradalls
40131008,Tools and Equipment|Miscellaneous or unclassified|Graduated cylinders,4,Tools and Equipment,12,Miscellaneous or unclassified,1008,Graduated cylinders
40131009,Tools and Equipment|Miscellaneous or unclassified|Grain analyzers,4,Tools and Equipment,12,Miscellaneous or unclassified,1009,Grain analyzers
40131010,Tools and Equipment|Miscellaneous or unclassified|Grain augers,4,Tools and Equipment,12,Miscellaneous or unclassified,1010,Grain augers
40131011,Tools and Equipment|Miscellaneous or unclassified|Grain dryers,4,Tools and Equipment,12,Miscellaneous or unclassified,1011,Grain dryers
40131012,Tools and Equipment|Miscellaneous or unclassified|Grain trucks,4,Tools and Equipment,12,Miscellaneous or unclassified,1012,Grain trucks
40131013,Tools and Equipment|Miscellaneous or unclassified|Grain vacuums,4,Tools and Equipment,12,Miscellaneous or unclassified,1013,Grain vacuums
40131014,Tools and Equipment|Miscellaneous or unclassified|Grand pianos,4,Tools and Equipment,12,Miscellaneous or unclassified,1014,Grand pianos
40131015,Tools and Equipment|Miscellaneous or unclassified|Graphic tablets,4,Tools and Equipment,12,Miscellaneous or unclassified,1015,Graphic tablets
40131016,Tools and Equipment|Miscellaneous or unclassified|Graphics processing unit GPU,4,Tools and Equipment,12,Miscellaneous or unclassified,1016,Graphics processing unit GPU
40131017,Tools and Equipment|Miscellaneous or unclassified|Graphics workstations,4,Tools and Equipment,12,Miscellaneous or unclassified,1017,Graphics workstations
40131018,Tools and Equipment|Miscellaneous or unclassified|Grapple skidders,4,Tools and Equipment,12,Miscellaneous or unclassified,1018,Grapple skidders
40131019,Tools and Equipment|Miscellaneous or unclassified|Grapple trucks,4,Tools and Equipment,12,Miscellaneous or unclassified,1019,Grapple trucks
40131020,Tools and Equipment|Miscellaneous or unclassified|Grapple yarders,4,Tools and Equipment,12,Miscellaneous or unclassified,1020,Grapple yarders
40131021,Tools and Equipment|Miscellaneous or unclassified|Graters,4,Tools and Equipment,12,Miscellaneous or unclassified,1021,Graters
40131022,Tools and Equipment|Miscellaneous or unclassified|Gravers,4,Tools and Equipment,12,Miscellaneous or unclassified,1022,Gravers
40131023,Tools and Equipment|Miscellaneous or unclassified|Gravure presses,4,Tools and Equipment,12,Miscellaneous or unclassified,1023,Gravure presses
40131024,Tools and Equipment|Miscellaneous or unclassified|Grease fittings,4,Tools and Equipment,12,Miscellaneous or unclassified,1024,Grease fittings
40131025,Tools and Equipment|Miscellaneous or unclassified|Grease guns,4,Tools and Equipment,12,Miscellaneous or unclassified,1025,Grease guns
40131026,Tools and Equipment|Miscellaneous or unclassified|Greenhouse climate control systems,4,Tools and Equipment,12,Miscellaneous or unclassified,1026,Greenhouse climate control systems
40131027,Tools and Equipment|Miscellaneous or unclassified|Greens mowers,4,Tools and Equipment,12,Miscellaneous or unclassified,1027,Greens mowers
40131028,Tools and Equipment|Miscellaneous or unclassified|Griddles,4,Tools and Equipment,12,Miscellaneous or unclassified,1028,Griddles
40131029,Tools and Equipment|Miscellaneous or unclassified|Grinding equipment,4,Tools and Equipment,12,Miscellaneous or unclassified,1029,Grinding equipment
40131030,Tools and Equipment|Miscellaneous or unclassified|Grinding stones,4,Tools and Equipment,12,Miscellaneous or unclassified,1030,Grinding stones
40131031,Tools and Equipment|Miscellaneous or unclassified|Grit separators,4,Tools and Equipment,12,Miscellaneous or unclassified,1031,Grit separators
40131032,Tools and Equipment|Miscellaneous or unclassified|Grooming tables,4,Tools and Equipment,12,Miscellaneous or unclassified,1032,Grooming tables
40131033,Tools and Equipment|Miscellaneous or unclassified|Ground penetrating radar GPR,4,Tools and Equipment,12,Miscellaneous or unclassified,1033,Ground penetrating radar GPR
40131034,Tools and Equipment|Miscellaneous or unclassified|Ground penetrating radar GPR systems,4,Tools and Equipment,12,Miscellaneous or unclassified,1034,Ground penetrating radar GPR systems
40131035,Tools and Equipment|Miscellaneous or unclassified|Ground straps,4,Tools and Equipment,12,Miscellaneous or unclassified,1035,Ground straps
40131036,Tools and Equipment|Miscellaneous or unclassified|Grounding cables,4,Tools and Equipment,12,Miscellaneous or unclassified,1036,Grounding cables
40131037,Tools and Equipment|Miscellaneous or unclassified|Grounding devices,4,Tools and Equipment,12,Miscellaneous or unclassified,1037,Grounding devices
40131038,Tools and Equipment|Miscellaneous or unclassified|Grounding equipment,4,Tools and Equipment,12,Miscellaneous or unclassified,1038,Grounding equipment
40131039,Tools and Equipment|Miscellaneous or unclassified|Grounding pads,4,Tools and Equipment,12,Miscellaneous or unclassified,1039,Grounding pads
40131040,Tools and Equipment|Miscellaneous or unclassified|Groundwater pumps,4,Tools and Equipment,12,Miscellaneous or unclassified,1040,Groundwater pumps
40131041,Tools and Equipment|Miscellaneous or unclassified|Grout mixers,4,Tools and Equipment,12,Miscellaneous or unclassified,1041,Grout mixers
40131042,Tools and Equipment|Miscellaneous or unclassified|Grout pumps,4,Tools and Equipment,12,Miscellaneous or unclassified,1042,Grout pumps
40131043,Tools and Equipment|Miscellaneous or unclassified|Grouting machines,4,Tools and Equipment,12,Miscellaneous or unclassified,1043,Grouting machines
40131044,Tools and Equipment|Miscellaneous or unclassified|Grow lights,4,Tools and Equipment,12,Miscellaneous or unclassified,1044,Grow lights
40131045,Tools and Equipment|Miscellaneous or unclassified|Growlers,4,Tools and Equipment,12,Miscellaneous or unclassified,1045,Growlers
40131046,Tools and Equipment|Miscellaneous or unclassified|Growth chambers,4,Tools and Equipment,12,Miscellaneous or unclassified,1046,Growth chambers
40131047,Tools and Equipment|Miscellaneous or unclassified|Guidewires,4,Tools and Equipment,12,Miscellaneous or unclassified,1047,Guidewires
40131048,Tools and Equipment|Miscellaneous or unclassified|Guillotine cutters,4,Tools and Equipment,12,Miscellaneous or unclassified,1048,Guillotine cutters
40131049,Tools and Equipment|Miscellaneous or unclassified|Guillotine paper cutters,4,Tools and Equipment,12,Miscellaneous or unclassified,1049,Guillotine paper cutters
40131050,Tools and Equipment|Miscellaneous or unclassified|Guillotines,4,Tools and Equipment,12,Miscellaneous or unclassified,1050,Guillotines
40131051,Tools and Equipment|Miscellaneous or unclassified|Gurneys,4,Tools and Equipment,12,Miscellaneous or unclassified,1051,Gurneys
40131052,Tools and Equipment|Miscellaneous or unclassified|Gyratory crushers,4,Tools and Equipment,12,Miscellaneous or unclassified,1052,Gyratory crushers
40131053,Tools and Equipment|Miscellaneous or unclassified|Gyrocompasses,4,Tools and Equipment,12,Miscellaneous or unclassified,1053,Gyrocompasses
40131054,Tools and Equipment|Miscellaneous or unclassified|Gyroscopes,4,Tools and Equipment,12,Miscellaneous or unclassified,1054,Gyroscopes
40131055,Tools and Equipment|Miscellaneous or unclassified|Hacksaws,4,Tools and Equipment,12,Miscellaneous or unclassified,1055,Hacksaws
40131056,Tools and Equipment|Miscellaneous or unclassified|Hair brushes,4,Tools and Equipment,12,Miscellaneous or unclassified,1056,Hair brushes
40131057,Tools and Equipment|Miscellaneous or unclassified|Hair clips,4,Tools and Equipment,12,Miscellaneous or unclassified,1057,Hair clips
40131058,Tools and Equipment|Miscellaneous or unclassified|Half-face respirators,4,Tools and Equipment,12,Miscellaneous or unclassified,1058,Half-face respirators
40131059,Tools and Equipment|Miscellaneous or unclassified|Hammer drills,4,Tools and Equipment,12,Miscellaneous or unclassified,1059,Hammer drills
40131060,Tools and Equipment|Miscellaneous or unclassified|Hammer pliers,4,Tools and Equipment,12,Miscellaneous or unclassified,1060,Hammer pliers
40131061,Tools and Equipment|Miscellaneous or unclassified|Hammer staplers,4,Tools and Equipment,12,Miscellaneous or unclassified,1061,Hammer staplers
40131062,Tools and Equipment|Miscellaneous or unclassified|Hammer wrenches,4,Tools and Equipment,12,Miscellaneous or unclassified,1062,Hammer wrenches
40131063,Tools and Equipment|Miscellaneous or unclassified|Hammermills,4,Tools and Equipment,12,Miscellaneous or unclassified,1063,Hammermills
40131064,Tools and Equipment|Miscellaneous or unclassified|Hand augers,4,Tools and Equipment,12,Miscellaneous or unclassified,1064,Hand augers
40131065,Tools and Equipment|Miscellaneous or unclassified|Hand benders,4,Tools and Equipment,12,Miscellaneous or unclassified,1065,Hand benders
40131066,Tools and Equipment|Miscellaneous or unclassified|Hand blenders,4,Tools and Equipment,12,Miscellaneous or unclassified,1066,Hand blenders
40131067,Tools and Equipment|Miscellaneous or unclassified|Hand crimpers,4,Tools and Equipment,12,Miscellaneous or unclassified,1067,Hand crimpers
40131068,Tools and Equipment|Miscellaneous or unclassified|Hand drills,4,Tools and Equipment,12,Miscellaneous or unclassified,1068,Hand drills
40131069,Tools and Equipment|Miscellaneous or unclassified|Hand files,4,Tools and Equipment,12,Miscellaneous or unclassified,1069,Hand files
40131070,Tools and Equipment|Miscellaneous or unclassified|Hand grips,4,Tools and Equipment,12,Miscellaneous or unclassified,1070,Hand grips
40131071,Tools and Equipment|Miscellaneous or unclassified|Hand jacks,4,Tools and Equipment,12,Miscellaneous or unclassified,1071,Hand jacks
40131072,Tools and Equipment|Miscellaneous or unclassified|Hand levels,4,Tools and Equipment,12,Miscellaneous or unclassified,1072,Hand levels
40131073,Tools and Equipment|Miscellaneous or unclassified|Hand lines,4,Tools and Equipment,12,Miscellaneous or unclassified,1073,Hand lines
40131074,Tools and Equipment|Miscellaneous or unclassified|Hand mixers,4,Tools and Equipment,12,Miscellaneous or unclassified,1074,Hand mixers
40131075,Tools and Equipment|Miscellaneous or unclassified|Hand planes,4,Tools and Equipment,12,Miscellaneous or unclassified,1075,Hand planes
40131076,Tools and Equipment|Miscellaneous or unclassified|Hand pruners,4,Tools and Equipment,12,Miscellaneous or unclassified,1076,Hand pruners
40131077,Tools and Equipment|Miscellaneous or unclassified|Hand pumps,4,Tools and Equipment,12,Miscellaneous or unclassified,1077,Hand pumps
40131078,Tools and Equipment|Miscellaneous or unclassified|Hand rakes,4,Tools and Equipment,12,Miscellaneous or unclassified,1078,Hand rakes
40131079,Tools and Equipment|Miscellaneous or unclassified|Hand rollers,4,Tools and Equipment,12,Miscellaneous or unclassified,1079,Hand rollers
40131080,Tools and Equipment|Miscellaneous or unclassified|Hand scanners,4,Tools and Equipment,12,Miscellaneous or unclassified,1080,Hand scanners
40131081,Tools and Equipment|Miscellaneous or unclassified|Hand scrapers,4,Tools and Equipment,12,Miscellaneous or unclassified,1081,Hand scrapers
40131082,Tools and Equipment|Miscellaneous or unclassified|Hand screeds,4,Tools and Equipment,12,Miscellaneous or unclassified,1082,Hand screeds
40131083,Tools and Equipment|Miscellaneous or unclassified|Hand shears,4,Tools and Equipment,12,Miscellaneous or unclassified,1083,Hand shears
40131084,Tools and Equipment|Miscellaneous or unclassified|Hand snips,4,Tools and Equipment,12,Miscellaneous or unclassified,1084,Hand snips
40131085,Tools and Equipment|Miscellaneous or unclassified|Hand sprayers,4,Tools and Equipment,12,Miscellaneous or unclassified,1085,Hand sprayers
40131086,Tools and Equipment|Miscellaneous or unclassified|Hand spreaders,4,Tools and Equipment,12,Miscellaneous or unclassified,1086,Hand spreaders
40131087,Tools and Equipment|Miscellaneous or unclassified|Hand stamps,4,Tools and Equipment,12,Miscellaneous or unclassified,1087,Hand stamps
40131088,Tools and Equipment|Miscellaneous or unclassified|Hand tongs,4,Tools and Equipment,12,Miscellaneous or unclassified,1088,Hand tongs
40131089,Tools and Equipment|Miscellaneous or unclassified|Hand torches,4,Tools and Equipment,12,Miscellaneous or unclassified,1089,Hand torches
40131090,Tools and Equipment|Miscellaneous or unclassified|Hand trowels,4,Tools and Equipment,12,Miscellaneous or unclassified,1090,Hand trowels
40131091,Tools and Equipment|Miscellaneous or unclassified|Hand weights,4,Tools and Equipment,12,Miscellaneous or unclassified,1091,Hand weights
40131092,Tools and Equipment|Miscellaneous or unclassified|Hand wheels,4,Tools and Equipment,12,Miscellaneous or unclassified,1092,Hand wheels
40131093,Tools and Equipment|Miscellaneous or unclassified|Hand-held radios,4,Tools and Equipment,12,Miscellaneous or unclassified,1093,Hand-held radios
40131094,Tools and Equipment|Miscellaneous or unclassified|Handcarts,4,Tools and Equipment,12,Miscellaneous or unclassified,1094,Handcarts
40131095,Tools and Equipment|Miscellaneous or unclassified|Handguns,4,Tools and Equipment,12,Miscellaneous or unclassified,1095,Handguns
40131096,Tools and Equipment|Miscellaneous or unclassified|Handheld camcorders,4,Tools and Equipment,12,Miscellaneous or unclassified,1096,Handheld camcorders
40131097,Tools and Equipment|Miscellaneous or unclassified|Handheld data collectors,4,Tools and Equipment,12,Miscellaneous or unclassified,1097,Handheld data collectors
40131098,Tools and Equipment|Miscellaneous or unclassified|Handheld grinders,4,Tools and Equipment,12,Miscellaneous or unclassified,1098,Handheld grinders
40131099,Tools and Equipment|Miscellaneous or unclassified|Handheld metal detectors,4,Tools and Equipment,12,Miscellaneous or unclassified,1099,Handheld metal detectors
40131100,Tools and Equipment|Miscellaneous or unclassified|Handheld spray guns,4,Tools and Equipment,12,Miscellaneous or unclassified,1100,Handheld spray guns
40131101,Tools and Equipment|Miscellaneous or unclassified|Handlines,4,Tools and Equipment,12,Miscellaneous or unclassified,1101,Handlines
40131102,Tools and Equipment|Miscellaneous or unclassified|Handsaws,4,Tools and Equipment,12,Miscellaneous or unclassified,1102,Handsaws
40131103,Tools and Equipment|Miscellaneous or unclassified|Hard disk drives,4,Tools and Equipment,12,Miscellaneous or unclassified,1103,Hard disk drives
40131104,Tools and Equipment|Miscellaneous or unclassified|Hardness testers,4,Tools and Equipment,12,Miscellaneous or unclassified,1104,Hardness testers
40131105,Tools and Equipment|Miscellaneous or unclassified|Harps,4,Tools and Equipment,12,Miscellaneous or unclassified,1105,Harps
40131106,Tools and Equipment|Miscellaneous or unclassified|Harpsichords,4,Tools and Equipment,12,Miscellaneous or unclassified,1106,Harpsichords
40131107,Tools and Equipment|Miscellaneous or unclassified|Harrows,4,Tools and Equipment,12,Miscellaneous or unclassified,1107,Harrows
40131108,Tools and Equipment|Miscellaneous or unclassified|Harvesting heads,4,Tools and Equipment,12,Miscellaneous or unclassified,1108,Harvesting heads
40131109,Tools and Equipment|Miscellaneous or unclassified|Harvesting machines,4,Tools and Equipment,12,Miscellaneous or unclassified,1109,Harvesting machines
40131110,Tools and Equipment|Miscellaneous or unclassified|Hatchets,4,Tools and Equipment,12,Miscellaneous or unclassified,1110,Hatchets
40131111,Tools and Equipment|Miscellaneous or unclassified|Hatching trays,4,Tools and Equipment,12,Miscellaneous or unclassified,1111,Hatching trays
40131112,Tools and Equipment|Miscellaneous or unclassified|Haybines,4,Tools and Equipment,12,Miscellaneous or unclassified,1112,Haybines
40131113,Tools and Equipment|Miscellaneous or unclassified|Hazardous material packaging,4,Tools and Equipment,12,Miscellaneous or unclassified,1113,Hazardous material packaging
40131114,Tools and Equipment|Miscellaneous or unclassified|Headlamps,4,Tools and Equipment,12,Miscellaneous or unclassified,1114,Headlamps
40131115,Tools and Equipment|Miscellaneous or unclassified|Hearing aid analyzers,4,Tools and Equipment,12,Miscellaneous or unclassified,1115,Hearing aid analyzers
40131116,Tools and Equipment|Miscellaneous or unclassified|Hearing aid devices,4,Tools and Equipment,12,Miscellaneous or unclassified,1116,Hearing aid devices
40131117,Tools and Equipment|Miscellaneous or unclassified|Hearing protectors,4,Tools and Equipment,12,Miscellaneous or unclassified,1117,Hearing protectors
40131118,Tools and Equipment|Miscellaneous or unclassified|Hearing test equipment,4,Tools and Equipment,12,Miscellaneous or unclassified,1118,Hearing test equipment
40131119,Tools and Equipment|Miscellaneous or unclassified|Hearses,4,Tools and Equipment,12,Miscellaneous or unclassified,1119,Hearses
40131120,Tools and Equipment|Miscellaneous or unclassified|Heart monitors,4,Tools and Equipment,12,Miscellaneous or unclassified,1120,Heart monitors
40131121,Tools and Equipment|Miscellaneous or unclassified|Heart rate monitors,4,Tools and Equipment,12,Miscellaneous or unclassified,1121,Heart rate monitors
40131122,Tools and Equipment|Miscellaneous or unclassified|Heat exchanger systems,4,Tools and Equipment,12,Miscellaneous or unclassified,1122,Heat exchanger systems
40131123,Tools and Equipment|Miscellaneous or unclassified|Heat guns,4,Tools and Equipment,12,Miscellaneous or unclassified,1123,Heat guns
40131124,Tools and Equipment|Miscellaneous or unclassified|Heat lamps,4,Tools and Equipment,12,Miscellaneous or unclassified,1124,Heat lamps
40131125,Tools and Equipment|Miscellaneous or unclassified|Heat recovery steam generators,4,Tools and Equipment,12,Miscellaneous or unclassified,1125,Heat recovery steam generators
40131126,Tools and Equipment|Miscellaneous or unclassified|Heat resistant gloves,4,Tools and Equipment,12,Miscellaneous or unclassified,1126,Heat resistant gloves
40131127,Tools and Equipment|Miscellaneous or unclassified|Heat treaters,4,Tools and Equipment,12,Miscellaneous or unclassified,1127,Heat treaters
40131128,Tools and Equipment|Miscellaneous or unclassified|Heat treating furnaces,4,Tools and Equipment,12,Miscellaneous or unclassified,1128,Heat treating furnaces
40131129,Tools and Equipment|Miscellaneous or unclassified|Heat treatment furnaces,4,Tools and Equipment,12,Miscellaneous or unclassified,1129,Heat treatment furnaces
40131130,Tools and Equipment|Miscellaneous or unclassified|Heat welders,4,Tools and Equipment,12,Miscellaneous or unclassified,1130,Heat welders
40131131,Tools and Equipment|Miscellaneous or unclassified|Heating boilers,4,Tools and Equipment,12,Miscellaneous or unclassified,1131,Heating boilers
40131132,Tools and Equipment|Miscellaneous or unclassified|Heating coils,4,Tools and Equipment,12,Miscellaneous or unclassified,1132,Heating coils
40131133,Tools and Equipment|Miscellaneous or unclassified|Heating torches,4,Tools and Equipment,12,Miscellaneous or unclassified,1133,Heating torches
40131134,Tools and Equipment|Miscellaneous or unclassified|Heavy duty dump trucks,4,Tools and Equipment,12,Miscellaneous or unclassified,1134,Heavy duty dump trucks
40131135,Tools and Equipment|Miscellaneous or unclassified|Hedge clippers,4,Tools and Equipment,12,Miscellaneous or unclassified,1135,Hedge clippers
40131136,Tools and Equipment|Miscellaneous or unclassified|Hedge shears,4,Tools and Equipment,12,Miscellaneous or unclassified,1136,Hedge shears
40131137,Tools and Equipment|Miscellaneous or unclassified|Height gauges,4,Tools and Equipment,12,Miscellaneous or unclassified,1137,Height gauges
40131138,Tools and Equipment|Miscellaneous or unclassified|Helium tanks,4,Tools and Equipment,12,Miscellaneous or unclassified,1138,Helium tanks
40131139,Tools and Equipment|Miscellaneous or unclassified|Hematology analyzers,4,Tools and Equipment,12,Miscellaneous or unclassified,1139,Hematology analyzers
40131140,Tools and Equipment|Miscellaneous or unclassified|Hemostats,4,Tools and Equipment,12,Miscellaneous or unclassified,1140,Hemostats
40131141,Tools and Equipment|Miscellaneous or unclassified|Herbicide sprayers,4,Tools and Equipment,12,Miscellaneous or unclassified,1141,Herbicide sprayers
40131142,Tools and Equipment|Miscellaneous or unclassified|Hex keys,4,Tools and Equipment,12,Miscellaneous or unclassified,1142,Hex keys
40131143,Tools and Equipment|Miscellaneous or unclassified|Hi-rail vehicles,4,Tools and Equipment,12,Miscellaneous or unclassified,1143,Hi-rail vehicles
40131144,Tools and Equipment|Miscellaneous or unclassified|High lifts,4,Tools and Equipment,12,Miscellaneous or unclassified,1144,High lifts
40131145,Tools and Equipment|Miscellaneous or unclassified|High pressure water hoses,4,Tools and Equipment,12,Miscellaneous or unclassified,1145,High pressure water hoses
40131146,Tools and Equipment|Miscellaneous or unclassified|High speed buffers,4,Tools and Equipment,12,Miscellaneous or unclassified,1146,High speed buffers
40131147,Tools and Equipment|Miscellaneous or unclassified|High throughput screening HTS systems,4,Tools and Equipment,12,Miscellaneous or unclassified,1147,High throughput screening HTS systems
40131148,Tools and Equipment|Miscellaneous or unclassified|High vacuum equipment,4,Tools and Equipment,12,Miscellaneous or unclassified,1148,High vacuum equipment
40131149,Tools and Equipment|Miscellaneous or unclassified|High voltage probes,4,Tools and Equipment,12,Miscellaneous or unclassified,1149,High voltage probes
40131150,Tools and Equipment|Miscellaneous or unclassified|Hipot testers,4,Tools and Equipment,12,Miscellaneous or unclassified,1150,Hipot testers
40131151,Tools and Equipment|Miscellaneous or unclassified|Hockey skates,4,Tools and Equipment,12,Miscellaneous or unclassified,1151,Hockey skates
40131152,Tools and Equipment|Miscellaneous or unclassified|Hockey sticks,4,Tools and Equipment,12,Miscellaneous or unclassified,1152,Hockey sticks
40131153,Tools and Equipment|Miscellaneous or unclassified|Holding jigs,4,Tools and Equipment,12,Miscellaneous or unclassified,1153,Holding jigs
40131154,Tools and Equipment|Miscellaneous or unclassified|Holding tools,4,Tools and Equipment,12,Miscellaneous or unclassified,1154,Holding tools
40131155,Tools and Equipment|Miscellaneous or unclassified|Hole punchers,4,Tools and Equipment,12,Miscellaneous or unclassified,1155,Hole punchers
40131156,Tools and Equipment|Miscellaneous or unclassified|Hole punches,4,Tools and Equipment,12,Miscellaneous or unclassified,1156,Hole punches
40131157,Tools and Equipment|Miscellaneous or unclassified|Hole saws,4,Tools and Equipment,12,Miscellaneous or unclassified,1157,Hole saws
40131158,Tools and Equipment|Miscellaneous or unclassified|Holsters,4,Tools and Equipment,12,Miscellaneous or unclassified,1158,Holsters
40131159,Tools and Equipment|Miscellaneous or unclassified|Homogenizers,4,Tools and Equipment,12,Miscellaneous or unclassified,1159,Homogenizers
40131160,Tools and Equipment|Miscellaneous or unclassified|Hones,4,Tools and Equipment,12,Miscellaneous or unclassified,1160,Hones
40131161,Tools and Equipment|Miscellaneous or unclassified|Honing machines,4,Tools and Equipment,12,Miscellaneous or unclassified,1161,Honing machines
40131162,Tools and Equipment|Miscellaneous or unclassified|Honing stones,4,Tools and Equipment,12,Miscellaneous or unclassified,1162,Honing stones
40131163,Tools and Equipment|Miscellaneous or unclassified|Hook blocks,4,Tools and Equipment,12,Miscellaneous or unclassified,1163,Hook blocks
40131164,Tools and Equipment|Miscellaneous or unclassified|Horizontal band saws,4,Tools and Equipment,12,Miscellaneous or unclassified,1164,Horizontal band saws
40131165,Tools and Equipment|Miscellaneous or unclassified|Horizontal boring machines,4,Tools and Equipment,12,Miscellaneous or unclassified,1165,Horizontal boring machines
40131166,Tools and Equipment|Miscellaneous or unclassified|Horizontal mills,4,Tools and Equipment,12,Miscellaneous or unclassified,1166,Horizontal mills
40131167,Tools and Equipment|Miscellaneous or unclassified|Horizontal turning centers,4,Tools and Equipment,12,Miscellaneous or unclassified,1167,Horizontal turning centers
40131168,Tools and Equipment|Miscellaneous or unclassified|Horse saddles,4,Tools and Equipment,12,Miscellaneous or unclassified,1168,Horse saddles
40131169,Tools and Equipment|Miscellaneous or unclassified|Horse trailers,4,Tools and Equipment,12,Miscellaneous or unclassified,1169,Horse trailers
40131170,Tools and Equipment|Miscellaneous or unclassified|Hose-end sprayers,4,Tools and Equipment,12,Miscellaneous or unclassified,1170,Hose-end sprayers
40131171,Tools and Equipment|Miscellaneous or unclassified|Hot air ovens,4,Tools and Equipment,12,Miscellaneous or unclassified,1171,Hot air ovens
40131172,Tools and Equipment|Miscellaneous or unclassified|Hot combs,4,Tools and Equipment,12,Miscellaneous or unclassified,1172,Hot combs
40131173,Tools and Equipment|Miscellaneous or unclassified|Hot glue guns,4,Tools and Equipment,12,Miscellaneous or unclassified,1173,Hot glue guns
40131174,Tools and Equipment|Miscellaneous or unclassified|Hot knives,4,Tools and Equipment,12,Miscellaneous or unclassified,1174,Hot knives
40131175,Tools and Equipment|Miscellaneous or unclassified|Hot packs,4,Tools and Equipment,12,Miscellaneous or unclassified,1175,Hot packs
40131176,Tools and Equipment|Miscellaneous or unclassified|Hot plates,4,Tools and Equipment,12,Miscellaneous or unclassified,1176,Hot plates
40131177,Tools and Equipment|Miscellaneous or unclassified|Hot presses,4,Tools and Equipment,12,Miscellaneous or unclassified,1177,Hot presses
40131178,Tools and Equipment|Miscellaneous or unclassified|Hotplates,4,Tools and Equipment,12,Miscellaneous or unclassified,1178,Hotplates
40131179,Tools and Equipment|Miscellaneous or unclassified|Hour meters,4,Tools and Equipment,12,Miscellaneous or unclassified,1179,Hour meters
40131180,Tools and Equipment|Miscellaneous or unclassified|Household washers,4,Tools and Equipment,12,Miscellaneous or unclassified,1180,Household washers
40131181,Tools and Equipment|Miscellaneous or unclassified|Humidification equipment,4,Tools and Equipment,12,Miscellaneous or unclassified,1181,Humidification equipment
40131182,Tools and Equipment|Miscellaneous or unclassified|Humidity chambers,4,Tools and Equipment,12,Miscellaneous or unclassified,1182,Humidity chambers
40131183,Tools and Equipment|Miscellaneous or unclassified|Humidity meters,4,Tools and Equipment,12,Miscellaneous or unclassified,1183,Humidity meters
40131184,Tools and Equipment|Miscellaneous or unclassified|Humidity sensors,4,Tools and Equipment,12,Miscellaneous or unclassified,1184,Humidity sensors
40131185,Tools and Equipment|Miscellaneous or unclassified|Hustlers,4,Tools and Equipment,12,Miscellaneous or unclassified,1185,Hustlers
40131186,Tools and Equipment|Miscellaneous or unclassified|Hydraulic accumulators,4,Tools and Equipment,12,Miscellaneous or unclassified,1186,Hydraulic accumulators
40131187,Tools and Equipment|Miscellaneous or unclassified|Hydraulic actuators,4,Tools and Equipment,12,Miscellaneous or unclassified,1187,Hydraulic actuators
40131188,Tools and Equipment|Miscellaneous or unclassified|Hydraulic benders,4,Tools and Equipment,12,Miscellaneous or unclassified,1188,Hydraulic benders
40131189,Tools and Equipment|Miscellaneous or unclassified|Hydraulic booms,4,Tools and Equipment,12,Miscellaneous or unclassified,1189,Hydraulic booms
40131190,Tools and Equipment|Miscellaneous or unclassified|Hydraulic breakers,4,Tools and Equipment,12,Miscellaneous or unclassified,1190,Hydraulic breakers
40131191,Tools and Equipment|Miscellaneous or unclassified|Hydraulic control systems,4,Tools and Equipment,12,Miscellaneous or unclassified,1191,Hydraulic control systems
40131192,Tools and Equipment|Miscellaneous or unclassified|Hydraulic cranes,4,Tools and Equipment,12,Miscellaneous or unclassified,1192,Hydraulic cranes
40131193,Tools and Equipment|Miscellaneous or unclassified|Hydraulic crimpers,4,Tools and Equipment,12,Miscellaneous or unclassified,1193,Hydraulic crimpers
40131194,Tools and Equipment|Miscellaneous or unclassified|Hydraulic drills,4,Tools and Equipment,12,Miscellaneous or unclassified,1194,Hydraulic drills
40131195,Tools and Equipment|Miscellaneous or unclassified|Hydraulic excavators,4,Tools and Equipment,12,Miscellaneous or unclassified,1195,Hydraulic excavators
40131196,Tools and Equipment|Miscellaneous or unclassified|Hydraulic lift systems,4,Tools and Equipment,12,Miscellaneous or unclassified,1196,Hydraulic lift systems
40131197,Tools and Equipment|Miscellaneous or unclassified|Hydraulic lift tables,4,Tools and Equipment,12,Miscellaneous or unclassified,1197,Hydraulic lift tables
40131198,Tools and Equipment|Miscellaneous or unclassified|Hydraulic lifts,4,Tools and Equipment,12,Miscellaneous or unclassified,1198,Hydraulic lifts
40131199,Tools and Equipment|Miscellaneous or unclassified|Hydraulic presses,4,Tools and Equipment,12,Miscellaneous or unclassified,1199,Hydraulic presses
40131200,Tools and Equipment|Miscellaneous or unclassified|Hydraulic pruners,4,Tools and Equipment,12,Miscellaneous or unclassified,1200,Hydraulic pruners
40131201,Tools and Equipment|Miscellaneous or unclassified|Hydraulic rams,4,Tools and Equipment,12,Miscellaneous or unclassified,1201,Hydraulic rams
40131202,Tools and Equipment|Miscellaneous or unclassified|Hydraulic torque wrenches,4,Tools and Equipment,12,Miscellaneous or unclassified,1202,Hydraulic torque wrenches
40131203,Tools and Equipment|Miscellaneous or unclassified|Hydraulic winches,4,Tools and Equipment,12,Miscellaneous or unclassified,1203,Hydraulic winches
40131204,Tools and Equipment|Miscellaneous or unclassified|Hydraulic wrenches,4,Tools and Equipment,12,Miscellaneous or unclassified,1204,Hydraulic wrenches
40131205,Tools and Equipment|Miscellaneous or unclassified|Hydro blasting equipment,4,Tools and Equipment,12,Miscellaneous or unclassified,1205,Hydro blasting equipment
40131206,Tools and Equipment|Miscellaneous or unclassified|Hydrocarbon analyzers,4,Tools and Equipment,12,Miscellaneous or unclassified,1206,Hydrocarbon analyzers
40131207,Tools and Equipment|Miscellaneous or unclassified|Hydroelectric generating units,4,Tools and Equipment,12,Miscellaneous or unclassified,1207,Hydroelectric generating units
40131208,Tools and Equipment|Miscellaneous or unclassified|Hydrometers,4,Tools and Equipment,12,Miscellaneous or unclassified,1208,Hydrometers
40131209,Tools and Equipment|Miscellaneous or unclassified|Hydroponic equipment,4,Tools and Equipment,12,Miscellaneous or unclassified,1209,Hydroponic equipment
40131210,Tools and Equipment|Miscellaneous or unclassified|Hydrotherapy equipment,4,Tools and Equipment,12,Miscellaneous or unclassified,1210,Hydrotherapy equipment
40131211,Tools and Equipment|Miscellaneous or unclassified|Hydrotherapy pools,4,Tools and Equipment,12,Miscellaneous or unclassified,1211,Hydrotherapy pools
40131212,Tools and Equipment|Miscellaneous or unclassified|Hygrometers,4,Tools and Equipment,12,Miscellaneous or unclassified,1212,Hygrometers
40131213,Tools and Equipment|Miscellaneous or unclassified|Ice caps,4,Tools and Equipment,12,Miscellaneous or unclassified,1213,Ice caps
40131214,Tools and Equipment|Miscellaneous or unclassified|Ice chippers,4,Tools and Equipment,12,Miscellaneous or unclassified,1214,Ice chippers
40131215,Tools and Equipment|Miscellaneous or unclassified|Ice cream freezers,4,Tools and Equipment,12,Miscellaneous or unclassified,1215,Ice cream freezers
40131216,Tools and Equipment|Miscellaneous or unclassified|Ice cream machines,4,Tools and Equipment,12,Miscellaneous or unclassified,1216,Ice cream machines
40131217,Tools and Equipment|Miscellaneous or unclassified|Ice picks,4,Tools and Equipment,12,Miscellaneous or unclassified,1217,Ice picks
40131218,Tools and Equipment|Miscellaneous or unclassified|Igniters,4,Tools and Equipment,12,Miscellaneous or unclassified,1218,Igniters
40131219,Tools and Equipment|Miscellaneous or unclassified|Image scanners,4,Tools and Equipment,12,Miscellaneous or unclassified,1219,Image scanners
40131220,Tools and Equipment|Miscellaneous or unclassified|Imaging microscopes,4,Tools and Equipment,12,Miscellaneous or unclassified,1220,Imaging microscopes
40131221,Tools and Equipment|Miscellaneous or unclassified|Immersion heaters,4,Tools and Equipment,12,Miscellaneous or unclassified,1221,Immersion heaters
40131222,Tools and Equipment|Miscellaneous or unclassified|Immersion suits,4,Tools and Equipment,12,Miscellaneous or unclassified,1222,Immersion suits
40131223,Tools and Equipment|Miscellaneous or unclassified|Immunoassay analyzers,4,Tools and Equipment,12,Miscellaneous or unclassified,1223,Immunoassay analyzers
40131224,Tools and Equipment|Miscellaneous or unclassified|Impact crushers,4,Tools and Equipment,12,Miscellaneous or unclassified,1224,Impact crushers
40131225,Tools and Equipment|Miscellaneous or unclassified|Impact drivers,4,Tools and Equipment,12,Miscellaneous or unclassified,1225,Impact drivers
40131226,Tools and Equipment|Miscellaneous or unclassified|Impact guns,4,Tools and Equipment,12,Miscellaneous or unclassified,1226,Impact guns
40131227,Tools and Equipment|Miscellaneous or unclassified|Impact hammers,4,Tools and Equipment,12,Miscellaneous or unclassified,1227,Impact hammers
40131228,Tools and Equipment|Miscellaneous or unclassified|Impact printers,4,Tools and Equipment,12,Miscellaneous or unclassified,1228,Impact printers
40131229,Tools and Equipment|Miscellaneous or unclassified|Impact testers,4,Tools and Equipment,12,Miscellaneous or unclassified,1229,Impact testers
40131230,Tools and Equipment|Miscellaneous or unclassified|Impact wrenches,4,Tools and Equipment,12,Miscellaneous or unclassified,1230,Impact wrenches
40131231,Tools and Equipment|Miscellaneous or unclassified|In-circuit testers,4,Tools and Equipment,12,Miscellaneous or unclassified,1231,In-circuit testers
40131232,Tools and Equipment|Miscellaneous or unclassified|In-line skates,4,Tools and Equipment,12,Miscellaneous or unclassified,1232,In-line skates
40131233,Tools and Equipment|Miscellaneous or unclassified|Incandescent lamps,4,Tools and Equipment,12,Miscellaneous or unclassified,1233,Incandescent lamps
40131234,Tools and Equipment|Miscellaneous or unclassified|Inclinometers,4,Tools and Equipment,12,Miscellaneous or unclassified,1234,Inclinometers
40131235,Tools and Equipment|Miscellaneous or unclassified|Increment borers,4,Tools and Equipment,12,Miscellaneous or unclassified,1235,Increment borers
40131236,Tools and Equipment|Miscellaneous or unclassified|Induction cooktops,4,Tools and Equipment,12,Miscellaneous or unclassified,1236,Induction cooktops
40131237,Tools and Equipment|Miscellaneous or unclassified|Induction furnaces,4,Tools and Equipment,12,Miscellaneous or unclassified,1237,Induction furnaces
40131238,Tools and Equipment|Miscellaneous or unclassified|Industrial fans,4,Tools and Equipment,12,Miscellaneous or unclassified,1238,Industrial fans
40131239,Tools and Equipment|Miscellaneous or unclassified|Industrial filters,4,Tools and Equipment,12,Miscellaneous or unclassified,1239,Industrial filters
40131240,Tools and Equipment|Miscellaneous or unclassified|Industrial forklifts,4,Tools and Equipment,12,Miscellaneous or unclassified,1240,Industrial forklifts
40131241,Tools and Equipment|Miscellaneous or unclassified|Industrial furnaces,4,Tools and Equipment,12,Miscellaneous or unclassified,1241,Industrial furnaces
40131242,Tools and Equipment|Miscellaneous or unclassified|Industrial ovens,4,Tools and Equipment,12,Miscellaneous or unclassified,1242,Industrial ovens
40131243,Tools and Equipment|Miscellaneous or unclassified|Industrial overhead cranes,4,Tools and Equipment,12,Miscellaneous or unclassified,1243,Industrial overhead cranes
40131244,Tools and Equipment|Miscellaneous or unclassified|Industrial refrigeration equipment,4,Tools and Equipment,12,Miscellaneous or unclassified,1244,Industrial refrigeration equipment
40131245,Tools and Equipment|Miscellaneous or unclassified|Industrial scales,4,Tools and Equipment,12,Miscellaneous or unclassified,1245,Industrial scales
40131246,Tools and Equipment|Miscellaneous or unclassified|Industrial vacuum pumps,4,Tools and Equipment,12,Miscellaneous or unclassified,1246,Industrial vacuum pumps
40131247,Tools and Equipment|Miscellaneous or unclassified|Indwelling catheters,4,Tools and Equipment,12,Miscellaneous or unclassified,1247,Indwelling catheters
40131248,Tools and Equipment|Miscellaneous or unclassified|Inert atmosphere glove boxes,4,Tools and Equipment,12,Miscellaneous or unclassified,1248,Inert atmosphere glove boxes
40131249,Tools and Equipment|Miscellaneous or unclassified|Infant warmers,4,Tools and Equipment,12,Miscellaneous or unclassified,1249,Infant warmers
40131250,Tools and Equipment|Miscellaneous or unclassified|Informational signs,4,Tools and Equipment,12,Miscellaneous or unclassified,1250,Informational signs
40131251,Tools and Equipment|Miscellaneous or unclassified|Infrared cameras,4,Tools and Equipment,12,Miscellaneous or unclassified,1251,Infrared cameras
40131252,Tools and Equipment|Miscellaneous or unclassified|Infrared lamps,4,Tools and Equipment,12,Miscellaneous or unclassified,1252,Infrared lamps
40131253,Tools and Equipment|Miscellaneous or unclassified|Infrared scanners,4,Tools and Equipment,12,Miscellaneous or unclassified,1253,Infrared scanners
40131254,Tools and Equipment|Miscellaneous or unclassified|Injection mold equipment,4,Tools and Equipment,12,Miscellaneous or unclassified,1254,Injection mold equipment
40131255,Tools and Equipment|Miscellaneous or unclassified|Inkjet printers,4,Tools and Equipment,12,Miscellaneous or unclassified,1255,Inkjet printers
40131256,Tools and Equipment|Miscellaneous or unclassified|Insert pumps,4,Tools and Equipment,12,Miscellaneous or unclassified,1256,Insert pumps
40131257,Tools and Equipment|Miscellaneous or unclassified|Insertion tools,4,Tools and Equipment,12,Miscellaneous or unclassified,1257,Insertion tools
40131258,Tools and Equipment|Miscellaneous or unclassified|Inside micrometers,4,Tools and Equipment,12,Miscellaneous or unclassified,1258,Inside micrometers
40131259,Tools and Equipment|Miscellaneous or unclassified|Inspection scopes,4,Tools and Equipment,12,Miscellaneous or unclassified,1259,Inspection scopes
40131260,Tools and Equipment|Miscellaneous or unclassified|Instrumentation,4,Tools and Equipment,12,Miscellaneous or unclassified,1260,Instrumentation
40131261,Tools and Equipment|Miscellaneous or unclassified|Insulated gloves,4,Tools and Equipment,12,Miscellaneous or unclassified,1261,Insulated gloves
40131262,Tools and Equipment|Miscellaneous or unclassified|Insulation resistance testers,4,Tools and Equipment,12,Miscellaneous or unclassified,1262,Insulation resistance testers
40131263,Tools and Equipment|Miscellaneous or unclassified|Insulation testers,4,Tools and Equipment,12,Miscellaneous or unclassified,1263,Insulation testers
40131264,Tools and Equipment|Miscellaneous or unclassified|Integrated bridge systems,4,Tools and Equipment,12,Miscellaneous or unclassified,1264,Integrated bridge systems
40131265,Tools and Equipment|Miscellaneous or unclassified|Intercom equipment,4,Tools and Equipment,12,Miscellaneous or unclassified,1265,Intercom equipment
40131266,Tools and Equipment|Miscellaneous or unclassified|Intercoolers,4,Tools and Equipment,12,Miscellaneous or unclassified,1266,Intercoolers
40131267,Tools and Equipment|Miscellaneous or unclassified|Interferometers,4,Tools and Equipment,12,Miscellaneous or unclassified,1267,Interferometers
40131268,Tools and Equipment|Miscellaneous or unclassified|Intra-aortic balloon pumps IABP,4,Tools and Equipment,12,Miscellaneous or unclassified,1268,Intra-aortic balloon pumps IABP
40131269,Tools and Equipment|Miscellaneous or unclassified|Intraoral cameras,4,Tools and Equipment,12,Miscellaneous or unclassified,1269,Intraoral cameras
40131270,Tools and Equipment|Miscellaneous or unclassified|Intrathecal pumps,4,Tools and Equipment,12,Miscellaneous or unclassified,1270,Intrathecal pumps
40131271,Tools and Equipment|Miscellaneous or unclassified|Intravenous IV pumps,4,Tools and Equipment,12,Miscellaneous or unclassified,1271,Intravenous IV pumps
40131272,Tools and Equipment|Miscellaneous or unclassified|Intubation equipment,4,Tools and Equipment,12,Miscellaneous or unclassified,1272,Intubation equipment
40131273,Tools and Equipment|Miscellaneous or unclassified|Inverted microscopes,4,Tools and Equipment,12,Miscellaneous or unclassified,1273,Inverted microscopes
40131274,Tools and Equipment|Miscellaneous or unclassified|Ion chromatographs,4,Tools and Equipment,12,Miscellaneous or unclassified,1274,Ion chromatographs
40131275,Tools and Equipment|Miscellaneous or unclassified|Ionizers,4,Tools and Equipment,12,Miscellaneous or unclassified,1275,Ionizers
40131276,Tools and Equipment|Miscellaneous or unclassified|Iron workers,4,Tools and Equipment,12,Miscellaneous or unclassified,1276,Iron workers
40131277,Tools and Equipment|Miscellaneous or unclassified|Irrigation sprinklers,4,Tools and Equipment,12,Miscellaneous or unclassified,1277,Irrigation sprinklers
40131278,Tools and Equipment|Miscellaneous or unclassified|Irrigation tubing,4,Tools and Equipment,12,Miscellaneous or unclassified,1278,Irrigation tubing
40131279,Tools and Equipment|Miscellaneous or unclassified|Ishihara plates,4,Tools and Equipment,12,Miscellaneous or unclassified,1279,Ishihara plates
40131280,Tools and Equipment|Miscellaneous or unclassified|J-bars,4,Tools and Equipment,12,Miscellaneous or unclassified,1280,J-bars
40131281,Tools and Equipment|Miscellaneous or unclassified|Jack stands,4,Tools and Equipment,12,Miscellaneous or unclassified,1281,Jack stands
40131282,Tools and Equipment|Miscellaneous or unclassified|Jaw crushers,4,Tools and Equipment,12,Miscellaneous or unclassified,1282,Jaw crushers
40131283,Tools and Equipment|Miscellaneous or unclassified|Jet skis,4,Tools and Equipment,12,Miscellaneous or unclassified,1283,Jet skis
40131284,Tools and Equipment|Miscellaneous or unclassified|Jib hoists,4,Tools and Equipment,12,Miscellaneous or unclassified,1284,Jib hoists
40131285,Tools and Equipment|Miscellaneous or unclassified|Jibs,4,Tools and Equipment,12,Miscellaneous or unclassified,1285,Jibs
40131286,Tools and Equipment|Miscellaneous or unclassified|Jig borers,4,Tools and Equipment,12,Miscellaneous or unclassified,1286,Jig borers
40131287,Tools and Equipment|Miscellaneous or unclassified|Jig bores,4,Tools and Equipment,12,Miscellaneous or unclassified,1287,Jig bores
40131288,Tools and Equipment|Miscellaneous or unclassified|Jig saws,4,Tools and Equipment,12,Miscellaneous or unclassified,1288,Jig saws
40131289,Tools and Equipment|Miscellaneous or unclassified|Jiggers,4,Tools and Equipment,12,Miscellaneous or unclassified,1289,Jiggers
40131290,Tools and Equipment|Miscellaneous or unclassified|Jigsaws,4,Tools and Equipment,12,Miscellaneous or unclassified,1290,Jigsaws
40131291,Tools and Equipment|Miscellaneous or unclassified|Joy sticks,4,Tools and Equipment,12,Miscellaneous or unclassified,1291,Joy sticks
40131292,Tools and Equipment|Miscellaneous or unclassified|Juice dispensers,4,Tools and Equipment,12,Miscellaneous or unclassified,1292,Juice dispensers
40131293,Tools and Equipment|Miscellaneous or unclassified|Karl Fischer titrators,4,Tools and Equipment,12,Miscellaneous or unclassified,1293,Karl Fischer titrators
40131294,Tools and Equipment|Miscellaneous or unclassified|Key extractors,4,Tools and Equipment,12,Miscellaneous or unclassified,1294,Key extractors
40131295,Tools and Equipment|Miscellaneous or unclassified|Keyhole saws,4,Tools and Equipment,12,Miscellaneous or unclassified,1295,Keyhole saws
40131296,Tools and Equipment|Miscellaneous or unclassified|Keyless entry systems,4,Tools and Equipment,12,Miscellaneous or unclassified,1296,Keyless entry systems
40131297,Tools and Equipment|Miscellaneous or unclassified|Kiln carts,4,Tools and Equipment,12,Miscellaneous or unclassified,1297,Kiln carts
40131298,Tools and Equipment|Miscellaneous or unclassified|Knee braces,4,Tools and Equipment,12,Miscellaneous or unclassified,1298,Knee braces
40131299,Tools and Equipment|Miscellaneous or unclassified|Knee immobilizers,4,Tools and Equipment,12,Miscellaneous or unclassified,1299,Knee immobilizers
40131300,Tools and Equipment|Miscellaneous or unclassified|Knee mills,4,Tools and Equipment,12,Miscellaneous or unclassified,1300,Knee mills
40131301,Tools and Equipment|Miscellaneous or unclassified|Knife blades,4,Tools and Equipment,12,Miscellaneous or unclassified,1301,Knife blades
40131302,Tools and Equipment|Miscellaneous or unclassified|Knockout punches,4,Tools and Equipment,12,Miscellaneous or unclassified,1302,Knockout punches
40131303,Tools and Equipment|Miscellaneous or unclassified|Label applicators,4,Tools and Equipment,12,Miscellaneous or unclassified,1303,Label applicators
40131304,Tools and Equipment|Miscellaneous or unclassified|Label makers,4,Tools and Equipment,12,Miscellaneous or unclassified,1304,Label makers
40131305,Tools and Equipment|Miscellaneous or unclassified|Label making equipment,4,Tools and Equipment,12,Miscellaneous or unclassified,1305,Label making equipment
40131306,Tools and Equipment|Miscellaneous or unclassified|Labeling equipment,4,Tools and Equipment,12,Miscellaneous or unclassified,1306,Labeling equipment
40131307,Tools and Equipment|Miscellaneous or unclassified|Labeling machines,4,Tools and Equipment,12,Miscellaneous or unclassified,1307,Labeling machines
40131308,Tools and Equipment|Miscellaneous or unclassified|Laboratory balances,4,Tools and Equipment,12,Miscellaneous or unclassified,1308,Laboratory balances
40131309,Tools and Equipment|Miscellaneous or unclassified|Laboratory coats,4,Tools and Equipment,12,Miscellaneous or unclassified,1309,Laboratory coats
40131310,Tools and Equipment|Miscellaneous or unclassified|Laboratory fume hoods,4,Tools and Equipment,12,Miscellaneous or unclassified,1310,Laboratory fume hoods
40131311,Tools and Equipment|Miscellaneous or unclassified|Laboratory ovens,4,Tools and Equipment,12,Miscellaneous or unclassified,1311,Laboratory ovens
40131312,Tools and Equipment|Miscellaneous or unclassified|Laboratory precision balances,4,Tools and Equipment,12,Miscellaneous or unclassified,1312,Laboratory precision balances
40131313,Tools and Equipment|Miscellaneous or unclassified|Laboratory refrigerators,4,Tools and Equipment,12,Miscellaneous or unclassified,1313,Laboratory refrigerators
40131314,Tools and Equipment|Miscellaneous or unclassified|Laboratory scales,4,Tools and Equipment,12,Miscellaneous or unclassified,1314,Laboratory scales
40131315,Tools and Equipment|Miscellaneous or unclassified|Lacrosse sticks,4,Tools and Equipment,12,Miscellaneous or unclassified,1315,Lacrosse sticks
40131316,Tools and Equipment|Miscellaneous or unclassified|Ladder trucks,4,Tools and Equipment,12,Miscellaneous or unclassified,1316,Ladder trucks
40131317,Tools and Equipment|Miscellaneous or unclassified|Ladles,4,Tools and Equipment,12,Miscellaneous or unclassified,1317,Ladles
40131318,Tools and Equipment|Miscellaneous or unclassified|Laminar flow cabinets,4,Tools and Equipment,12,Miscellaneous or unclassified,1318,Laminar flow cabinets
40131319,Tools and Equipment|Miscellaneous or unclassified|Laminate trimmers,4,Tools and Equipment,12,Miscellaneous or unclassified,1319,Laminate trimmers
40131320,Tools and Equipment|Miscellaneous or unclassified|Laminating equipment,4,Tools and Equipment,12,Miscellaneous or unclassified,1320,Laminating equipment
40131321,Tools and Equipment|Miscellaneous or unclassified|Laminators,4,Tools and Equipment,12,Miscellaneous or unclassified,1321,Laminators
40131322,Tools and Equipment|Miscellaneous or unclassified|Lancets,4,Tools and Equipment,12,Miscellaneous or unclassified,1322,Lancets
40131323,Tools and Equipment|Miscellaneous or unclassified|Land drilling rigs,4,Tools and Equipment,12,Miscellaneous or unclassified,1323,Land drilling rigs
40131324,Tools and Equipment|Miscellaneous or unclassified|Land rollers,4,Tools and Equipment,12,Miscellaneous or unclassified,1324,Land rollers
40131325,Tools and Equipment|Miscellaneous or unclassified|Landfill gas collection systems,4,Tools and Equipment,12,Miscellaneous or unclassified,1325,Landfill gas collection systems
40131326,Tools and Equipment|Miscellaneous or unclassified|Landscape rakes,4,Tools and Equipment,12,Miscellaneous or unclassified,1326,Landscape rakes
40131327,Tools and Equipment|Miscellaneous or unclassified|Lanterns,4,Tools and Equipment,12,Miscellaneous or unclassified,1327,Lanterns
40131328,Tools and Equipment|Miscellaneous or unclassified|Laparoscopic equipment,4,Tools and Equipment,12,Miscellaneous or unclassified,1328,Laparoscopic equipment
40131329,Tools and Equipment|Miscellaneous or unclassified|Large format cameras,4,Tools and Equipment,12,Miscellaneous or unclassified,1329,Large format cameras
40131330,Tools and Equipment|Miscellaneous or unclassified|Large format printers,4,Tools and Equipment,12,Miscellaneous or unclassified,1330,Large format printers
40131331,Tools and Equipment|Miscellaneous or unclassified|Laryngoscopes,4,Tools and Equipment,12,Miscellaneous or unclassified,1331,Laryngoscopes
40131332,Tools and Equipment|Miscellaneous or unclassified|Laser alignment tools,4,Tools and Equipment,12,Miscellaneous or unclassified,1332,Laser alignment tools
40131333,Tools and Equipment|Miscellaneous or unclassified|Laser cutting equipment,4,Tools and Equipment,12,Miscellaneous or unclassified,1333,Laser cutting equipment
40131334,Tools and Equipment|Miscellaneous or unclassified|Laser cutting machines,4,Tools and Equipment,12,Miscellaneous or unclassified,1334,Laser cutting machines
40131335,Tools and Equipment|Miscellaneous or unclassified|Laser engravers,4,Tools and Equipment,12,Miscellaneous or unclassified,1335,Laser engravers
40131336,Tools and Equipment|Miscellaneous or unclassified|Laser measuring devices,4,Tools and Equipment,12,Miscellaneous or unclassified,1336,Laser measuring devices
40131337,Tools and Equipment|Miscellaneous or unclassified|Laser measuring equipment,4,Tools and Equipment,12,Miscellaneous or unclassified,1337,Laser measuring equipment
40131338,Tools and Equipment|Miscellaneous or unclassified|Laser measuring tools,4,Tools and Equipment,12,Miscellaneous or unclassified,1338,Laser measuring tools
40131339,Tools and Equipment|Miscellaneous or unclassified|Laser micrometers,4,Tools and Equipment,12,Miscellaneous or unclassified,1339,Laser micrometers
40131340,Tools and Equipment|Miscellaneous or unclassified|Laser pointers,4,Tools and Equipment,12,Miscellaneous or unclassified,1340,Laser pointers
40131341,Tools and Equipment|Miscellaneous or unclassified|Laser systems,4,Tools and Equipment,12,Miscellaneous or unclassified,1341,Laser systems
40131342,Tools and Equipment|Miscellaneous or unclassified|Laser theodolites,4,Tools and Equipment,12,Miscellaneous or unclassified,1342,Laser theodolites
40131343,Tools and Equipment|Miscellaneous or unclassified|Laser welding equipment,4,Tools and Equipment,12,Miscellaneous or unclassified,1343,Laser welding equipment
40131344,Tools and Equipment|Miscellaneous or unclassified|Law enforcement vehicles,4,Tools and Equipment,12,Miscellaneous or unclassified,1344,Law enforcement vehicles
40131345,Tools and Equipment|Miscellaneous or unclassified|Lawn edgers,4,Tools and Equipment,12,Miscellaneous or unclassified,1345,Lawn edgers
40131346,Tools and Equipment|Miscellaneous or unclassified|Lawn mowing tractors,4,Tools and Equipment,12,Miscellaneous or unclassified,1346,Lawn mowing tractors
40131347,Tools and Equipment|Miscellaneous or unclassified|Lawn sprinklers,4,Tools and Equipment,12,Miscellaneous or unclassified,1347,Lawn sprinklers
40131348,Tools and Equipment|Miscellaneous or unclassified|Layout sticks,4,Tools and Equipment,12,Miscellaneous or unclassified,1348,Layout sticks
40131349,Tools and Equipment|Miscellaneous or unclassified|Layout templates,4,Tools and Equipment,12,Miscellaneous or unclassified,1349,Layout templates
40131350,Tools and Equipment|Miscellaneous or unclassified|Leader cards,4,Tools and Equipment,12,Miscellaneous or unclassified,1350,Leader cards
40131351,Tools and Equipment|Miscellaneous or unclassified|Leak detection equipment,4,Tools and Equipment,12,Miscellaneous or unclassified,1351,Leak detection equipment
40131352,Tools and Equipment|Miscellaneous or unclassified|Leak detectors,4,Tools and Equipment,12,Miscellaneous or unclassified,1352,Leak detectors
40131353,Tools and Equipment|Miscellaneous or unclassified|Leashes,4,Tools and Equipment,12,Miscellaneous or unclassified,1353,Leashes
40131354,Tools and Equipment|Miscellaneous or unclassified|Leather gloves,4,Tools and Equipment,12,Miscellaneous or unclassified,1354,Leather gloves
40131355,Tools and Equipment|Miscellaneous or unclassified|Ledger sheets,4,Tools and Equipment,12,Miscellaneous or unclassified,1355,Ledger sheets
40131356,Tools and Equipment|Miscellaneous or unclassified|Leg irons,4,Tools and Equipment,12,Miscellaneous or unclassified,1356,Leg irons
40131357,Tools and Equipment|Miscellaneous or unclassified|Lenel Onguard,4,Tools and Equipment,12,Miscellaneous or unclassified,1357,Lenel Onguard
40131358,Tools and Equipment|Miscellaneous or unclassified|Lens analyzers,4,Tools and Equipment,12,Miscellaneous or unclassified,1358,Lens analyzers
40131359,Tools and Equipment|Miscellaneous or unclassified|Lens filters,4,Tools and Equipment,12,Miscellaneous or unclassified,1359,Lens filters
40131360,Tools and Equipment|Miscellaneous or unclassified|Lensometers,4,Tools and Equipment,12,Miscellaneous or unclassified,1360,Lensometers
40131361,Tools and Equipment|Miscellaneous or unclassified|Level indicators,4,Tools and Equipment,12,Miscellaneous or unclassified,1361,Level indicators
40131362,Tools and Equipment|Miscellaneous or unclassified|Level probes,4,Tools and Equipment,12,Miscellaneous or unclassified,1362,Level probes
40131363,Tools and Equipment|Miscellaneous or unclassified|Level protractors,4,Tools and Equipment,12,Miscellaneous or unclassified,1363,Level protractors
40131364,Tools and Equipment|Miscellaneous or unclassified|Level transmitters,4,Tools and Equipment,12,Miscellaneous or unclassified,1364,Level transmitters
40131365,Tools and Equipment|Miscellaneous or unclassified|Life jackets,4,Tools and Equipment,12,Miscellaneous or unclassified,1365,Life jackets
40131366,Tools and Equipment|Miscellaneous or unclassified|Life preservers,4,Tools and Equipment,12,Miscellaneous or unclassified,1366,Life preservers
40131367,Tools and Equipment|Miscellaneous or unclassified|Life vests,4,Tools and Equipment,12,Miscellaneous or unclassified,1367,Life vests
40131368,Tools and Equipment|Miscellaneous or unclassified|Lifeboats,4,Tools and Equipment,12,Miscellaneous or unclassified,1368,Lifeboats
40131369,Tools and Equipment|Miscellaneous or unclassified|Lifelines,4,Tools and Equipment,12,Miscellaneous or unclassified,1369,Lifelines
40131370,Tools and Equipment|Miscellaneous or unclassified|Lift bars,4,Tools and Equipment,12,Miscellaneous or unclassified,1370,Lift bars
40131371,Tools and Equipment|Miscellaneous or unclassified|Lift beams,4,Tools and Equipment,12,Miscellaneous or unclassified,1371,Lift beams
40131372,Tools and Equipment|Miscellaneous or unclassified|Lift chairs,4,Tools and Equipment,12,Miscellaneous or unclassified,1372,Lift chairs
40131373,Tools and Equipment|Miscellaneous or unclassified|Lifting arms,4,Tools and Equipment,12,Miscellaneous or unclassified,1373,Lifting arms
40131374,Tools and Equipment|Miscellaneous or unclassified|Lifting hooks,4,Tools and Equipment,12,Miscellaneous or unclassified,1374,Lifting hooks
40131375,Tools and Equipment|Miscellaneous or unclassified|Lifting jacks,4,Tools and Equipment,12,Miscellaneous or unclassified,1375,Lifting jacks
40131376,Tools and Equipment|Miscellaneous or unclassified|Lifting platforms,4,Tools and Equipment,12,Miscellaneous or unclassified,1376,Lifting platforms
40131377,Tools and Equipment|Miscellaneous or unclassified|Lifting sling,4,Tools and Equipment,12,Miscellaneous or unclassified,1377,Lifting sling
40131378,Tools and Equipment|Miscellaneous or unclassified|Lifting slings,4,Tools and Equipment,12,Miscellaneous or unclassified,1378,Lifting slings
40131379,Tools and Equipment|Miscellaneous or unclassified|Light boards,4,Tools and Equipment,12,Miscellaneous or unclassified,1379,Light boards
40131380,Tools and Equipment|Miscellaneous or unclassified|Light boxes,4,Tools and Equipment,12,Miscellaneous or unclassified,1380,Light boxes
40131381,Tools and Equipment|Miscellaneous or unclassified|Light meters,4,Tools and Equipment,12,Miscellaneous or unclassified,1381,Light meters
40131382,Tools and Equipment|Miscellaneous or unclassified|Light microscopes,4,Tools and Equipment,12,Miscellaneous or unclassified,1382,Light microscopes
40131383,Tools and Equipment|Miscellaneous or unclassified|Light traps,4,Tools and Equipment,12,Miscellaneous or unclassified,1383,Light traps
40131384,Tools and Equipment|Miscellaneous or unclassified|Lighting grids,4,Tools and Equipment,12,Miscellaneous or unclassified,1384,Lighting grids
40131385,Tools and Equipment|Miscellaneous or unclassified|Lightning protection systems,4,Tools and Equipment,12,Miscellaneous or unclassified,1385,Lightning protection systems
40131386,Tools and Equipment|Miscellaneous or unclassified|Limit switches,4,Tools and Equipment,12,Miscellaneous or unclassified,1386,Limit switches
40131387,Tools and Equipment|Miscellaneous or unclassified|Line cutters,4,Tools and Equipment,12,Miscellaneous or unclassified,1387,Line cutters
40131388,Tools and Equipment|Miscellaneous or unclassified|Line lasers,4,Tools and Equipment,12,Miscellaneous or unclassified,1388,Line lasers
40131389,Tools and Equipment|Miscellaneous or unclassified|Line locators,4,Tools and Equipment,12,Miscellaneous or unclassified,1389,Line locators
40131390,Tools and Equipment|Miscellaneous or unclassified|Line setters,4,Tools and Equipment,12,Miscellaneous or unclassified,1390,Line setters
40131391,Tools and Equipment|Miscellaneous or unclassified|Line throwing appliances,4,Tools and Equipment,12,Miscellaneous or unclassified,1391,Line throwing appliances
40131392,Tools and Equipment|Miscellaneous or unclassified|Line trucks,4,Tools and Equipment,12,Miscellaneous or unclassified,1392,Line trucks
40131393,Tools and Equipment|Miscellaneous or unclassified|Linear accelerator equipment,4,Tools and Equipment,12,Miscellaneous or unclassified,1393,Linear accelerator equipment
40131394,Tools and Equipment|Miscellaneous or unclassified|Lint filters,4,Tools and Equipment,12,Miscellaneous or unclassified,1394,Lint filters
40131395,Tools and Equipment|Miscellaneous or unclassified|Liquid filling machines,4,Tools and Equipment,12,Miscellaneous or unclassified,1395,Liquid filling machines
40131396,Tools and Equipment|Miscellaneous or unclassified|Liquid handling robots,4,Tools and Equipment,12,Miscellaneous or unclassified,1396,Liquid handling robots
40131397,Tools and Equipment|Miscellaneous or unclassified|Liquid nitrogen freezers,4,Tools and Equipment,12,Miscellaneous or unclassified,1397,Liquid nitrogen freezers
40131398,Tools and Equipment|Miscellaneous or unclassified|Liquid pumps,4,Tools and Equipment,12,Miscellaneous or unclassified,1398,Liquid pumps
40131399,Tools and Equipment|Miscellaneous or unclassified|Liquid ring pumps,4,Tools and Equipment,12,Miscellaneous or unclassified,1399,Liquid ring pumps
40131400,Tools and Equipment|Miscellaneous or unclassified|Liquid storage tanks,4,Tools and Equipment,12,Miscellaneous or unclassified,1400,Liquid storage tanks
40131401,Tools and Equipment|Miscellaneous or unclassified|Live microphones,4,Tools and Equipment,12,Miscellaneous or unclassified,1401,Live microphones
40131402,Tools and Equipment|Miscellaneous or unclassified|Live traps,4,Tools and Equipment,12,Miscellaneous or unclassified,1402,Live traps
40131403,Tools and Equipment|Miscellaneous or unclassified|Load cells,4,Tools and Equipment,12,Miscellaneous or unclassified,1403,Load cells
40131404,Tools and Equipment|Miscellaneous or unclassified|Load frames,4,Tools and Equipment,12,Miscellaneous or unclassified,1404,Load frames
40131405,Tools and Equipment|Miscellaneous or unclassified|Load hooks,4,Tools and Equipment,12,Miscellaneous or unclassified,1405,Load hooks
40131406,Tools and Equipment|Miscellaneous or unclassified|Load testers,4,Tools and Equipment,12,Miscellaneous or unclassified,1406,Load testers
40131407,Tools and Equipment|Miscellaneous or unclassified|Loader backhoes,4,Tools and Equipment,12,Miscellaneous or unclassified,1407,Loader backhoes
40131408,Tools and Equipment|Miscellaneous or unclassified|Loading scales,4,Tools and Equipment,12,Miscellaneous or unclassified,1408,Loading scales
40131409,Tools and Equipment|Miscellaneous or unclassified|Local exhaust ventilation LEV systems,4,Tools and Equipment,12,Miscellaneous or unclassified,1409,Local exhaust ventilation LEV systems
40131410,Tools and Equipment|Miscellaneous or unclassified|Locomotive air brakes,4,Tools and Equipment,12,Miscellaneous or unclassified,1410,Locomotive air brakes
40131411,Tools and Equipment|Miscellaneous or unclassified|Log loaders,4,Tools and Equipment,12,Miscellaneous or unclassified,1411,Log loaders
40131412,Tools and Equipment|Miscellaneous or unclassified|Log stackers,4,Tools and Equipment,12,Miscellaneous or unclassified,1412,Log stackers
40131413,Tools and Equipment|Miscellaneous or unclassified|Log trailers,4,Tools and Equipment,12,Miscellaneous or unclassified,1413,Log trailers
40131414,Tools and Equipment|Miscellaneous or unclassified|Logic analyzers,4,Tools and Equipment,12,Miscellaneous or unclassified,1414,Logic analyzers
40131415,Tools and Equipment|Miscellaneous or unclassified|Logic probes,4,Tools and Equipment,12,Miscellaneous or unclassified,1415,Logic probes
40131416,Tools and Equipment|Miscellaneous or unclassified|Long canes,4,Tools and Equipment,12,Miscellaneous or unclassified,1416,Long canes
40131417,Tools and Equipment|Miscellaneous or unclassified|Long nose pliers,4,Tools and Equipment,12,Miscellaneous or unclassified,1417,Long nose pliers
40131418,Tools and Equipment|Miscellaneous or unclassified|Looms,4,Tools and Equipment,12,Miscellaneous or unclassified,1418,Looms
40131419,Tools and Equipment|Miscellaneous or unclassified|Loop tools,4,Tools and Equipment,12,Miscellaneous or unclassified,1419,Loop tools
40131420,Tools and Equipment|Miscellaneous or unclassified|Loppers,4,Tools and Equipment,12,Miscellaneous or unclassified,1420,Loppers
40131421,Tools and Equipment|Miscellaneous or unclassified|Lottery machines,4,Tools and Equipment,12,Miscellaneous or unclassified,1421,Lottery machines
40131422,Tools and Equipment|Miscellaneous or unclassified|Loudspeaker systems,4,Tools and Equipment,12,Miscellaneous or unclassified,1422,Loudspeaker systems
40131423,Tools and Equipment|Miscellaneous or unclassified|Loudspeakers,4,Tools and Equipment,12,Miscellaneous or unclassified,1423,Loudspeakers
40131424,Tools and Equipment|Miscellaneous or unclassified|Loupes,4,Tools and Equipment,12,Miscellaneous or unclassified,1424,Loupes
40131425,Tools and Equipment|Miscellaneous or unclassified|Low boys,4,Tools and Equipment,12,Miscellaneous or unclassified,1425,Low boys
40131426,Tools and Equipment|Miscellaneous or unclassified|Low temperature freezers,4,Tools and Equipment,12,Miscellaneous or unclassified,1426,Low temperature freezers
40131427,Tools and Equipment|Miscellaneous or unclassified|Lowboy trailers,4,Tools and Equipment,12,Miscellaneous or unclassified,1427,Lowboy trailers
40131428,Tools and Equipment|Miscellaneous or unclassified|Lowboys,4,Tools and Equipment,12,Miscellaneous or unclassified,1428,Lowboys
40131429,Tools and Equipment|Miscellaneous or unclassified|Lower extremity prosthetic devices,4,Tools and Equipment,12,Miscellaneous or unclassified,1429,Lower extremity prosthetic devices
40131430,Tools and Equipment|Miscellaneous or unclassified|Lug wrenches,4,Tools and Equipment,12,Miscellaneous or unclassified,1430,Lug wrenches
40131431,Tools and Equipment|Miscellaneous or unclassified|Luggage carts,4,Tools and Equipment,12,Miscellaneous or unclassified,1431,Luggage carts
40131432,Tools and Equipment|Miscellaneous or unclassified|Luminometers,4,Tools and Equipment,12,Miscellaneous or unclassified,1432,Luminometers
40131433,Tools and Equipment|Miscellaneous or unclassified|Lyophilizers,4,Tools and Equipment,12,Miscellaneous or unclassified,1433,Lyophilizers
40131434,Tools and Equipment|Miscellaneous or unclassified|Lysimeters,4,Tools and Equipment,12,Miscellaneous or unclassified,1434,Lysimeters
40131435,Tools and Equipment|Miscellaneous or unclassified|MP3 players,4,Tools and Equipment,12,Miscellaneous or unclassified,1435,MP3 players
40131436,Tools and Equipment|Miscellaneous or unclassified|Machine lathes,4,Tools and Equipment,12,Miscellaneous or unclassified,1436,Machine lathes
40131437,Tools and Equipment|Miscellaneous or unclassified|Machine markers,4,Tools and Equipment,12,Miscellaneous or unclassified,1437,Machine markers
40131438,Tools and Equipment|Miscellaneous or unclassified|Machine rollers,4,Tools and Equipment,12,Miscellaneous or unclassified,1438,Machine rollers
40131439,Tools and Equipment|Miscellaneous or unclassified|Machine templates,4,Tools and Equipment,12,Miscellaneous or unclassified,1439,Machine templates
40131440,Tools and Equipment|Miscellaneous or unclassified|Magnehelic gauges,4,Tools and Equipment,12,Miscellaneous or unclassified,1440,Magnehelic gauges
40131441,Tools and Equipment|Miscellaneous or unclassified|Magnetic locators,4,Tools and Equipment,12,Miscellaneous or unclassified,1441,Magnetic locators
40131442,Tools and Equipment|Miscellaneous or unclassified|Magnetic separators,4,Tools and Equipment,12,Miscellaneous or unclassified,1442,Magnetic separators
40131443,Tools and Equipment|Miscellaneous or unclassified|Magnetic tape recorders,4,Tools and Equipment,12,Miscellaneous or unclassified,1443,Magnetic tape recorders
40131444,Tools and Equipment|Miscellaneous or unclassified|Magnetometers,4,Tools and Equipment,12,Miscellaneous or unclassified,1444,Magnetometers
40131445,Tools and Equipment|Miscellaneous or unclassified|Magnifiers,4,Tools and Equipment,12,Miscellaneous or unclassified,1445,Magnifiers
40131446,Tools and Equipment|Miscellaneous or unclassified|Magnifying glasses,4,Tools and Equipment,12,Miscellaneous or unclassified,1446,Magnifying glasses
40131447,Tools and Equipment|Miscellaneous or unclassified|Magnifying lamps,4,Tools and Equipment,12,Miscellaneous or unclassified,1447,Magnifying lamps
40131448,Tools and Equipment|Miscellaneous or unclassified|Mail bags,4,Tools and Equipment,12,Miscellaneous or unclassified,1448,Mail bags
40131449,Tools and Equipment|Miscellaneous or unclassified|Mail carts,4,Tools and Equipment,12,Miscellaneous or unclassified,1449,Mail carts
40131450,Tools and Equipment|Miscellaneous or unclassified|Mail sorting machines,4,Tools and Equipment,12,Miscellaneous or unclassified,1450,Mail sorting machines
40131451,Tools and Equipment|Miscellaneous or unclassified|Mailing machines,4,Tools and Equipment,12,Miscellaneous or unclassified,1451,Mailing machines
40131452,Tools and Equipment|Miscellaneous or unclassified|Maintenance planning systems,4,Tools and Equipment,12,Miscellaneous or unclassified,1452,Maintenance planning systems
40131453,Tools and Equipment|Miscellaneous or unclassified|Maintenance tracking software,4,Tools and Equipment,12,Miscellaneous or unclassified,1453,Maintenance tracking software
40131454,Tools and Equipment|Miscellaneous or unclassified|Mallets,4,Tools and Equipment,12,Miscellaneous or unclassified,1454,Mallets
40131455,Tools and Equipment|Miscellaneous or unclassified|Mandolines,4,Tools and Equipment,12,Miscellaneous or unclassified,1455,Mandolines
40131456,Tools and Equipment|Miscellaneous or unclassified|Mandolins,4,Tools and Equipment,12,Miscellaneous or unclassified,1456,Mandolins
40131457,Tools and Equipment|Miscellaneous or unclassified|Manicure tables,4,Tools and Equipment,12,Miscellaneous or unclassified,1457,Manicure tables
40131458,Tools and Equipment|Miscellaneous or unclassified|Manometers,4,Tools and Equipment,12,Miscellaneous or unclassified,1458,Manometers
40131459,Tools and Equipment|Miscellaneous or unclassified|Manual lathes,4,Tools and Equipment,12,Miscellaneous or unclassified,1459,Manual lathes
40131460,Tools and Equipment|Miscellaneous or unclassified|Manual mills,4,Tools and Equipment,12,Miscellaneous or unclassified,1460,Manual mills
40131461,Tools and Equipment|Miscellaneous or unclassified|Manual rollers,4,Tools and Equipment,12,Miscellaneous or unclassified,1461,Manual rollers
40131462,Tools and Equipment|Miscellaneous or unclassified|Manual shears,4,Tools and Equipment,12,Miscellaneous or unclassified,1462,Manual shears
40131463,Tools and Equipment|Miscellaneous or unclassified|Manure scrapers,4,Tools and Equipment,12,Miscellaneous or unclassified,1463,Manure scrapers
40131464,Tools and Equipment|Miscellaneous or unclassified|Manure spreaders,4,Tools and Equipment,12,Miscellaneous or unclassified,1464,Manure spreaders
40131465,Tools and Equipment|Miscellaneous or unclassified|Map templates,4,Tools and Equipment,12,Miscellaneous or unclassified,1465,Map templates
40131466,Tools and Equipment|Miscellaneous or unclassified|Masonry saws,4,Tools and Equipment,12,Miscellaneous or unclassified,1466,Masonry saws
40131467,Tools and Equipment|Miscellaneous or unclassified|Mass flow meters,4,Tools and Equipment,12,Miscellaneous or unclassified,1467,Mass flow meters
40131468,Tools and Equipment|Miscellaneous or unclassified|Mass spectrometers,4,Tools and Equipment,12,Miscellaneous or unclassified,1468,Mass spectrometers
40131469,Tools and Equipment|Miscellaneous or unclassified|Mass spectrometry equipment,4,Tools and Equipment,12,Miscellaneous or unclassified,1469,Mass spectrometry equipment
40131470,Tools and Equipment|Miscellaneous or unclassified|Massage equipment,4,Tools and Equipment,12,Miscellaneous or unclassified,1470,Massage equipment
40131471,Tools and Equipment|Miscellaneous or unclassified|Massage tables,4,Tools and Equipment,12,Miscellaneous or unclassified,1471,Massage tables
40131472,Tools and Equipment|Miscellaneous or unclassified|Massagers,4,Tools and Equipment,12,Miscellaneous or unclassified,1472,Massagers
40131473,Tools and Equipment|Miscellaneous or unclassified|Master control switchers,4,Tools and Equipment,12,Miscellaneous or unclassified,1473,Master control switchers
40131474,Tools and Equipment|Miscellaneous or unclassified|Material carts,4,Tools and Equipment,12,Miscellaneous or unclassified,1474,Material carts
40131475,Tools and Equipment|Miscellaneous or unclassified|Material handling aerial devices,4,Tools and Equipment,12,Miscellaneous or unclassified,1475,Material handling aerial devices
40131476,Tools and Equipment|Miscellaneous or unclassified|Material hoists,4,Tools and Equipment,12,Miscellaneous or unclassified,1476,Material hoists
40131477,Tools and Equipment|Miscellaneous or unclassified|Material hoppers,4,Tools and Equipment,12,Miscellaneous or unclassified,1477,Material hoppers
40131478,Tools and Equipment|Miscellaneous or unclassified|Mattocks,4,Tools and Equipment,12,Miscellaneous or unclassified,1478,Mattocks
40131479,Tools and Equipment|Miscellaneous or unclassified|Measurement calipers,4,Tools and Equipment,12,Miscellaneous or unclassified,1479,Measurement calipers
40131480,Tools and Equipment|Miscellaneous or unclassified|Measuring chains,4,Tools and Equipment,12,Miscellaneous or unclassified,1480,Measuring chains
40131481,Tools and Equipment|Miscellaneous or unclassified|Measuring instruments,4,Tools and Equipment,12,Miscellaneous or unclassified,1481,Measuring instruments
40131482,Tools and Equipment|Miscellaneous or unclassified|Measuring spoons,4,Tools and Equipment,12,Miscellaneous or unclassified,1482,Measuring spoons
40131483,Tools and Equipment|Miscellaneous or unclassified|Measuring sticks,4,Tools and Equipment,12,Miscellaneous or unclassified,1483,Measuring sticks
40131484,Tools and Equipment|Miscellaneous or unclassified|Measuring utensils,4,Tools and Equipment,12,Miscellaneous or unclassified,1484,Measuring utensils
40131485,Tools and Equipment|Miscellaneous or unclassified|Measuring wheels,4,Tools and Equipment,12,Miscellaneous or unclassified,1485,Measuring wheels
40131486,Tools and Equipment|Miscellaneous or unclassified|Meat cutting machines,4,Tools and Equipment,12,Miscellaneous or unclassified,1486,Meat cutting machines
40131487,Tools and Equipment|Miscellaneous or unclassified|Meat grinders,4,Tools and Equipment,12,Miscellaneous or unclassified,1487,Meat grinders
40131488,Tools and Equipment|Miscellaneous or unclassified|Meat saws,4,Tools and Equipment,12,Miscellaneous or unclassified,1488,Meat saws
40131489,Tools and Equipment|Miscellaneous or unclassified|Mechanical hoists,4,Tools and Equipment,12,Miscellaneous or unclassified,1489,Mechanical hoists
40131490,Tools and Equipment|Miscellaneous or unclassified|Mechanical lift devices,4,Tools and Equipment,12,Miscellaneous or unclassified,1490,Mechanical lift devices
40131491,Tools and Equipment|Miscellaneous or unclassified|Mechanical restraints,4,Tools and Equipment,12,Miscellaneous or unclassified,1491,Mechanical restraints
40131492,Tools and Equipment|Miscellaneous or unclassified|Mechanical shakers,4,Tools and Equipment,12,Miscellaneous or unclassified,1492,Mechanical shakers
40131493,Tools and Equipment|Miscellaneous or unclassified|Mechanical sweepers,4,Tools and Equipment,12,Miscellaneous or unclassified,1493,Mechanical sweepers
40131494,Tools and Equipment|Miscellaneous or unclassified|Media blasters,4,Tools and Equipment,12,Miscellaneous or unclassified,1494,Media blasters
40131495,Tools and Equipment|Miscellaneous or unclassified|Medical face masks,4,Tools and Equipment,12,Miscellaneous or unclassified,1495,Medical face masks
40131496,Tools and Equipment|Miscellaneous or unclassified|Medical lasers,4,Tools and Equipment,12,Miscellaneous or unclassified,1496,Medical lasers
40131497,Tools and Equipment|Miscellaneous or unclassified|Medication administration systems,4,Tools and Equipment,12,Miscellaneous or unclassified,1497,Medication administration systems
40131498,Tools and Equipment|Miscellaneous or unclassified|Medication dispensing machines,4,Tools and Equipment,12,Miscellaneous or unclassified,1498,Medication dispensing machines
40131499,Tools and Equipment|Miscellaneous or unclassified|Medicine balls,4,Tools and Equipment,12,Miscellaneous or unclassified,1499,Medicine balls
40131500,Tools and Equipment|Miscellaneous or unclassified|Meggers,4,Tools and Equipment,12,Miscellaneous or unclassified,1500,Meggers
40131501,Tools and Equipment|Miscellaneous or unclassified|Megohmmeters,4,Tools and Equipment,12,Miscellaneous or unclassified,1501,Megohmmeters
40131502,Tools and Equipment|Miscellaneous or unclassified|Melting point apparatus,4,Tools and Equipment,12,Miscellaneous or unclassified,1502,Melting point apparatus
40131503,Tools and Equipment|Miscellaneous or unclassified|Melting tanks,4,Tools and Equipment,12,Miscellaneous or unclassified,1503,Melting tanks
40131504,Tools and Equipment|Miscellaneous or unclassified|Mercury manometers,4,Tools and Equipment,12,Miscellaneous or unclassified,1504,Mercury manometers
40131505,Tools and Equipment|Miscellaneous or unclassified|Metabolic carts,4,Tools and Equipment,12,Miscellaneous or unclassified,1505,Metabolic carts
40131506,Tools and Equipment|Miscellaneous or unclassified|Metal bending equipment,4,Tools and Equipment,12,Miscellaneous or unclassified,1506,Metal bending equipment
40131507,Tools and Equipment|Miscellaneous or unclassified|Metal cutters,4,Tools and Equipment,12,Miscellaneous or unclassified,1507,Metal cutters
40131508,Tools and Equipment|Miscellaneous or unclassified|Metal cutting band saws,4,Tools and Equipment,12,Miscellaneous or unclassified,1508,Metal cutting band saws
40131509,Tools and Equipment|Miscellaneous or unclassified|Metal grinders,4,Tools and Equipment,12,Miscellaneous or unclassified,1509,Metal grinders
40131510,Tools and Equipment|Miscellaneous or unclassified|Metal handcuffs,4,Tools and Equipment,12,Miscellaneous or unclassified,1510,Metal handcuffs
40131511,Tools and Equipment|Miscellaneous or unclassified|Metal shears,4,Tools and Equipment,12,Miscellaneous or unclassified,1511,Metal shears
40131512,Tools and Equipment|Miscellaneous or unclassified|Metal snips,4,Tools and Equipment,12,Miscellaneous or unclassified,1512,Metal snips
40131513,Tools and Equipment|Miscellaneous or unclassified|Metal spray equipment,4,Tools and Equipment,12,Miscellaneous or unclassified,1513,Metal spray equipment
40131514,Tools and Equipment|Miscellaneous or unclassified|Metal stamping dies,4,Tools and Equipment,12,Miscellaneous or unclassified,1514,Metal stamping dies
40131515,Tools and Equipment|Miscellaneous or unclassified|Metering pumps,4,Tools and Equipment,12,Miscellaneous or unclassified,1515,Metering pumps
40131516,Tools and Equipment|Miscellaneous or unclassified|Metric calipers,4,Tools and Equipment,12,Miscellaneous or unclassified,1516,Metric calipers
40131517,Tools and Equipment|Miscellaneous or unclassified|Metric measuring tapes,4,Tools and Equipment,12,Miscellaneous or unclassified,1517,Metric measuring tapes
40131518,Tools and Equipment|Miscellaneous or unclassified|Metric weights,4,Tools and Equipment,12,Miscellaneous or unclassified,1518,Metric weights
40131519,Tools and Equipment|Miscellaneous or unclassified|Microdermabrasion machines,4,Tools and Equipment,12,Miscellaneous or unclassified,1519,Microdermabrasion machines
40131520,Tools and Equipment|Miscellaneous or unclassified|Microfiche machines,4,Tools and Equipment,12,Miscellaneous or unclassified,1520,Microfiche machines
40131521,Tools and Equipment|Miscellaneous or unclassified|Microfilm readers,4,Tools and Equipment,12,Miscellaneous or unclassified,1521,Microfilm readers
40131522,Tools and Equipment|Miscellaneous or unclassified|Microgrids (electrical),4,Tools and Equipment,12,Miscellaneous or unclassified,1522,Microgrids (electrical)
40131523,Tools and Equipment|Miscellaneous or unclassified|Micron gauges,4,Tools and Equipment,12,Miscellaneous or unclassified,1523,Micron gauges
40131524,Tools and Equipment|Miscellaneous or unclassified|Micropipettes,4,Tools and Equipment,12,Miscellaneous or unclassified,1524,Micropipettes
40131525,Tools and Equipment|Miscellaneous or unclassified|Microplate readers,4,Tools and Equipment,12,Miscellaneous or unclassified,1525,Microplate readers
40131526,Tools and Equipment|Miscellaneous or unclassified|Microscope slides,4,Tools and Equipment,12,Miscellaneous or unclassified,1526,Microscope slides
40131527,Tools and Equipment|Miscellaneous or unclassified|Microtiter plates,4,Tools and Equipment,12,Miscellaneous or unclassified,1527,Microtiter plates
40131528,Tools and Equipment|Miscellaneous or unclassified|Microtomes,4,Tools and Equipment,12,Miscellaneous or unclassified,1528,Microtomes
40131529,Tools and Equipment|Miscellaneous or unclassified|Microwave digestion instruments,4,Tools and Equipment,12,Miscellaneous or unclassified,1529,Microwave digestion instruments
40131530,Tools and Equipment|Miscellaneous or unclassified|Microwave digestion systems,4,Tools and Equipment,12,Miscellaneous or unclassified,1530,Microwave digestion systems
40131531,Tools and Equipment|Miscellaneous or unclassified|Milking equipment,4,Tools and Equipment,12,Miscellaneous or unclassified,1531,Milking equipment
40131532,Tools and Equipment|Miscellaneous or unclassified|Milking machines,4,Tools and Equipment,12,Miscellaneous or unclassified,1532,Milking machines
40131533,Tools and Equipment|Miscellaneous or unclassified|Milling equipment,4,Tools and Equipment,12,Miscellaneous or unclassified,1533,Milling equipment
40131534,Tools and Equipment|Miscellaneous or unclassified|Mincing machines,4,Tools and Equipment,12,Miscellaneous or unclassified,1534,Mincing machines
40131535,Tools and Equipment|Miscellaneous or unclassified|Mini loaders,4,Tools and Equipment,12,Miscellaneous or unclassified,1535,Mini loaders
40131536,Tools and Equipment|Miscellaneous or unclassified|Minibuses,4,Tools and Equipment,12,Miscellaneous or unclassified,1536,Minibuses
40131537,Tools and Equipment|Miscellaneous or unclassified|Minicomputers,4,Tools and Equipment,12,Miscellaneous or unclassified,1537,Minicomputers
40131538,Tools and Equipment|Miscellaneous or unclassified|Mining shovels,4,Tools and Equipment,12,Miscellaneous or unclassified,1538,Mining shovels
40131539,Tools and Equipment|Miscellaneous or unclassified|Miter saws,4,Tools and Equipment,12,Miscellaneous or unclassified,1539,Miter saws
40131540,Tools and Equipment|Miscellaneous or unclassified|Mixer trucks,4,Tools and Equipment,12,Miscellaneous or unclassified,1540,Mixer trucks
40131541,Tools and Equipment|Miscellaneous or unclassified|Mixing machines,4,Tools and Equipment,12,Miscellaneous or unclassified,1541,Mixing machines
40131542,Tools and Equipment|Miscellaneous or unclassified|Mixing tanks,4,Tools and Equipment,12,Miscellaneous or unclassified,1542,Mixing tanks
40131543,Tools and Equipment|Miscellaneous or unclassified|Mobile cone penetrometer MCP systems,4,Tools and Equipment,12,Miscellaneous or unclassified,1543,Mobile cone penetrometer MCP systems
40131544,Tools and Equipment|Miscellaneous or unclassified|Mobile data terminals,4,Tools and Equipment,12,Miscellaneous or unclassified,1544,Mobile data terminals
40131545,Tools and Equipment|Miscellaneous or unclassified|Mobile radios,4,Tools and Equipment,12,Miscellaneous or unclassified,1545,Mobile radios
40131546,Tools and Equipment|Miscellaneous or unclassified|Mobile robots,4,Tools and Equipment,12,Miscellaneous or unclassified,1546,Mobile robots
40131547,Tools and Equipment|Miscellaneous or unclassified|Mobile telephones,4,Tools and Equipment,12,Miscellaneous or unclassified,1547,Mobile telephones
40131548,Tools and Equipment|Miscellaneous or unclassified|Mobile welding units,4,Tools and Equipment,12,Miscellaneous or unclassified,1548,Mobile welding units
40131549,Tools and Equipment|Miscellaneous or unclassified|Model stands,4,Tools and Equipment,12,Miscellaneous or unclassified,1549,Model stands
40131550,Tools and Equipment|Miscellaneous or unclassified|Moisture analyzers,4,Tools and Equipment,12,Miscellaneous or unclassified,1550,Moisture analyzers
40131551,Tools and Equipment|Miscellaneous or unclassified|Molding presses,4,Tools and Equipment,12,Miscellaneous or unclassified,1551,Molding presses
40131552,Tools and Equipment|Miscellaneous or unclassified|Mole sieves,4,Tools and Equipment,12,Miscellaneous or unclassified,1552,Mole sieves
40131553,Tools and Equipment|Miscellaneous or unclassified|Money management software,4,Tools and Equipment,12,Miscellaneous or unclassified,1553,Money management software
40131554,Tools and Equipment|Miscellaneous or unclassified|Monorail cranes,4,Tools and Equipment,12,Miscellaneous or unclassified,1554,Monorail cranes
40131555,Tools and Equipment|Miscellaneous or unclassified|Mooring buoys,4,Tools and Equipment,12,Miscellaneous or unclassified,1555,Mooring buoys
40131556,Tools and Equipment|Miscellaneous or unclassified|Mooring lines,4,Tools and Equipment,12,Miscellaneous or unclassified,1556,Mooring lines
40131557,Tools and Equipment|Miscellaneous or unclassified|Mooring winches,4,Tools and Equipment,12,Miscellaneous or unclassified,1557,Mooring winches
40131558,Tools and Equipment|Miscellaneous or unclassified|Mopeds,4,Tools and Equipment,12,Miscellaneous or unclassified,1558,Mopeds
40131559,Tools and Equipment|Miscellaneous or unclassified|Mortars,4,Tools and Equipment,12,Miscellaneous or unclassified,1559,Mortars
40131560,Tools and Equipment|Miscellaneous or unclassified|Motion capture systems,4,Tools and Equipment,12,Miscellaneous or unclassified,1560,Motion capture systems
40131561,Tools and Equipment|Miscellaneous or unclassified|Motion control systems,4,Tools and Equipment,12,Miscellaneous or unclassified,1561,Motion control systems
40131562,Tools and Equipment|Miscellaneous or unclassified|Motor compressors,4,Tools and Equipment,12,Miscellaneous or unclassified,1562,Motor compressors
40131563,Tools and Equipment|Miscellaneous or unclassified|Motor graders,4,Tools and Equipment,12,Miscellaneous or unclassified,1563,Motor graders
40131564,Tools and Equipment|Miscellaneous or unclassified|Motorized carts,4,Tools and Equipment,12,Miscellaneous or unclassified,1564,Motorized carts
40131565,Tools and Equipment|Miscellaneous or unclassified|Motorized hand trucks,4,Tools and Equipment,12,Miscellaneous or unclassified,1565,Motorized hand trucks
40131566,Tools and Equipment|Miscellaneous or unclassified|Motorized lifts,4,Tools and Equipment,12,Miscellaneous or unclassified,1566,Motorized lifts
40131567,Tools and Equipment|Miscellaneous or unclassified|Motorized scooters,4,Tools and Equipment,12,Miscellaneous or unclassified,1567,Motorized scooters
40131568,Tools and Equipment|Miscellaneous or unclassified|Motorized wheelchairs,4,Tools and Equipment,12,Miscellaneous or unclassified,1568,Motorized wheelchairs
40131569,Tools and Equipment|Miscellaneous or unclassified|Mountain bikes,4,Tools and Equipment,12,Miscellaneous or unclassified,1569,Mountain bikes
40131570,Tools and Equipment|Miscellaneous or unclassified|Mounting presses,4,Tools and Equipment,12,Miscellaneous or unclassified,1570,Mounting presses
40131571,Tools and Equipment|Miscellaneous or unclassified|Mouth guards,4,Tools and Equipment,12,Miscellaneous or unclassified,1571,Mouth guards
40131572,Tools and Equipment|Miscellaneous or unclassified|Moving carts,4,Tools and Equipment,12,Miscellaneous or unclassified,1572,Moving carts
40131573,Tools and Equipment|Miscellaneous or unclassified|Moving straps,4,Tools and Equipment,12,Miscellaneous or unclassified,1573,Moving straps
40131574,Tools and Equipment|Miscellaneous or unclassified|Mud agitators,4,Tools and Equipment,12,Miscellaneous or unclassified,1574,Mud agitators
40131575,Tools and Equipment|Miscellaneous or unclassified|Mud mixing equipment,4,Tools and Equipment,12,Miscellaneous or unclassified,1575,Mud mixing equipment
40131576,Tools and Equipment|Miscellaneous or unclassified|Muffin pans,4,Tools and Equipment,12,Miscellaneous or unclassified,1576,Muffin pans
40131577,Tools and Equipment|Miscellaneous or unclassified|Multi function printers,4,Tools and Equipment,12,Miscellaneous or unclassified,1577,Multi function printers
40131578,Tools and Equipment|Miscellaneous or unclassified|Multi-axis mills,4,Tools and Equipment,12,Miscellaneous or unclassified,1578,Multi-axis mills
40131579,Tools and Equipment|Miscellaneous or unclassified|Multi-line switchboards,4,Tools and Equipment,12,Miscellaneous or unclassified,1579,Multi-line switchboards
40131580,Tools and Equipment|Miscellaneous or unclassified|Multi-line telephone systems,4,Tools and Equipment,12,Miscellaneous or unclassified,1580,Multi-line telephone systems
40131581,Tools and Equipment|Miscellaneous or unclassified|Multi-needle sewing machines,4,Tools and Equipment,12,Miscellaneous or unclassified,1581,Multi-needle sewing machines
40131582,Tools and Equipment|Miscellaneous or unclassified|Multiline telephone systems,4,Tools and Equipment,12,Miscellaneous or unclassified,1582,Multiline telephone systems
40131583,Tools and Equipment|Miscellaneous or unclassified|Multimedia projectors,4,Tools and Equipment,12,Miscellaneous or unclassified,1583,Multimedia projectors
40131584,Tools and Equipment|Miscellaneous or unclassified|Multiple blade sawing machines,4,Tools and Equipment,12,Miscellaneous or unclassified,1584,Multiple blade sawing machines
40131585,Tools and Equipment|Miscellaneous or unclassified|Nail pullers,4,Tools and Equipment,12,Miscellaneous or unclassified,1585,Nail pullers
40131586,Tools and Equipment|Miscellaneous or unclassified|Nail sets,4,Tools and Equipment,12,Miscellaneous or unclassified,1586,Nail sets
40131587,Tools and Equipment|Miscellaneous or unclassified|Nailing machines,4,Tools and Equipment,12,Miscellaneous or unclassified,1587,Nailing machines
40131588,Tools and Equipment|Miscellaneous or unclassified|Navigation lights,4,Tools and Equipment,12,Miscellaneous or unclassified,1588,Navigation lights
40131589,Tools and Equipment|Miscellaneous or unclassified|Needle machines,4,Tools and Equipment,12,Miscellaneous or unclassified,1589,Needle machines
40131590,Tools and Equipment|Miscellaneous or unclassified|Needle nose pliers,4,Tools and Equipment,12,Miscellaneous or unclassified,1590,Needle nose pliers
40131591,Tools and Equipment|Miscellaneous or unclassified|Negative pressure respirators,4,Tools and Equipment,12,Miscellaneous or unclassified,1591,Negative pressure respirators
40131592,Tools and Equipment|Miscellaneous or unclassified|Nerve stimulators,4,Tools and Equipment,12,Miscellaneous or unclassified,1592,Nerve stimulators
40131593,Tools and Equipment|Miscellaneous or unclassified|Network analyzers,4,Tools and Equipment,12,Miscellaneous or unclassified,1593,Network analyzers
40131594,Tools and Equipment|Miscellaneous or unclassified|Network cable testers,4,Tools and Equipment,12,Miscellaneous or unclassified,1594,Network cable testers
40131595,Tools and Equipment|Miscellaneous or unclassified|Network cabling systems,4,Tools and Equipment,12,Miscellaneous or unclassified,1595,Network cabling systems
40131596,Tools and Equipment|Miscellaneous or unclassified|Network file servers,4,Tools and Equipment,12,Miscellaneous or unclassified,1596,Network file servers
40131597,Tools and Equipment|Miscellaneous or unclassified|Network protocol analyzers,4,Tools and Equipment,12,Miscellaneous or unclassified,1597,Network protocol analyzers
40131598,Tools and Equipment|Miscellaneous or unclassified|Network routers,4,Tools and Equipment,12,Miscellaneous or unclassified,1598,Network routers
40131599,Tools and Equipment|Miscellaneous or unclassified|Network video recorders,4,Tools and Equipment,12,Miscellaneous or unclassified,1599,Network video recorders
40131600,Tools and Equipment|Miscellaneous or unclassified|Nibblers,4,Tools and Equipment,12,Miscellaneous or unclassified,1600,Nibblers
40131601,Tools and Equipment|Miscellaneous or unclassified|Night vision goggles,4,Tools and Equipment,12,Miscellaneous or unclassified,1601,Night vision goggles
40131602,Tools and Equipment|Miscellaneous or unclassified|Nitrile gloves,4,Tools and Equipment,12,Miscellaneous or unclassified,1602,Nitrile gloves
40131603,Tools and Equipment|Miscellaneous or unclassified|Nitrogen pumps,4,Tools and Equipment,12,Miscellaneous or unclassified,1603,Nitrogen pumps
40131604,Tools and Equipment|Miscellaneous or unclassified|Noise figure meters,4,Tools and Equipment,12,Miscellaneous or unclassified,1604,Noise figure meters
40131605,Tools and Equipment|Miscellaneous or unclassified|Noise meters,4,Tools and Equipment,12,Miscellaneous or unclassified,1605,Noise meters
40131606,Tools and Equipment|Miscellaneous or unclassified|Noise monitoring equipment,4,Tools and Equipment,12,Miscellaneous or unclassified,1606,Noise monitoring equipment
40131607,Tools and Equipment|Miscellaneous or unclassified|Non-contact thermometers,4,Tools and Equipment,12,Miscellaneous or unclassified,1607,Non-contact thermometers
40131608,Tools and Equipment|Miscellaneous or unclassified|Nuclear densometers,4,Tools and Equipment,12,Miscellaneous or unclassified,1608,Nuclear densometers
40131609,Tools and Equipment|Miscellaneous or unclassified|Nuclear magnetic resonance NMR spectrometers,4,Tools and Equipment,12,Miscellaneous or unclassified,1609,Nuclear magnetic resonance NMR spectrometers
40131610,Tools and Equipment|Miscellaneous or unclassified|Numbering machines,4,Tools and Equipment,12,Miscellaneous or unclassified,1610,Numbering machines
40131611,Tools and Equipment|Miscellaneous or unclassified|Nut drivers,4,Tools and Equipment,12,Miscellaneous or unclassified,1611,Nut drivers
40131612,Tools and Equipment|Miscellaneous or unclassified|Nutrition management software,4,Tools and Equipment,12,Miscellaneous or unclassified,1612,Nutrition management software
40131613,Tools and Equipment|Miscellaneous or unclassified|Odor control equipment,4,Tools and Equipment,12,Miscellaneous or unclassified,1613,Odor control equipment
40131614,Tools and Equipment|Miscellaneous or unclassified|Ohm meters,4,Tools and Equipment,12,Miscellaneous or unclassified,1614,Ohm meters
40131615,Tools and Equipment|Miscellaneous or unclassified|Oil distributors,4,Tools and Equipment,12,Miscellaneous or unclassified,1615,Oil distributors
40131616,Tools and Equipment|Miscellaneous or unclassified|Oil filter wrenches,4,Tools and Equipment,12,Miscellaneous or unclassified,1616,Oil filter wrenches
40131617,Tools and Equipment|Miscellaneous or unclassified|Oil furnaces,4,Tools and Equipment,12,Miscellaneous or unclassified,1617,Oil furnaces
40131618,Tools and Equipment|Miscellaneous or unclassified|Oil separators,4,Tools and Equipment,12,Miscellaneous or unclassified,1618,Oil separators
40131619,Tools and Equipment|Miscellaneous or unclassified|Oilcans,4,Tools and Equipment,12,Miscellaneous or unclassified,1619,Oilcans
40131620,Tools and Equipment|Miscellaneous or unclassified|Oiling equipment,4,Tools and Equipment,12,Miscellaneous or unclassified,1620,Oiling equipment
40131621,Tools and Equipment|Miscellaneous or unclassified|On board computers,4,Tools and Equipment,12,Miscellaneous or unclassified,1621,On board computers
40131622,Tools and Equipment|Miscellaneous or unclassified|On-board computers,4,Tools and Equipment,12,Miscellaneous or unclassified,1622,On-board computers
40131623,Tools and Equipment|Miscellaneous or unclassified|Open end wrenches,4,Tools and Equipment,12,Miscellaneous or unclassified,1623,Open end wrenches
40131624,Tools and Equipment|Miscellaneous or unclassified|Operating microscopes,4,Tools and Equipment,12,Miscellaneous or unclassified,1624,Operating microscopes
40131625,Tools and Equipment|Miscellaneous or unclassified|Operator consoles,4,Tools and Equipment,12,Miscellaneous or unclassified,1625,Operator consoles
40131626,Tools and Equipment|Miscellaneous or unclassified|Operator terminals,4,Tools and Equipment,12,Miscellaneous or unclassified,1626,Operator terminals
40131627,Tools and Equipment|Miscellaneous or unclassified|Ophthalmoscopes,4,Tools and Equipment,12,Miscellaneous or unclassified,1627,Ophthalmoscopes
40131628,Tools and Equipment|Miscellaneous or unclassified|Optical character recognition equipment,4,Tools and Equipment,12,Miscellaneous or unclassified,1628,Optical character recognition equipment
40131629,Tools and Equipment|Miscellaneous or unclassified|Optical detectors,4,Tools and Equipment,12,Miscellaneous or unclassified,1629,Optical detectors
40131630,Tools and Equipment|Miscellaneous or unclassified|Optical emission spectrometers,4,Tools and Equipment,12,Miscellaneous or unclassified,1630,Optical emission spectrometers
40131631,Tools and Equipment|Miscellaneous or unclassified|Optical gauges,4,Tools and Equipment,12,Miscellaneous or unclassified,1631,Optical gauges
40131632,Tools and Equipment|Miscellaneous or unclassified|Optical levels,4,Tools and Equipment,12,Miscellaneous or unclassified,1632,Optical levels
40131633,Tools and Equipment|Miscellaneous or unclassified|Optical mounts,4,Tools and Equipment,12,Miscellaneous or unclassified,1633,Optical mounts
40131634,Tools and Equipment|Miscellaneous or unclassified|Optical power meters,4,Tools and Equipment,12,Miscellaneous or unclassified,1634,Optical power meters
40131635,Tools and Equipment|Miscellaneous or unclassified|Optical price scanners,4,Tools and Equipment,12,Miscellaneous or unclassified,1635,Optical price scanners
40131636,Tools and Equipment|Miscellaneous or unclassified|Optical prisms,4,Tools and Equipment,12,Miscellaneous or unclassified,1636,Optical prisms
40131637,Tools and Equipment|Miscellaneous or unclassified|Optical scanners,4,Tools and Equipment,12,Miscellaneous or unclassified,1637,Optical scanners
40131638,Tools and Equipment|Miscellaneous or unclassified|Optical sensors,4,Tools and Equipment,12,Miscellaneous or unclassified,1638,Optical sensors
40131639,Tools and Equipment|Miscellaneous or unclassified|Optical spectrum analyzers,4,Tools and Equipment,12,Miscellaneous or unclassified,1639,Optical spectrum analyzers
40131640,Tools and Equipment|Miscellaneous or unclassified|Optical tables,4,Tools and Equipment,12,Miscellaneous or unclassified,1640,Optical tables
40131641,Tools and Equipment|Miscellaneous or unclassified|Orbital sanders,4,Tools and Equipment,12,Miscellaneous or unclassified,1641,Orbital sanders
40131642,Tools and Equipment|Miscellaneous or unclassified|Orbital shakers,4,Tools and Equipment,12,Miscellaneous or unclassified,1642,Orbital shakers
40131643,Tools and Equipment|Miscellaneous or unclassified|Organic carbon analyzers,4,Tools and Equipment,12,Miscellaneous or unclassified,1643,Organic carbon analyzers
40131644,Tools and Equipment|Miscellaneous or unclassified|Orthotic devices,4,Tools and Equipment,12,Miscellaneous or unclassified,1644,Orthotic devices
40131645,Tools and Equipment|Miscellaneous or unclassified|Osmometers,4,Tools and Equipment,12,Miscellaneous or unclassified,1645,Osmometers
40131646,Tools and Equipment|Miscellaneous or unclassified|Ostomy bags,4,Tools and Equipment,12,Miscellaneous or unclassified,1646,Ostomy bags
40131647,Tools and Equipment|Miscellaneous or unclassified|Ostomy equipment,4,Tools and Equipment,12,Miscellaneous or unclassified,1647,Ostomy equipment
40131648,Tools and Equipment|Miscellaneous or unclassified|Otoscopes,4,Tools and Equipment,12,Miscellaneous or unclassified,1648,Otoscopes
40131649,Tools and Equipment|Miscellaneous or unclassified|Outriggers,4,Tools and Equipment,12,Miscellaneous or unclassified,1649,Outriggers
40131650,Tools and Equipment|Miscellaneous or unclassified|Outside calipers,4,Tools and Equipment,12,Miscellaneous or unclassified,1650,Outside calipers
40131651,Tools and Equipment|Miscellaneous or unclassified|Outside micrometers,4,Tools and Equipment,12,Miscellaneous or unclassified,1651,Outside micrometers
40131652,Tools and Equipment|Miscellaneous or unclassified|Overhead hoists,4,Tools and Equipment,12,Miscellaneous or unclassified,1652,Overhead hoists
40131653,Tools and Equipment|Miscellaneous or unclassified|Overhead projectors,4,Tools and Equipment,12,Miscellaneous or unclassified,1653,Overhead projectors
40131654,Tools and Equipment|Miscellaneous or unclassified|Overlock sewing machines,4,Tools and Equipment,12,Miscellaneous or unclassified,1654,Overlock sewing machines
40131655,Tools and Equipment|Miscellaneous or unclassified|Oxyacetylene welding equipment,4,Tools and Equipment,12,Miscellaneous or unclassified,1655,Oxyacetylene welding equipment
40131656,Tools and Equipment|Miscellaneous or unclassified|Oxygen analyzers,4,Tools and Equipment,12,Miscellaneous or unclassified,1656,Oxygen analyzers
40131657,Tools and Equipment|Miscellaneous or unclassified|Oxygen concentrators,4,Tools and Equipment,12,Miscellaneous or unclassified,1657,Oxygen concentrators
40131658,Tools and Equipment|Miscellaneous or unclassified|Oxygen cylinders,4,Tools and Equipment,12,Miscellaneous or unclassified,1658,Oxygen cylinders
40131659,Tools and Equipment|Miscellaneous or unclassified|Oxygen lances,4,Tools and Equipment,12,Miscellaneous or unclassified,1659,Oxygen lances
40131660,Tools and Equipment|Miscellaneous or unclassified|Oxygen masks,4,Tools and Equipment,12,Miscellaneous or unclassified,1660,Oxygen masks
40131661,Tools and Equipment|Miscellaneous or unclassified|Oxygen meters,4,Tools and Equipment,12,Miscellaneous or unclassified,1661,Oxygen meters
40131662,Tools and Equipment|Miscellaneous or unclassified|Oxygen saturation monitors,4,Tools and Equipment,12,Miscellaneous or unclassified,1662,Oxygen saturation monitors
40131663,Tools and Equipment|Miscellaneous or unclassified|Oxygen sensors,4,Tools and Equipment,12,Miscellaneous or unclassified,1663,Oxygen sensors
40131664,Tools and Equipment|Miscellaneous or unclassified|Oxygen supplies,4,Tools and Equipment,12,Miscellaneous or unclassified,1664,Oxygen supplies
40131665,Tools and Equipment|Miscellaneous or unclassified|Oxygen tanks,4,Tools and Equipment,12,Miscellaneous or unclassified,1665,Oxygen tanks
40131666,Tools and Equipment|Miscellaneous or unclassified|Oxygen therapy equipment,4,Tools and Equipment,12,Miscellaneous or unclassified,1666,Oxygen therapy equipment
40131667,Tools and Equipment|Miscellaneous or unclassified|Oxygen torches,4,Tools and Equipment,12,Miscellaneous or unclassified,1667,Oxygen torches
40131668,Tools and Equipment|Miscellaneous or unclassified|Oxygen tubing,4,Tools and Equipment,12,Miscellaneous or unclassified,1668,Oxygen tubing
40131669,Tools and Equipment|Miscellaneous or unclassified|Ozone generators,4,Tools and Equipment,12,Miscellaneous or unclassified,1669,Ozone generators
40131670,Tools and Equipment|Miscellaneous or unclassified|Ozone sterilizers,4,Tools and Equipment,12,Miscellaneous or unclassified,1670,Ozone sterilizers
40131671,Tools and Equipment|Miscellaneous or unclassified|Packet sniffers,4,Tools and Equipment,12,Miscellaneous or unclassified,1671,Packet sniffers
40131672,Tools and Equipment|Miscellaneous or unclassified|Packing gauges,4,Tools and Equipment,12,Miscellaneous or unclassified,1672,Packing gauges
40131673,Tools and Equipment|Miscellaneous or unclassified|Paint guns,4,Tools and Equipment,12,Miscellaneous or unclassified,1673,Paint guns
40131674,Tools and Equipment|Miscellaneous or unclassified|Paint mixers,4,Tools and Equipment,12,Miscellaneous or unclassified,1674,Paint mixers
40131675,Tools and Equipment|Miscellaneous or unclassified|Paint rollers,4,Tools and Equipment,12,Miscellaneous or unclassified,1675,Paint rollers
40131676,Tools and Equipment|Miscellaneous or unclassified|Paint shakers,4,Tools and Equipment,12,Miscellaneous or unclassified,1676,Paint shakers
40131677,Tools and Equipment|Miscellaneous or unclassified|Paint spray booths,4,Tools and Equipment,12,Miscellaneous or unclassified,1677,Paint spray booths
40131678,Tools and Equipment|Miscellaneous or unclassified|Paint spray guns,4,Tools and Equipment,12,Miscellaneous or unclassified,1678,Paint spray guns
40131679,Tools and Equipment|Miscellaneous or unclassified|Paint spraying equipment,4,Tools and Equipment,12,Miscellaneous or unclassified,1679,Paint spraying equipment
40131680,Tools and Equipment|Miscellaneous or unclassified|Paint stripping equipment,4,Tools and Equipment,12,Miscellaneous or unclassified,1680,Paint stripping equipment
40131681,Tools and Equipment|Miscellaneous or unclassified|Painters whites,4,Tools and Equipment,12,Miscellaneous or unclassified,1681,Painters whites
40131682,Tools and Equipment|Miscellaneous or unclassified|Pallet forks,4,Tools and Equipment,12,Miscellaneous or unclassified,1682,Pallet forks
40131683,Tools and Equipment|Miscellaneous or unclassified|Pallet riders,4,Tools and Equipment,12,Miscellaneous or unclassified,1683,Pallet riders
40131684,Tools and Equipment|Miscellaneous or unclassified|Panel lights,4,Tools and Equipment,12,Miscellaneous or unclassified,1684,Panel lights
40131685,Tools and Equipment|Miscellaneous or unclassified|Panel saws,4,Tools and Equipment,12,Miscellaneous or unclassified,1685,Panel saws
40131686,Tools and Equipment|Miscellaneous or unclassified|Panel tools,4,Tools and Equipment,12,Miscellaneous or unclassified,1686,Panel tools
40131687,Tools and Equipment|Miscellaneous or unclassified|Panelboards,4,Tools and Equipment,12,Miscellaneous or unclassified,1687,Panelboards
40131688,Tools and Equipment|Miscellaneous or unclassified|Paper drills,4,Tools and Equipment,12,Miscellaneous or unclassified,1688,Paper drills
40131689,Tools and Equipment|Miscellaneous or unclassified|Paper folders,4,Tools and Equipment,12,Miscellaneous or unclassified,1689,Paper folders
40131690,Tools and Equipment|Miscellaneous or unclassified|Paper scissors,4,Tools and Equipment,12,Miscellaneous or unclassified,1690,Paper scissors
40131691,Tools and Equipment|Miscellaneous or unclassified|Parachute flares,4,Tools and Equipment,12,Miscellaneous or unclassified,1691,Parachute flares
40131692,Tools and Equipment|Miscellaneous or unclassified|Parachutes,4,Tools and Equipment,12,Miscellaneous or unclassified,1692,Parachutes
40131693,Tools and Equipment|Miscellaneous or unclassified|Parallel bars,4,Tools and Equipment,12,Miscellaneous or unclassified,1693,Parallel bars
40131694,Tools and Equipment|Miscellaneous or unclassified|Parallel blocks,4,Tools and Equipment,12,Miscellaneous or unclassified,1694,Parallel blocks
40131695,Tools and Equipment|Miscellaneous or unclassified|Parallel computers,4,Tools and Equipment,12,Miscellaneous or unclassified,1695,Parallel computers
40131696,Tools and Equipment|Miscellaneous or unclassified|Parking signs,4,Tools and Equipment,12,Miscellaneous or unclassified,1696,Parking signs
40131697,Tools and Equipment|Miscellaneous or unclassified|Particle counters,4,Tools and Equipment,12,Miscellaneous or unclassified,1697,Particle counters
40131698,Tools and Equipment|Miscellaneous or unclassified|Particle size analyzers,4,Tools and Equipment,12,Miscellaneous or unclassified,1698,Particle size analyzers
40131699,Tools and Equipment|Miscellaneous or unclassified|Particulate filters,4,Tools and Equipment,12,Miscellaneous or unclassified,1699,Particulate filters
40131700,Tools and Equipment|Miscellaneous or unclassified|Particulate monitors,4,Tools and Equipment,12,Miscellaneous or unclassified,1700,Particulate monitors
40131701,Tools and Equipment|Miscellaneous or unclassified|Parts washers,4,Tools and Equipment,12,Miscellaneous or unclassified,1701,Parts washers
40131702,Tools and Equipment|Miscellaneous or unclassified|Passenger buses,4,Tools and Equipment,12,Miscellaneous or unclassified,1702,Passenger buses
40131703,Tools and Equipment|Miscellaneous or unclassified|Passive samplers,4,Tools and Equipment,12,Miscellaneous or unclassified,1703,Passive samplers
40131704,Tools and Equipment|Miscellaneous or unclassified|Pasta cookers,4,Tools and Equipment,12,Miscellaneous or unclassified,1704,Pasta cookers
40131705,Tools and Equipment|Miscellaneous or unclassified|Pasta machines,4,Tools and Equipment,12,Miscellaneous or unclassified,1705,Pasta machines
40131706,Tools and Equipment|Miscellaneous or unclassified|Pastry bags,4,Tools and Equipment,12,Miscellaneous or unclassified,1706,Pastry bags
40131707,Tools and Equipment|Miscellaneous or unclassified|Patient airways,4,Tools and Equipment,12,Miscellaneous or unclassified,1707,Patient airways
40131708,Tools and Equipment|Miscellaneous or unclassified|Patient immobilization devices,4,Tools and Equipment,12,Miscellaneous or unclassified,1708,Patient immobilization devices
40131709,Tools and Equipment|Miscellaneous or unclassified|Patient lifting devices,4,Tools and Equipment,12,Miscellaneous or unclassified,1709,Patient lifting devices
40131710,Tools and Equipment|Miscellaneous or unclassified|Patient restraints,4,Tools and Equipment,12,Miscellaneous or unclassified,1710,Patient restraints
40131711,Tools and Equipment|Miscellaneous or unclassified|Patient simulators,4,Tools and Equipment,12,Miscellaneous or unclassified,1711,Patient simulators
40131712,Tools and Equipment|Miscellaneous or unclassified|Patient stretchers,4,Tools and Equipment,12,Miscellaneous or unclassified,1712,Patient stretchers
40131713,Tools and Equipment|Miscellaneous or unclassified|Patient wheelchairs,4,Tools and Equipment,12,Miscellaneous or unclassified,1713,Patient wheelchairs
40131714,Tools and Equipment|Miscellaneous or unclassified|Patrol boats,4,Tools and Equipment,12,Miscellaneous or unclassified,1714,Patrol boats
40131715,Tools and Equipment|Miscellaneous or unclassified|Patrol cars,4,Tools and Equipment,12,Miscellaneous or unclassified,1715,Patrol cars
40131716,Tools and Equipment|Miscellaneous or unclassified|Pattern plates,4,Tools and Equipment,12,Miscellaneous or unclassified,1716,Pattern plates
40131717,Tools and Equipment|Miscellaneous or unclassified|Pavement breakers,4,Tools and Equipment,12,Miscellaneous or unclassified,1717,Pavement breakers
40131718,Tools and Equipment|Miscellaneous or unclassified|Payment kiosks,4,Tools and Equipment,12,Miscellaneous or unclassified,1718,Payment kiosks
40131719,Tools and Equipment|Miscellaneous or unclassified|Payment processing terminals,4,Tools and Equipment,12,Miscellaneous or unclassified,1719,Payment processing terminals
40131720,Tools and Equipment|Miscellaneous or unclassified|Peaveys,4,Tools and Equipment,12,Miscellaneous or unclassified,1720,Peaveys
40131721,Tools and Equipment|Miscellaneous or unclassified|Pedestal grinders,4,Tools and Equipment,12,Miscellaneous or unclassified,1721,Pedestal grinders
40131722,Tools and Equipment|Miscellaneous or unclassified|Pen tablets,4,Tools and Equipment,12,Miscellaneous or unclassified,1722,Pen tablets
40131723,Tools and Equipment|Miscellaneous or unclassified|Pepper spray,4,Tools and Equipment,12,Miscellaneous or unclassified,1723,Pepper spray
40131724,Tools and Equipment|Miscellaneous or unclassified|Perfect binding machines,4,Tools and Equipment,12,Miscellaneous or unclassified,1724,Perfect binding machines
40131725,Tools and Equipment|Miscellaneous or unclassified|Perforators,4,Tools and Equipment,12,Miscellaneous or unclassified,1725,Perforators
40131726,Tools and Equipment|Miscellaneous or unclassified|Peripherally inserted central catheters PICC,4,Tools and Equipment,12,Miscellaneous or unclassified,1726,Peripherally inserted central catheters PICC
40131727,Tools and Equipment|Miscellaneous or unclassified|Peristaltic pumps,4,Tools and Equipment,12,Miscellaneous or unclassified,1727,Peristaltic pumps
40131728,Tools and Equipment|Miscellaneous or unclassified|Personal floatation devices,4,Tools and Equipment,12,Miscellaneous or unclassified,1728,Personal floatation devices
40131729,Tools and Equipment|Miscellaneous or unclassified|Personal flotation devices,4,Tools and Equipment,12,Miscellaneous or unclassified,1729,Personal flotation devices
40131730,Tools and Equipment|Miscellaneous or unclassified|Personnel lifts,4,Tools and Equipment,12,Miscellaneous or unclassified,1730,Personnel lifts
40131731,Tools and Equipment|Miscellaneous or unclassified|Pesticide sprayers,4,Tools and Equipment,12,Miscellaneous or unclassified,1731,Pesticide sprayers
40131732,Tools and Equipment|Miscellaneous or unclassified|Petrographic microscopes,4,Tools and Equipment,12,Miscellaneous or unclassified,1732,Petrographic microscopes
40131733,Tools and Equipment|Miscellaneous or unclassified|Petroleum trucks,4,Tools and Equipment,12,Miscellaneous or unclassified,1733,Petroleum trucks
40131734,Tools and Equipment|Miscellaneous or unclassified|Phase rotation meters,4,Tools and Equipment,12,Miscellaneous or unclassified,1734,Phase rotation meters
40131735,Tools and Equipment|Miscellaneous or unclassified|Phoropters,4,Tools and Equipment,12,Miscellaneous or unclassified,1735,Phoropters
40131736,Tools and Equipment|Miscellaneous or unclassified|Photocells,4,Tools and Equipment,12,Miscellaneous or unclassified,1736,Photocells
40131737,Tools and Equipment|Miscellaneous or unclassified|Photocopying equipment,4,Tools and Equipment,12,Miscellaneous or unclassified,1737,Photocopying equipment
40131738,Tools and Equipment|Miscellaneous or unclassified|Photodetectors,4,Tools and Equipment,12,Miscellaneous or unclassified,1738,Photodetectors
40131739,Tools and Equipment|Miscellaneous or unclassified|Photometers,4,Tools and Equipment,12,Miscellaneous or unclassified,1739,Photometers
40131740,Tools and Equipment|Miscellaneous or unclassified|Phototherapy equipment,4,Tools and Equipment,12,Miscellaneous or unclassified,1740,Phototherapy equipment
40131741,Tools and Equipment|Miscellaneous or unclassified|Pi tapes,4,Tools and Equipment,12,Miscellaneous or unclassified,1741,Pi tapes
40131742,Tools and Equipment|Miscellaneous or unclassified|Pianos,4,Tools and Equipment,12,Miscellaneous or unclassified,1742,Pianos
40131743,Tools and Equipment|Miscellaneous or unclassified|Pick axes,4,Tools and Equipment,12,Miscellaneous or unclassified,1743,Pick axes
40131744,Tools and Equipment|Miscellaneous or unclassified|Pick hammers,4,Tools and Equipment,12,Miscellaneous or unclassified,1744,Pick hammers
40131745,Tools and Equipment|Miscellaneous or unclassified|Picture archiving and communication systems PACS,4,Tools and Equipment,12,Miscellaneous or unclassified,1745,Picture archiving and communication systems PACS
40131746,Tools and Equipment|Miscellaneous or unclassified|Piezometers,4,Tools and Equipment,12,Miscellaneous or unclassified,1746,Piezometers
40131747,Tools and Equipment|Miscellaneous or unclassified|Pike poles,4,Tools and Equipment,12,Miscellaneous or unclassified,1747,Pike poles
40131748,Tools and Equipment|Miscellaneous or unclassified|Pilates training equipment,4,Tools and Equipment,12,Miscellaneous or unclassified,1748,Pilates training equipment
40131749,Tools and Equipment|Miscellaneous or unclassified|Pile drivers,4,Tools and Equipment,12,Miscellaneous or unclassified,1749,Pile drivers
40131750,Tools and Equipment|Miscellaneous or unclassified|Pile driving equipment,4,Tools and Equipment,12,Miscellaneous or unclassified,1750,Pile driving equipment
40131751,Tools and Equipment|Miscellaneous or unclassified|Pill crushers,4,Tools and Equipment,12,Miscellaneous or unclassified,1751,Pill crushers
40131752,Tools and Equipment|Miscellaneous or unclassified|Pilot ladders,4,Tools and Equipment,12,Miscellaneous or unclassified,1752,Pilot ladders
40131753,Tools and Equipment|Miscellaneous or unclassified|Pin gauges,4,Tools and Equipment,12,Miscellaneous or unclassified,1753,Pin gauges
40131754,Tools and Equipment|Miscellaneous or unclassified|Pin vises,4,Tools and Equipment,12,Miscellaneous or unclassified,1754,Pin vises
40131755,Tools and Equipment|Miscellaneous or unclassified|Pinball machines,4,Tools and Equipment,12,Miscellaneous or unclassified,1755,Pinball machines
40131756,Tools and Equipment|Miscellaneous or unclassified|Pinwheels,4,Tools and Equipment,12,Miscellaneous or unclassified,1756,Pinwheels
40131757,Tools and Equipment|Miscellaneous or unclassified|Pipe benders,4,Tools and Equipment,12,Miscellaneous or unclassified,1757,Pipe benders
40131758,Tools and Equipment|Miscellaneous or unclassified|Pipe bending tools,4,Tools and Equipment,12,Miscellaneous or unclassified,1758,Pipe bending tools
40131759,Tools and Equipment|Miscellaneous or unclassified|Pipe clamps,4,Tools and Equipment,12,Miscellaneous or unclassified,1759,Pipe clamps
40131760,Tools and Equipment|Miscellaneous or unclassified|Pipe cutting machines,4,Tools and Equipment,12,Miscellaneous or unclassified,1760,Pipe cutting machines
40131761,Tools and Equipment|Miscellaneous or unclassified|Pipe lasers,4,Tools and Equipment,12,Miscellaneous or unclassified,1761,Pipe lasers
40131762,Tools and Equipment|Miscellaneous or unclassified|Pipe organs,4,Tools and Equipment,12,Miscellaneous or unclassified,1762,Pipe organs
40131763,Tools and Equipment|Miscellaneous or unclassified|Pipe threaders,4,Tools and Equipment,12,Miscellaneous or unclassified,1763,Pipe threaders
40131764,Tools and Equipment|Miscellaneous or unclassified|Pipe threading machines,4,Tools and Equipment,12,Miscellaneous or unclassified,1764,Pipe threading machines
40131765,Tools and Equipment|Miscellaneous or unclassified|Pipe wrenches,4,Tools and Equipment,12,Miscellaneous or unclassified,1765,Pipe wrenches
40131766,Tools and Equipment|Miscellaneous or unclassified|Pistols,4,Tools and Equipment,12,Miscellaneous or unclassified,1766,Pistols
40131767,Tools and Equipment|Miscellaneous or unclassified|Piston pumps,4,Tools and Equipment,12,Miscellaneous or unclassified,1767,Piston pumps
40131768,Tools and Equipment|Miscellaneous or unclassified|Pitch gauges,4,Tools and Equipment,12,Miscellaneous or unclassified,1768,Pitch gauges
40131769,Tools and Equipment|Miscellaneous or unclassified|Pitot tubes,4,Tools and Equipment,12,Miscellaneous or unclassified,1769,Pitot tubes
40131770,Tools and Equipment|Miscellaneous or unclassified|Pizza cutters,4,Tools and Equipment,12,Miscellaneous or unclassified,1770,Pizza cutters
40131771,Tools and Equipment|Miscellaneous or unclassified|Pizza ovens,4,Tools and Equipment,12,Miscellaneous or unclassified,1771,Pizza ovens
40131772,Tools and Equipment|Miscellaneous or unclassified|Planetary mixers,4,Tools and Equipment,12,Miscellaneous or unclassified,1772,Planetary mixers
40131773,Tools and Equipment|Miscellaneous or unclassified|Plankton nets,4,Tools and Equipment,12,Miscellaneous or unclassified,1773,Plankton nets
40131774,Tools and Equipment|Miscellaneous or unclassified|Plasma cutting machines,4,Tools and Equipment,12,Miscellaneous or unclassified,1774,Plasma cutting machines
40131775,Tools and Equipment|Miscellaneous or unclassified|Plasma enhanced chemical vapor deposition PECVD systems,4,Tools and Equipment,12,Miscellaneous or unclassified,1775,Plasma enhanced chemical vapor deposition PECVD systems
40131776,Tools and Equipment|Miscellaneous or unclassified|Plasma reactors,4,Tools and Equipment,12,Miscellaneous or unclassified,1776,Plasma reactors
40131777,Tools and Equipment|Miscellaneous or unclassified|Plasma spectrometers,4,Tools and Equipment,12,Miscellaneous or unclassified,1777,Plasma spectrometers
40131778,Tools and Equipment|Miscellaneous or unclassified|Plaster knives,4,Tools and Equipment,12,Miscellaneous or unclassified,1778,Plaster knives
40131779,Tools and Equipment|Miscellaneous or unclassified|Plaster molds,4,Tools and Equipment,12,Miscellaneous or unclassified,1779,Plaster molds
40131780,Tools and Equipment|Miscellaneous or unclassified|Plate clamps,4,Tools and Equipment,12,Miscellaneous or unclassified,1780,Plate clamps
40131781,Tools and Equipment|Miscellaneous or unclassified|Plate freezers,4,Tools and Equipment,12,Miscellaneous or unclassified,1781,Plate freezers
40131782,Tools and Equipment|Miscellaneous or unclassified|Plate heat exchangers,4,Tools and Equipment,12,Miscellaneous or unclassified,1782,Plate heat exchangers
40131783,Tools and Equipment|Miscellaneous or unclassified|Plate washers,4,Tools and Equipment,12,Miscellaneous or unclassified,1783,Plate washers
40131784,Tools and Equipment|Miscellaneous or unclassified|Platen presses,4,Tools and Equipment,12,Miscellaneous or unclassified,1784,Platen presses
40131785,Tools and Equipment|Miscellaneous or unclassified|Platform ladders,4,Tools and Equipment,12,Miscellaneous or unclassified,1785,Platform ladders
40131786,Tools and Equipment|Miscellaneous or unclassified|Platform lifts,4,Tools and Equipment,12,Miscellaneous or unclassified,1786,Platform lifts
40131787,Tools and Equipment|Miscellaneous or unclassified|Platform scales,4,Tools and Equipment,12,Miscellaneous or unclassified,1787,Platform scales
40131788,Tools and Equipment|Miscellaneous or unclassified|Platform trucks,4,Tools and Equipment,12,Miscellaneous or unclassified,1788,Platform trucks
40131789,Tools and Equipment|Miscellaneous or unclassified|Plating tank,4,Tools and Equipment,12,Miscellaneous or unclassified,1789,Plating tank
40131790,Tools and Equipment|Miscellaneous or unclassified|Play structures,4,Tools and Equipment,12,Miscellaneous or unclassified,1790,Play structures
40131791,Tools and Equipment|Miscellaneous or unclassified|Plow attachments,4,Tools and Equipment,12,Miscellaneous or unclassified,1791,Plow attachments
40131792,Tools and Equipment|Miscellaneous or unclassified|Plug gauges,4,Tools and Equipment,12,Miscellaneous or unclassified,1792,Plug gauges
40131793,Tools and Equipment|Miscellaneous or unclassified|Pluggers,4,Tools and Equipment,12,Miscellaneous or unclassified,1793,Pluggers
40131794,Tools and Equipment|Miscellaneous or unclassified|Plumb bobs,4,Tools and Equipment,12,Miscellaneous or unclassified,1794,Plumb bobs
40131795,Tools and Equipment|Miscellaneous or unclassified|Plumb lines,4,Tools and Equipment,12,Miscellaneous or unclassified,1795,Plumb lines
40131796,Tools and Equipment|Miscellaneous or unclassified|Plunger lifts,4,Tools and Equipment,12,Miscellaneous or unclassified,1796,Plunger lifts
40131797,Tools and Equipment|Miscellaneous or unclassified|Pneumatic conveyors,4,Tools and Equipment,12,Miscellaneous or unclassified,1797,Pneumatic conveyors
40131798,Tools and Equipment|Miscellaneous or unclassified|Pneumatic grinders,4,Tools and Equipment,12,Miscellaneous or unclassified,1798,Pneumatic grinders
40131799,Tools and Equipment|Miscellaneous or unclassified|Pneumatic hoists,4,Tools and Equipment,12,Miscellaneous or unclassified,1799,Pneumatic hoists
40131800,Tools and Equipment|Miscellaneous or unclassified|Pneumatic nail guns,4,Tools and Equipment,12,Miscellaneous or unclassified,1800,Pneumatic nail guns
40131801,Tools and Equipment|Miscellaneous or unclassified|Pneumatic nailers,4,Tools and Equipment,12,Miscellaneous or unclassified,1801,Pneumatic nailers
40131802,Tools and Equipment|Miscellaneous or unclassified|Pneumatic presses,4,Tools and Equipment,12,Miscellaneous or unclassified,1802,Pneumatic presses
40131803,Tools and Equipment|Miscellaneous or unclassified|Pneumatic pruners,4,Tools and Equipment,12,Miscellaneous or unclassified,1803,Pneumatic pruners
40131804,Tools and Equipment|Miscellaneous or unclassified|Pneumatic riveters,4,Tools and Equipment,12,Miscellaneous or unclassified,1804,Pneumatic riveters
40131805,Tools and Equipment|Miscellaneous or unclassified|Pneumatic rollers,4,Tools and Equipment,12,Miscellaneous or unclassified,1805,Pneumatic rollers
40131806,Tools and Equipment|Miscellaneous or unclassified|Pneumatic sanders,4,Tools and Equipment,12,Miscellaneous or unclassified,1806,Pneumatic sanders
40131807,Tools and Equipment|Miscellaneous or unclassified|Pneumatic staple guns,4,Tools and Equipment,12,Miscellaneous or unclassified,1807,Pneumatic staple guns
40131808,Tools and Equipment|Miscellaneous or unclassified|Pneumatic staplers,4,Tools and Equipment,12,Miscellaneous or unclassified,1808,Pneumatic staplers
40131809,Tools and Equipment|Miscellaneous or unclassified|Pneumatic tampers,4,Tools and Equipment,12,Miscellaneous or unclassified,1809,Pneumatic tampers
40131810,Tools and Equipment|Miscellaneous or unclassified|Pneumatics systems,4,Tools and Equipment,12,Miscellaneous or unclassified,1810,Pneumatics systems
40131811,Tools and Equipment|Miscellaneous or unclassified|Point of sale POS computer terminals,4,Tools and Equipment,12,Miscellaneous or unclassified,1811,Point of sale POS computer terminals
40131812,Tools and Equipment|Miscellaneous or unclassified|Point of sale POS terminals,4,Tools and Equipment,12,Miscellaneous or unclassified,1812,Point of sale POS terminals
40131813,Tools and Equipment|Miscellaneous or unclassified|Point trowels,4,Tools and Equipment,12,Miscellaneous or unclassified,1813,Point trowels
40131814,Tools and Equipment|Miscellaneous or unclassified|Pointe shoes,4,Tools and Equipment,12,Miscellaneous or unclassified,1814,Pointe shoes
40131815,Tools and Equipment|Miscellaneous or unclassified|Pointing devices,4,Tools and Equipment,12,Miscellaneous or unclassified,1815,Pointing devices
40131816,Tools and Equipment|Miscellaneous or unclassified|Polarimeters,4,Tools and Equipment,12,Miscellaneous or unclassified,1816,Polarimeters
40131817,Tools and Equipment|Miscellaneous or unclassified|Pole pruners,4,Tools and Equipment,12,Miscellaneous or unclassified,1817,Pole pruners
40131818,Tools and Equipment|Miscellaneous or unclassified|Pole saws,4,Tools and Equipment,12,Miscellaneous or unclassified,1818,Pole saws
40131819,Tools and Equipment|Miscellaneous or unclassified|Polishing tools,4,Tools and Equipment,12,Miscellaneous or unclassified,1819,Polishing tools
40131820,Tools and Equipment|Miscellaneous or unclassified|Polishing wheels,4,Tools and Equipment,12,Miscellaneous or unclassified,1820,Polishing wheels
40131821,Tools and Equipment|Miscellaneous or unclassified|Polygraphs,4,Tools and Equipment,12,Miscellaneous or unclassified,1821,Polygraphs
40131822,Tools and Equipment|Miscellaneous or unclassified|Polymer feed systems,4,Tools and Equipment,12,Miscellaneous or unclassified,1822,Polymer feed systems
40131823,Tools and Equipment|Miscellaneous or unclassified|Pontoon boats,4,Tools and Equipment,12,Miscellaneous or unclassified,1823,Pontoon boats
40131824,Tools and Equipment|Miscellaneous or unclassified|Pool cues,4,Tools and Equipment,12,Miscellaneous or unclassified,1824,Pool cues
40131825,Tools and Equipment|Miscellaneous or unclassified|Pool vacuums,4,Tools and Equipment,12,Miscellaneous or unclassified,1825,Pool vacuums
40131826,Tools and Equipment|Miscellaneous or unclassified|Pop-up sprinklers,4,Tools and Equipment,12,Miscellaneous or unclassified,1826,Pop-up sprinklers
40131827,Tools and Equipment|Miscellaneous or unclassified|Popcorn machines,4,Tools and Equipment,12,Miscellaneous or unclassified,1827,Popcorn machines
40131828,Tools and Equipment|Miscellaneous or unclassified|Portable air compressors,4,Tools and Equipment,12,Miscellaneous or unclassified,1828,Portable air compressors
40131829,Tools and Equipment|Miscellaneous or unclassified|Portable barcode scanners,4,Tools and Equipment,12,Miscellaneous or unclassified,1829,Portable barcode scanners
40131830,Tools and Equipment|Miscellaneous or unclassified|Portable communication devices,4,Tools and Equipment,12,Miscellaneous or unclassified,1830,Portable communication devices
40131831,Tools and Equipment|Miscellaneous or unclassified|Portable cranes,4,Tools and Equipment,12,Miscellaneous or unclassified,1831,Portable cranes
40131832,Tools and Equipment|Miscellaneous or unclassified|Portable gas detectors,4,Tools and Equipment,12,Miscellaneous or unclassified,1832,Portable gas detectors
40131833,Tools and Equipment|Miscellaneous or unclassified|Portable grinders,4,Tools and Equipment,12,Miscellaneous or unclassified,1833,Portable grinders
40131834,Tools and Equipment|Miscellaneous or unclassified|Portable hard drives,4,Tools and Equipment,12,Miscellaneous or unclassified,1834,Portable hard drives
40131835,Tools and Equipment|Miscellaneous or unclassified|Portable ladders,4,Tools and Equipment,12,Miscellaneous or unclassified,1835,Portable ladders
40131836,Tools and Equipment|Miscellaneous or unclassified|Portable public address PA systems,4,Tools and Equipment,12,Miscellaneous or unclassified,1836,Portable public address PA systems
40131837,Tools and Equipment|Miscellaneous or unclassified|Portable pumps,4,Tools and Equipment,12,Miscellaneous or unclassified,1837,Portable pumps
40131838,Tools and Equipment|Miscellaneous or unclassified|Portable saws,4,Tools and Equipment,12,Miscellaneous or unclassified,1838,Portable saws
40131839,Tools and Equipment|Miscellaneous or unclassified|Portable stepladders,4,Tools and Equipment,12,Miscellaneous or unclassified,1839,Portable stepladders
40131840,Tools and Equipment|Miscellaneous or unclassified|Portable two way radios,4,Tools and Equipment,12,Miscellaneous or unclassified,1840,Portable two way radios
40131841,Tools and Equipment|Miscellaneous or unclassified|Portable welders,4,Tools and Equipment,12,Miscellaneous or unclassified,1841,Portable welders
40131842,Tools and Equipment|Miscellaneous or unclassified|Portal monitors,4,Tools and Equipment,12,Miscellaneous or unclassified,1842,Portal monitors
40131843,Tools and Equipment|Miscellaneous or unclassified|Position transducers,4,Tools and Equipment,12,Miscellaneous or unclassified,1843,Position transducers
40131844,Tools and Equipment|Miscellaneous or unclassified|Positioning equipment,4,Tools and Equipment,12,Miscellaneous or unclassified,1844,Positioning equipment
40131845,Tools and Equipment|Miscellaneous or unclassified|Positive displacement pumps,4,Tools and Equipment,12,Miscellaneous or unclassified,1845,Positive displacement pumps
40131846,Tools and Equipment|Miscellaneous or unclassified|Post drivers,4,Tools and Equipment,12,Miscellaneous or unclassified,1846,Post drivers
40131847,Tools and Equipment|Miscellaneous or unclassified|Post hole augers,4,Tools and Equipment,12,Miscellaneous or unclassified,1847,Post hole augers
40131848,Tools and Equipment|Miscellaneous or unclassified|Post hole diggers,4,Tools and Equipment,12,Miscellaneous or unclassified,1848,Post hole diggers
40131849,Tools and Equipment|Miscellaneous or unclassified|Postage machines,4,Tools and Equipment,12,Miscellaneous or unclassified,1849,Postage machines
40131850,Tools and Equipment|Miscellaneous or unclassified|Pot-washing machines,4,Tools and Equipment,12,Miscellaneous or unclassified,1850,Pot-washing machines
40131851,Tools and Equipment|Miscellaneous or unclassified|Potentiostats,4,Tools and Equipment,12,Miscellaneous or unclassified,1851,Potentiostats
40131852,Tools and Equipment|Miscellaneous or unclassified|Pottery wheels,4,Tools and Equipment,12,Miscellaneous or unclassified,1852,Pottery wheels
40131853,Tools and Equipment|Miscellaneous or unclassified|Pour spouts,4,Tools and Equipment,12,Miscellaneous or unclassified,1853,Pour spouts
40131854,Tools and Equipment|Miscellaneous or unclassified|Power amplifiers,4,Tools and Equipment,12,Miscellaneous or unclassified,1854,Power amplifiers
40131855,Tools and Equipment|Miscellaneous or unclassified|Power analyzers,4,Tools and Equipment,12,Miscellaneous or unclassified,1855,Power analyzers
40131856,Tools and Equipment|Miscellaneous or unclassified|Power augers,4,Tools and Equipment,12,Miscellaneous or unclassified,1856,Power augers
40131857,Tools and Equipment|Miscellaneous or unclassified|Power benders,4,Tools and Equipment,12,Miscellaneous or unclassified,1857,Power benders
40131858,Tools and Equipment|Miscellaneous or unclassified|Power blocks,4,Tools and Equipment,12,Miscellaneous or unclassified,1858,Power blocks
40131859,Tools and Equipment|Miscellaneous or unclassified|Power blowers,4,Tools and Equipment,12,Miscellaneous or unclassified,1859,Power blowers
40131860,Tools and Equipment|Miscellaneous or unclassified|Power brakes,4,Tools and Equipment,12,Miscellaneous or unclassified,1860,Power brakes
40131861,Tools and Equipment|Miscellaneous or unclassified|Power brushes,4,Tools and Equipment,12,Miscellaneous or unclassified,1861,Power brushes
40131862,Tools and Equipment|Miscellaneous or unclassified|Power buffers,4,Tools and Equipment,12,Miscellaneous or unclassified,1862,Power buffers
40131863,Tools and Equipment|Miscellaneous or unclassified|Power buggies,4,Tools and Equipment,12,Miscellaneous or unclassified,1863,Power buggies
40131864,Tools and Equipment|Miscellaneous or unclassified|Power drivers,4,Tools and Equipment,12,Miscellaneous or unclassified,1864,Power drivers
40131865,Tools and Equipment|Miscellaneous or unclassified|Power floor scrubbers,4,Tools and Equipment,12,Miscellaneous or unclassified,1865,Power floor scrubbers
40131866,Tools and Equipment|Miscellaneous or unclassified|Power grinders,4,Tools and Equipment,12,Miscellaneous or unclassified,1866,Power grinders
40131867,Tools and Equipment|Miscellaneous or unclassified|Power hacksaws,4,Tools and Equipment,12,Miscellaneous or unclassified,1867,Power hacksaws
40131868,Tools and Equipment|Miscellaneous or unclassified|Power hammers,4,Tools and Equipment,12,Miscellaneous or unclassified,1868,Power hammers
40131869,Tools and Equipment|Miscellaneous or unclassified|Power injectors,4,Tools and Equipment,12,Miscellaneous or unclassified,1869,Power injectors
40131870,Tools and Equipment|Miscellaneous or unclassified|Power jacks,4,Tools and Equipment,12,Miscellaneous or unclassified,1870,Power jacks
40131871,Tools and Equipment|Miscellaneous or unclassified|Power lifts,4,Tools and Equipment,12,Miscellaneous or unclassified,1871,Power lifts
40131872,Tools and Equipment|Miscellaneous or unclassified|Power mixers,4,Tools and Equipment,12,Miscellaneous or unclassified,1872,Power mixers
40131873,Tools and Equipment|Miscellaneous or unclassified|Power monitors,4,Tools and Equipment,12,Miscellaneous or unclassified,1873,Power monitors
40131874,Tools and Equipment|Miscellaneous or unclassified|Power planes,4,Tools and Equipment,12,Miscellaneous or unclassified,1874,Power planes
40131875,Tools and Equipment|Miscellaneous or unclassified|Power polishers,4,Tools and Equipment,12,Miscellaneous or unclassified,1875,Power polishers
40131876,Tools and Equipment|Miscellaneous or unclassified|Power pruners,4,Tools and Equipment,12,Miscellaneous or unclassified,1876,Power pruners
40131877,Tools and Equipment|Miscellaneous or unclassified|Power pumps,4,Tools and Equipment,12,Miscellaneous or unclassified,1877,Power pumps
40131878,Tools and Equipment|Miscellaneous or unclassified|Power punches,4,Tools and Equipment,12,Miscellaneous or unclassified,1878,Power punches
40131879,Tools and Equipment|Miscellaneous or unclassified|Power rakes,4,Tools and Equipment,12,Miscellaneous or unclassified,1879,Power rakes
40131880,Tools and Equipment|Miscellaneous or unclassified|Power rodders,4,Tools and Equipment,12,Miscellaneous or unclassified,1880,Power rodders
40131881,Tools and Equipment|Miscellaneous or unclassified|Power rollers,4,Tools and Equipment,12,Miscellaneous or unclassified,1881,Power rollers
40131882,Tools and Equipment|Miscellaneous or unclassified|Power sanders,4,Tools and Equipment,12,Miscellaneous or unclassified,1882,Power sanders
40131883,Tools and Equipment|Miscellaneous or unclassified|Power screeds,4,Tools and Equipment,12,Miscellaneous or unclassified,1883,Power screeds
40131884,Tools and Equipment|Miscellaneous or unclassified|Power screwdrivers,4,Tools and Equipment,12,Miscellaneous or unclassified,1884,Power screwdrivers
40131885,Tools and Equipment|Miscellaneous or unclassified|Power sensors,4,Tools and Equipment,12,Miscellaneous or unclassified,1885,Power sensors
40131886,Tools and Equipment|Miscellaneous or unclassified|Power sprayers,4,Tools and Equipment,12,Miscellaneous or unclassified,1886,Power sprayers
40131887,Tools and Equipment|Miscellaneous or unclassified|Power trowels,4,Tools and Equipment,12,Miscellaneous or unclassified,1887,Power trowels
40131888,Tools and Equipment|Miscellaneous or unclassified|Power winches,4,Tools and Equipment,12,Miscellaneous or unclassified,1888,Power winches
40131889,Tools and Equipment|Miscellaneous or unclassified|Power wire brushes,4,Tools and Equipment,12,Miscellaneous or unclassified,1889,Power wire brushes
40131890,Tools and Equipment|Miscellaneous or unclassified|Power wrenches,4,Tools and Equipment,12,Miscellaneous or unclassified,1890,Power wrenches
40131891,Tools and Equipment|Miscellaneous or unclassified|Powered industrial trucks,4,Tools and Equipment,12,Miscellaneous or unclassified,1891,Powered industrial trucks
40131892,Tools and Equipment|Miscellaneous or unclassified|Powered shears,4,Tools and Equipment,12,Miscellaneous or unclassified,1892,Powered shears
40131893,Tools and Equipment|Miscellaneous or unclassified|Powered wheelchairs,4,Tools and Equipment,12,Miscellaneous or unclassified,1893,Powered wheelchairs
40131894,Tools and Equipment|Miscellaneous or unclassified|Precision balances,4,Tools and Equipment,12,Miscellaneous or unclassified,1894,Precision balances
40131895,Tools and Equipment|Miscellaneous or unclassified|Precision gauges,4,Tools and Equipment,12,Miscellaneous or unclassified,1895,Precision gauges
40131896,Tools and Equipment|Miscellaneous or unclassified|Precision levels,4,Tools and Equipment,12,Miscellaneous or unclassified,1896,Precision levels
40131897,Tools and Equipment|Miscellaneous or unclassified|Precision scales,4,Tools and Equipment,12,Miscellaneous or unclassified,1897,Precision scales
40131898,Tools and Equipment|Miscellaneous or unclassified|Predictive dialers,4,Tools and Equipment,12,Miscellaneous or unclassified,1898,Predictive dialers
40131899,Tools and Equipment|Miscellaneous or unclassified|Pressing equipment,4,Tools and Equipment,12,Miscellaneous or unclassified,1899,Pressing equipment
40131900,Tools and Equipment|Miscellaneous or unclassified|Pressing machines,4,Tools and Equipment,12,Miscellaneous or unclassified,1900,Pressing machines
40131901,Tools and Equipment|Miscellaneous or unclassified|Pressure control devices,4,Tools and Equipment,12,Miscellaneous or unclassified,1901,Pressure control devices
40131902,Tools and Equipment|Miscellaneous or unclassified|Pressure cookers,4,Tools and Equipment,12,Miscellaneous or unclassified,1902,Pressure cookers
40131903,Tools and Equipment|Miscellaneous or unclassified|Pressure monitors,4,Tools and Equipment,12,Miscellaneous or unclassified,1903,Pressure monitors
40131904,Tools and Equipment|Miscellaneous or unclassified|Pressure recorders,4,Tools and Equipment,12,Miscellaneous or unclassified,1904,Pressure recorders
40131905,Tools and Equipment|Miscellaneous or unclassified|Pressure relief valves,4,Tools and Equipment,12,Miscellaneous or unclassified,1905,Pressure relief valves
40131906,Tools and Equipment|Miscellaneous or unclassified|Pressure rollers,4,Tools and Equipment,12,Miscellaneous or unclassified,1906,Pressure rollers
40131907,Tools and Equipment|Miscellaneous or unclassified|Pressure sprayers,4,Tools and Equipment,12,Miscellaneous or unclassified,1907,Pressure sprayers
40131908,Tools and Equipment|Miscellaneous or unclassified|Pressure tanks,4,Tools and Equipment,12,Miscellaneous or unclassified,1908,Pressure tanks
40131909,Tools and Equipment|Miscellaneous or unclassified|Pressure testers,4,Tools and Equipment,12,Miscellaneous or unclassified,1909,Pressure testers
40131910,Tools and Equipment|Miscellaneous or unclassified|Pressure tubing,4,Tools and Equipment,12,Miscellaneous or unclassified,1910,Pressure tubing
40131911,Tools and Equipment|Miscellaneous or unclassified|Pressure valves,4,Tools and Equipment,12,Miscellaneous or unclassified,1911,Pressure valves
40131912,Tools and Equipment|Miscellaneous or unclassified|Pricing guns,4,Tools and Equipment,12,Miscellaneous or unclassified,1912,Pricing guns
40131913,Tools and Equipment|Miscellaneous or unclassified|Prisms,4,Tools and Equipment,12,Miscellaneous or unclassified,1913,Prisms
40131914,Tools and Equipment|Miscellaneous or unclassified|Private automatic branch exchange PABX systems,4,Tools and Equipment,12,Miscellaneous or unclassified,1914,Private automatic branch exchange PABX systems
40131915,Tools and Equipment|Miscellaneous or unclassified|Probe stations,4,Tools and Equipment,12,Miscellaneous or unclassified,1915,Probe stations
40131916,Tools and Equipment|Miscellaneous or unclassified|Process cameras,4,Tools and Equipment,12,Miscellaneous or unclassified,1916,Process cameras
40131917,Tools and Equipment|Miscellaneous or unclassified|Production robots,4,Tools and Equipment,12,Miscellaneous or unclassified,1917,Production robots
40131918,Tools and Equipment|Miscellaneous or unclassified|Profile grinders,4,Tools and Equipment,12,Miscellaneous or unclassified,1918,Profile grinders
40131919,Tools and Equipment|Miscellaneous or unclassified|Profile projectors,4,Tools and Equipment,12,Miscellaneous or unclassified,1919,Profile projectors
40131920,Tools and Equipment|Miscellaneous or unclassified|Profiling equipment,4,Tools and Equipment,12,Miscellaneous or unclassified,1920,Profiling equipment
40131921,Tools and Equipment|Miscellaneous or unclassified|Profilometers,4,Tools and Equipment,12,Miscellaneous or unclassified,1921,Profilometers
40131922,Tools and Equipment|Miscellaneous or unclassified|Programmable cutters,4,Tools and Equipment,12,Miscellaneous or unclassified,1922,Programmable cutters
40131923,Tools and Equipment|Miscellaneous or unclassified|Projection equipment,4,Tools and Equipment,12,Miscellaneous or unclassified,1923,Projection equipment
40131924,Tools and Equipment|Miscellaneous or unclassified|Projector screens,4,Tools and Equipment,12,Miscellaneous or unclassified,1924,Projector screens
40131925,Tools and Equipment|Miscellaneous or unclassified|Propane delivery trucks,4,Tools and Equipment,12,Miscellaneous or unclassified,1925,Propane delivery trucks
40131926,Tools and Equipment|Miscellaneous or unclassified|Propane torches,4,Tools and Equipment,12,Miscellaneous or unclassified,1926,Propane torches
40131927,Tools and Equipment|Miscellaneous or unclassified|Protective aprons,4,Tools and Equipment,12,Miscellaneous or unclassified,1927,Protective aprons
40131928,Tools and Equipment|Miscellaneous or unclassified|Protective coveralls,4,Tools and Equipment,12,Miscellaneous or unclassified,1928,Protective coveralls
40131929,Tools and Equipment|Miscellaneous or unclassified|Protective glasses,4,Tools and Equipment,12,Miscellaneous or unclassified,1929,Protective glasses
40131930,Tools and Equipment|Miscellaneous or unclassified|Protective goggles,4,Tools and Equipment,12,Miscellaneous or unclassified,1930,Protective goggles
40131931,Tools and Equipment|Miscellaneous or unclassified|Protective respirators,4,Tools and Equipment,12,Miscellaneous or unclassified,1931,Protective respirators
40131932,Tools and Equipment|Miscellaneous or unclassified|Protective shoe covers,4,Tools and Equipment,12,Miscellaneous or unclassified,1932,Protective shoe covers
40131933,Tools and Equipment|Miscellaneous or unclassified|Protective shoes,4,Tools and Equipment,12,Miscellaneous or unclassified,1933,Protective shoes
40131934,Tools and Equipment|Miscellaneous or unclassified|Protective sleeves,4,Tools and Equipment,12,Miscellaneous or unclassified,1934,Protective sleeves
40131935,Tools and Equipment|Miscellaneous or unclassified|Protective suits,4,Tools and Equipment,12,Miscellaneous or unclassified,1935,Protective suits
40131936,Tools and Equipment|Miscellaneous or unclassified|Protein gel electrophoresis,4,Tools and Equipment,12,Miscellaneous or unclassified,1936,Protein gel electrophoresis
40131937,Tools and Equipment|Miscellaneous or unclassified|Protocol analyzers,4,Tools and Equipment,12,Miscellaneous or unclassified,1937,Protocol analyzers
40131938,Tools and Equipment|Miscellaneous or unclassified|Protractors,4,Tools and Equipment,12,Miscellaneous or unclassified,1938,Protractors
40131939,Tools and Equipment|Miscellaneous or unclassified|Pruning shears,4,Tools and Equipment,12,Miscellaneous or unclassified,1939,Pruning shears
40131940,Tools and Equipment|Miscellaneous or unclassified|Pruning tools,4,Tools and Equipment,12,Miscellaneous or unclassified,1940,Pruning tools
40131941,Tools and Equipment|Miscellaneous or unclassified|Public address PA systems,4,Tools and Equipment,12,Miscellaneous or unclassified,1941,Public address PA systems
40131942,Tools and Equipment|Miscellaneous or unclassified|Pull testers,4,Tools and Equipment,12,Miscellaneous or unclassified,1942,Pull testers
40131943,Tools and Equipment|Miscellaneous or unclassified|Pulse generators,4,Tools and Equipment,12,Miscellaneous or unclassified,1943,Pulse generators
40131944,Tools and Equipment|Miscellaneous or unclassified|Pulse oximeters,4,Tools and Equipment,12,Miscellaneous or unclassified,1944,Pulse oximeters
40131945,Tools and Equipment|Miscellaneous or unclassified|Pulverizers,4,Tools and Equipment,12,Miscellaneous or unclassified,1945,Pulverizers
40131946,Tools and Equipment|Miscellaneous or unclassified|Pump jacks,4,Tools and Equipment,12,Miscellaneous or unclassified,1946,Pump jacks
40131947,Tools and Equipment|Miscellaneous or unclassified|Pump pliers,4,Tools and Equipment,12,Miscellaneous or unclassified,1947,Pump pliers
40131948,Tools and Equipment|Miscellaneous or unclassified|Pumper trucks,4,Tools and Equipment,12,Miscellaneous or unclassified,1948,Pumper trucks
40131949,Tools and Equipment|Miscellaneous or unclassified|Punching machines,4,Tools and Equipment,12,Miscellaneous or unclassified,1949,Punching machines
40131950,Tools and Equipment|Miscellaneous or unclassified|Pup trailers,4,Tools and Equipment,12,Miscellaneous or unclassified,1950,Pup trailers
40131951,Tools and Equipment|Miscellaneous or unclassified|Purifying respirators,4,Tools and Equipment,12,Miscellaneous or unclassified,1951,Purifying respirators
40131952,Tools and Equipment|Miscellaneous or unclassified|Push brooms,4,Tools and Equipment,12,Miscellaneous or unclassified,1952,Push brooms
40131953,Tools and Equipment|Miscellaneous or unclassified|Push drills,4,Tools and Equipment,12,Miscellaneous or unclassified,1953,Push drills
40131954,Tools and Equipment|Miscellaneous or unclassified|Putty knives,4,Tools and Equipment,12,Miscellaneous or unclassified,1954,Putty knives
40131955,Tools and Equipment|Miscellaneous or unclassified|Pyranometers,4,Tools and Equipment,12,Miscellaneous or unclassified,1955,Pyranometers
40131956,Tools and Equipment|Miscellaneous or unclassified|Pyrometers,4,Tools and Equipment,12,Miscellaneous or unclassified,1956,Pyrometers
40131957,Tools and Equipment|Miscellaneous or unclassified|Quilting frames,4,Tools and Equipment,12,Miscellaneous or unclassified,1957,Quilting frames
40131958,Tools and Equipment|Miscellaneous or unclassified|RGB cameras,4,Tools and Equipment,12,Miscellaneous or unclassified,1958,RGB cameras
40131959,Tools and Equipment|Miscellaneous or unclassified|Radar systems,4,Tools and Equipment,12,Miscellaneous or unclassified,1959,Radar systems
40131960,Tools and Equipment|Miscellaneous or unclassified|Radial arm saws,4,Tools and Equipment,12,Miscellaneous or unclassified,1960,Radial arm saws
40131961,Tools and Equipment|Miscellaneous or unclassified|Radial boom derrick trucks,4,Tools and Equipment,12,Miscellaneous or unclassified,1961,Radial boom derrick trucks
40131962,Tools and Equipment|Miscellaneous or unclassified|Radial drills,4,Tools and Equipment,12,Miscellaneous or unclassified,1962,Radial drills
40131963,Tools and Equipment|Miscellaneous or unclassified|Radiant heaters,4,Tools and Equipment,12,Miscellaneous or unclassified,1963,Radiant heaters
40131964,Tools and Equipment|Miscellaneous or unclassified|Radiation detectors,4,Tools and Equipment,12,Miscellaneous or unclassified,1964,Radiation detectors
40131965,Tools and Equipment|Miscellaneous or unclassified|Radiation dosimeters,4,Tools and Equipment,12,Miscellaneous or unclassified,1965,Radiation dosimeters
40131966,Tools and Equipment|Miscellaneous or unclassified|Radiation protection devices,4,Tools and Equipment,12,Miscellaneous or unclassified,1966,Radiation protection devices
40131967,Tools and Equipment|Miscellaneous or unclassified|Radiation survey meters,4,Tools and Equipment,12,Miscellaneous or unclassified,1967,Radiation survey meters
40131968,Tools and Equipment|Miscellaneous or unclassified|Radio antennas,4,Tools and Equipment,12,Miscellaneous or unclassified,1968,Radio antennas
40131969,Tools and Equipment|Miscellaneous or unclassified|Radio frequency RF scanners,4,Tools and Equipment,12,Miscellaneous or unclassified,1969,Radio frequency RF scanners
40131970,Tools and Equipment|Miscellaneous or unclassified|Radio frequency amplifiers,4,Tools and Equipment,12,Miscellaneous or unclassified,1970,Radio frequency amplifiers
40131971,Tools and Equipment|Miscellaneous or unclassified|Radio frequency generators,4,Tools and Equipment,12,Miscellaneous or unclassified,1971,Radio frequency generators
40131972,Tools and Equipment|Miscellaneous or unclassified|Radio telescopes,4,Tools and Equipment,12,Miscellaneous or unclassified,1972,Radio telescopes
40131973,Tools and Equipment|Miscellaneous or unclassified|Radiometers,4,Tools and Equipment,12,Miscellaneous or unclassified,1973,Radiometers
40131974,Tools and Equipment|Miscellaneous or unclassified|Radiotelephones,4,Tools and Equipment,12,Miscellaneous or unclassified,1974,Radiotelephones
40131975,Tools and Equipment|Miscellaneous or unclassified|Radon monitors,4,Tools and Equipment,12,Miscellaneous or unclassified,1975,Radon monitors
40131976,Tools and Equipment|Miscellaneous or unclassified|Rail drills,4,Tools and Equipment,12,Miscellaneous or unclassified,1976,Rail drills
40131977,Tools and Equipment|Miscellaneous or unclassified|Rail flaw detector cars,4,Tools and Equipment,12,Miscellaneous or unclassified,1977,Rail flaw detector cars
40131978,Tools and Equipment|Miscellaneous or unclassified|Rail tongs,4,Tools and Equipment,12,Miscellaneous or unclassified,1978,Rail tongs
40131979,Tools and Equipment|Miscellaneous or unclassified|Rain gauges,4,Tools and Equipment,12,Miscellaneous or unclassified,1979,Rain gauges
40131980,Tools and Equipment|Miscellaneous or unclassified|Raman spectrometers,4,Tools and Equipment,12,Miscellaneous or unclassified,1980,Raman spectrometers
40131981,Tools and Equipment|Miscellaneous or unclassified|Ramekins,4,Tools and Equipment,12,Miscellaneous or unclassified,1981,Ramekins
40131982,Tools and Equipment|Miscellaneous or unclassified|Rasps,4,Tools and Equipment,12,Miscellaneous or unclassified,1982,Rasps
40131983,Tools and Equipment|Miscellaneous or unclassified|Ratchet sets,4,Tools and Equipment,12,Miscellaneous or unclassified,1983,Ratchet sets
40131984,Tools and Equipment|Miscellaneous or unclassified|Ratchet wrenches,4,Tools and Equipment,12,Miscellaneous or unclassified,1984,Ratchet wrenches
40131985,Tools and Equipment|Miscellaneous or unclassified|Razor knives,4,Tools and Equipment,12,Miscellaneous or unclassified,1985,Razor knives
40131986,Tools and Equipment|Miscellaneous or unclassified|Reach stackers,4,Tools and Equipment,12,Miscellaneous or unclassified,1986,Reach stackers
40131987,Tools and Equipment|Miscellaneous or unclassified|Reachers,4,Tools and Equipment,12,Miscellaneous or unclassified,1987,Reachers
40131988,Tools and Equipment|Miscellaneous or unclassified|Reading pens,4,Tools and Equipment,12,Miscellaneous or unclassified,1988,Reading pens
40131989,Tools and Equipment|Miscellaneous or unclassified|Reagent pumps,4,Tools and Equipment,12,Miscellaneous or unclassified,1989,Reagent pumps
40131990,Tools and Equipment|Miscellaneous or unclassified|Rebar benders,4,Tools and Equipment,12,Miscellaneous or unclassified,1990,Rebar benders
40131991,Tools and Equipment|Miscellaneous or unclassified|Rebreathers,4,Tools and Equipment,12,Miscellaneous or unclassified,1991,Rebreathers
40131992,Tools and Equipment|Miscellaneous or unclassified|Receipt books,4,Tools and Equipment,12,Miscellaneous or unclassified,1992,Receipt books
40131993,Tools and Equipment|Miscellaneous or unclassified|Reciprocating compressors,4,Tools and Equipment,12,Miscellaneous or unclassified,1993,Reciprocating compressors
40131994,Tools and Equipment|Miscellaneous or unclassified|Reciprocating pumps,4,Tools and Equipment,12,Miscellaneous or unclassified,1994,Reciprocating pumps
40131995,Tools and Equipment|Miscellaneous or unclassified|Reclaiming equipment,4,Tools and Equipment,12,Miscellaneous or unclassified,1995,Reclaiming equipment
40131996,Tools and Equipment|Miscellaneous or unclassified|Recovery units,4,Tools and Equipment,12,Miscellaneous or unclassified,1996,Recovery units
40131997,Tools and Equipment|Miscellaneous or unclassified|Recycling collection trucks,4,Tools and Equipment,12,Miscellaneous or unclassified,1997,Recycling collection trucks
40131998,Tools and Equipment|Miscellaneous or unclassified|Recycling trucks,4,Tools and Equipment,12,Miscellaneous or unclassified,1998,Recycling trucks
40131999,Tools and Equipment|Miscellaneous or unclassified|Redundant array of independent disks RAID systems,4,Tools and Equipment,12,Miscellaneous or unclassified,1999,Redundant array of independent disks RAID systems
40132000,Tools and Equipment|Miscellaneous or unclassified|Reel mowers,4,Tools and Equipment,12,Miscellaneous or unclassified,2000,Reel mowers
40132001,Tools and Equipment|Miscellaneous or unclassified|Reflective vests,4,Tools and Equipment,12,Miscellaneous or unclassified,2001,Reflective vests
40132002,Tools and Equipment|Miscellaneous or unclassified|Reflectometers,4,Tools and Equipment,12,Miscellaneous or unclassified,2002,Reflectometers
40132003,Tools and Equipment|Miscellaneous or unclassified|Reflow ovens,4,Tools and Equipment,12,Miscellaneous or unclassified,2003,Reflow ovens
40132004,Tools and Equipment|Miscellaneous or unclassified|Refrigerant compressors,4,Tools and Equipment,12,Miscellaneous or unclassified,2004,Refrigerant compressors
40132005,Tools and Equipment|Miscellaneous or unclassified|Refrigerant pumps,4,Tools and Equipment,12,Miscellaneous or unclassified,2005,Refrigerant pumps
40132006,Tools and Equipment|Miscellaneous or unclassified|Refrigerant recovery units,4,Tools and Equipment,12,Miscellaneous or unclassified,2006,Refrigerant recovery units
40132007,Tools and Equipment|Miscellaneous or unclassified|Refrigerated coolers,4,Tools and Equipment,12,Miscellaneous or unclassified,2007,Refrigerated coolers
40132008,Tools and Equipment|Miscellaneous or unclassified|Refrigerated trailers,4,Tools and Equipment,12,Miscellaneous or unclassified,2008,Refrigerated trailers
40132009,Tools and Equipment|Miscellaneous or unclassified|Relay test sets,4,Tools and Equipment,12,Miscellaneous or unclassified,2009,Relay test sets
40132010,Tools and Equipment|Miscellaneous or unclassified|Relay testers,4,Tools and Equipment,12,Miscellaneous or unclassified,2010,Relay testers
40132011,Tools and Equipment|Miscellaneous or unclassified|Remote access servers,4,Tools and Equipment,12,Miscellaneous or unclassified,2011,Remote access servers
40132012,Tools and Equipment|Miscellaneous or unclassified|Remote blasting systems,4,Tools and Equipment,12,Miscellaneous or unclassified,2012,Remote blasting systems
40132013,Tools and Equipment|Miscellaneous or unclassified|Remote data terminals,4,Tools and Equipment,12,Miscellaneous or unclassified,2013,Remote data terminals
40132014,Tools and Equipment|Miscellaneous or unclassified|Render farms,4,Tools and Equipment,12,Miscellaneous or unclassified,2014,Render farms
40132015,Tools and Equipment|Miscellaneous or unclassified|Replica Tape,4,Tools and Equipment,12,Miscellaneous or unclassified,2015,Replica Tape
40132016,Tools and Equipment|Miscellaneous or unclassified|Rescue toboggans,4,Tools and Equipment,12,Miscellaneous or unclassified,2016,Rescue toboggans
40132017,Tools and Equipment|Miscellaneous or unclassified|Resistance bands,4,Tools and Equipment,12,Miscellaneous or unclassified,2017,Resistance bands
40132018,Tools and Equipment|Miscellaneous or unclassified|Resistance temperature detectors,4,Tools and Equipment,12,Miscellaneous or unclassified,2018,Resistance temperature detectors
40132019,Tools and Equipment|Miscellaneous or unclassified|Resistance testers,4,Tools and Equipment,12,Miscellaneous or unclassified,2019,Resistance testers
40132020,Tools and Equipment|Miscellaneous or unclassified|Resistance welding equipment,4,Tools and Equipment,12,Miscellaneous or unclassified,2020,Resistance welding equipment
40132021,Tools and Equipment|Miscellaneous or unclassified|Resistance welding machines,4,Tools and Equipment,12,Miscellaneous or unclassified,2021,Resistance welding machines
40132022,Tools and Equipment|Miscellaneous or unclassified|Resistivity meters,4,Tools and Equipment,12,Miscellaneous or unclassified,2022,Resistivity meters
40132023,Tools and Equipment|Miscellaneous or unclassified|Respiratory protection equipment,4,Tools and Equipment,12,Miscellaneous or unclassified,2023,Respiratory protection equipment
40132024,Tools and Equipment|Miscellaneous or unclassified|Restaurant dishwashers,4,Tools and Equipment,12,Miscellaneous or unclassified,2024,Restaurant dishwashers
40132025,Tools and Equipment|Miscellaneous or unclassified|Resurfacing machines,4,Tools and Equipment,12,Miscellaneous or unclassified,2025,Resurfacing machines
40132026,Tools and Equipment|Miscellaneous or unclassified|Retarders,4,Tools and Equipment,12,Miscellaneous or unclassified,2026,Retarders
40132027,Tools and Equipment|Miscellaneous or unclassified|Retinal cameras,4,Tools and Equipment,12,Miscellaneous or unclassified,2027,Retinal cameras
40132028,Tools and Equipment|Miscellaneous or unclassified|Retractors,4,Tools and Equipment,12,Miscellaneous or unclassified,2028,Retractors
40132029,Tools and Equipment|Miscellaneous or unclassified|Reverse osmosis systems,4,Tools and Equipment,12,Miscellaneous or unclassified,2029,Reverse osmosis systems
40132030,Tools and Equipment|Miscellaneous or unclassified|Revolvers,4,Tools and Equipment,12,Miscellaneous or unclassified,2030,Revolvers
40132031,Tools and Equipment|Miscellaneous or unclassified|Rheometers,4,Tools and Equipment,12,Miscellaneous or unclassified,2031,Rheometers
40132032,Tools and Equipment|Miscellaneous or unclassified|Rhythm instruments,4,Tools and Equipment,12,Miscellaneous or unclassified,2032,Rhythm instruments
40132033,Tools and Equipment|Miscellaneous or unclassified|Ribbon blenders,4,Tools and Equipment,12,Miscellaneous or unclassified,2033,Ribbon blenders
40132034,Tools and Equipment|Miscellaneous or unclassified|Rice cookers,4,Tools and Equipment,12,Miscellaneous or unclassified,2034,Rice cookers
40132035,Tools and Equipment|Miscellaneous or unclassified|Rider trucks,4,Tools and Equipment,12,Miscellaneous or unclassified,2035,Rider trucks
40132036,Tools and Equipment|Miscellaneous or unclassified|Riding saddles,4,Tools and Equipment,12,Miscellaneous or unclassified,2036,Riding saddles
40132037,Tools and Equipment|Miscellaneous or unclassified|Riggings,4,Tools and Equipment,12,Miscellaneous or unclassified,2037,Riggings
40132038,Tools and Equipment|Miscellaneous or unclassified|Ring gauges,4,Tools and Equipment,12,Miscellaneous or unclassified,2038,Ring gauges
40132039,Tools and Equipment|Miscellaneous or unclassified|Ring saws,4,Tools and Equipment,12,Miscellaneous or unclassified,2039,Ring saws
40132040,Tools and Equipment|Miscellaneous or unclassified|Rip saws,4,Tools and Equipment,12,Miscellaneous or unclassified,2040,Rip saws
40132041,Tools and Equipment|Miscellaneous or unclassified|Rivet guns,4,Tools and Equipment,12,Miscellaneous or unclassified,2041,Rivet guns
40132042,Tools and Equipment|Miscellaneous or unclassified|Riveters,4,Tools and Equipment,12,Miscellaneous or unclassified,2042,Riveters
40132043,Tools and Equipment|Miscellaneous or unclassified|Riveting tools,4,Tools and Equipment,12,Miscellaneous or unclassified,2043,Riveting tools
40132044,Tools and Equipment|Miscellaneous or unclassified|Road bikes,4,Tools and Equipment,12,Miscellaneous or unclassified,2044,Road bikes
40132045,Tools and Equipment|Miscellaneous or unclassified|Roadheaders,4,Tools and Equipment,12,Miscellaneous or unclassified,2045,Roadheaders
40132046,Tools and Equipment|Miscellaneous or unclassified|Roasting equipment,4,Tools and Equipment,12,Miscellaneous or unclassified,2046,Roasting equipment
40132047,Tools and Equipment|Miscellaneous or unclassified|Robotic arms,4,Tools and Equipment,12,Miscellaneous or unclassified,2047,Robotic arms
40132048,Tools and Equipment|Miscellaneous or unclassified|Robotic cameras,4,Tools and Equipment,12,Miscellaneous or unclassified,2048,Robotic cameras
40132049,Tools and Equipment|Miscellaneous or unclassified|Robotic machines,4,Tools and Equipment,12,Miscellaneous or unclassified,2049,Robotic machines
40132050,Tools and Equipment|Miscellaneous or unclassified|Robotic manipulators,4,Tools and Equipment,12,Miscellaneous or unclassified,2050,Robotic manipulators
40132051,Tools and Equipment|Miscellaneous or unclassified|Robotic teach pendants,4,Tools and Equipment,12,Miscellaneous or unclassified,2051,Robotic teach pendants
40132052,Tools and Equipment|Miscellaneous or unclassified|Rock crushers,4,Tools and Equipment,12,Miscellaneous or unclassified,2052,Rock crushers
40132053,Tools and Equipment|Miscellaneous or unclassified|Rock drills,4,Tools and Equipment,12,Miscellaneous or unclassified,2053,Rock drills
40132054,Tools and Equipment|Miscellaneous or unclassified|Rock picks,4,Tools and Equipment,12,Miscellaneous or unclassified,2054,Rock picks
40132055,Tools and Equipment|Miscellaneous or unclassified|Rock saws,4,Tools and Equipment,12,Miscellaneous or unclassified,2055,Rock saws
40132056,Tools and Equipment|Miscellaneous or unclassified|Rod mills,4,Tools and Equipment,12,Miscellaneous or unclassified,2056,Rod mills
40132057,Tools and Equipment|Miscellaneous or unclassified|Rod ovens,4,Tools and Equipment,12,Miscellaneous or unclassified,2057,Rod ovens
40132058,Tools and Equipment|Miscellaneous or unclassified|Rodders,4,Tools and Equipment,12,Miscellaneous or unclassified,2058,Rodders
40132059,Tools and Equipment|Miscellaneous or unclassified|Roller conveyors,4,Tools and Equipment,12,Miscellaneous or unclassified,2059,Roller conveyors
40132060,Tools and Equipment|Miscellaneous or unclassified|Roller packers,4,Tools and Equipment,12,Miscellaneous or unclassified,2060,Roller packers
40132061,Tools and Equipment|Miscellaneous or unclassified|Rolling machines,4,Tools and Equipment,12,Miscellaneous or unclassified,2061,Rolling machines
40132062,Tools and Equipment|Miscellaneous or unclassified|Rose nails,4,Tools and Equipment,12,Miscellaneous or unclassified,2062,Rose nails
40132063,Tools and Equipment|Miscellaneous or unclassified|Rotary cutters,4,Tools and Equipment,12,Miscellaneous or unclassified,2063,Rotary cutters
40132064,Tools and Equipment|Miscellaneous or unclassified|Rotary drilling rigs,4,Tools and Equipment,12,Miscellaneous or unclassified,2064,Rotary drilling rigs
40132065,Tools and Equipment|Miscellaneous or unclassified|Rotary drilling tools,4,Tools and Equipment,12,Miscellaneous or unclassified,2065,Rotary drilling tools
40132066,Tools and Equipment|Miscellaneous or unclassified|Rotary dryers,4,Tools and Equipment,12,Miscellaneous or unclassified,2066,Rotary dryers
40132067,Tools and Equipment|Miscellaneous or unclassified|Rotary evaporators,4,Tools and Equipment,12,Miscellaneous or unclassified,2067,Rotary evaporators
40132068,Tools and Equipment|Miscellaneous or unclassified|Rotary grinders,4,Tools and Equipment,12,Miscellaneous or unclassified,2068,Rotary grinders
40132069,Tools and Equipment|Miscellaneous or unclassified|Rotary hammers,4,Tools and Equipment,12,Miscellaneous or unclassified,2069,Rotary hammers
40132070,Tools and Equipment|Miscellaneous or unclassified|Rotary kilns,4,Tools and Equipment,12,Miscellaneous or unclassified,2070,Rotary kilns
40132071,Tools and Equipment|Miscellaneous or unclassified|Rotary lasers,4,Tools and Equipment,12,Miscellaneous or unclassified,2071,Rotary lasers
40132072,Tools and Equipment|Miscellaneous or unclassified|Rotary machines,4,Tools and Equipment,12,Miscellaneous or unclassified,2072,Rotary machines
40132073,Tools and Equipment|Miscellaneous or unclassified|Rotary pumps,4,Tools and Equipment,12,Miscellaneous or unclassified,2073,Rotary pumps
40132074,Tools and Equipment|Miscellaneous or unclassified|Rotary sanders,4,Tools and Equipment,12,Miscellaneous or unclassified,2074,Rotary sanders
40132075,Tools and Equipment|Miscellaneous or unclassified|Rotary saws,4,Tools and Equipment,12,Miscellaneous or unclassified,2075,Rotary saws
40132076,Tools and Equipment|Miscellaneous or unclassified|Rotary screw compressors,4,Tools and Equipment,12,Miscellaneous or unclassified,2076,Rotary screw compressors
40132077,Tools and Equipment|Miscellaneous or unclassified|Rotary spreaders,4,Tools and Equipment,12,Miscellaneous or unclassified,2077,Rotary spreaders
40132078,Tools and Equipment|Miscellaneous or unclassified|Rotary tools,4,Tools and Equipment,12,Miscellaneous or unclassified,2078,Rotary tools
40132079,Tools and Equipment|Miscellaneous or unclassified|Rotating biological contactors,4,Tools and Equipment,12,Miscellaneous or unclassified,2079,Rotating biological contactors
40132080,Tools and Equipment|Miscellaneous or unclassified|Rotisserie ovens,4,Tools and Equipment,12,Miscellaneous or unclassified,2080,Rotisserie ovens
40132081,Tools and Equipment|Miscellaneous or unclassified|Rototillers,4,Tools and Equipment,12,Miscellaneous or unclassified,2081,Rototillers
40132082,Tools and Equipment|Miscellaneous or unclassified|Rough terrain forklifts,4,Tools and Equipment,12,Miscellaneous or unclassified,2082,Rough terrain forklifts
40132083,Tools and Equipment|Miscellaneous or unclassified|Roulette wheels,4,Tools and Equipment,12,Miscellaneous or unclassified,2083,Roulette wheels
40132084,Tools and Equipment|Miscellaneous or unclassified|Routing machines,4,Tools and Equipment,12,Miscellaneous or unclassified,2084,Routing machines
40132085,Tools and Equipment|Miscellaneous or unclassified|Rowboats,4,Tools and Equipment,12,Miscellaneous or unclassified,2085,Rowboats
40132086,Tools and Equipment|Miscellaneous or unclassified|Rowing machines,4,Tools and Equipment,12,Miscellaneous or unclassified,2086,Rowing machines
40132087,Tools and Equipment|Miscellaneous or unclassified|Rubber dams,4,Tools and Equipment,12,Miscellaneous or unclassified,2087,Rubber dams
40132088,Tools and Equipment|Miscellaneous or unclassified|Rubber mallets,4,Tools and Equipment,12,Miscellaneous or unclassified,2088,Rubber mallets
40132089,Tools and Equipment|Miscellaneous or unclassified|Saber saws,4,Tools and Equipment,12,Miscellaneous or unclassified,2089,Saber saws
40132090,Tools and Equipment|Miscellaneous or unclassified|Sabre saws,4,Tools and Equipment,12,Miscellaneous or unclassified,2090,Sabre saws
40132091,Tools and Equipment|Miscellaneous or unclassified|Saddle stitchers,4,Tools and Equipment,12,Miscellaneous or unclassified,2091,Saddle stitchers
40132092,Tools and Equipment|Miscellaneous or unclassified|Safety chains,4,Tools and Equipment,12,Miscellaneous or unclassified,2092,Safety chains
40132093,Tools and Equipment|Miscellaneous or unclassified|Safety clamps,4,Tools and Equipment,12,Miscellaneous or unclassified,2093,Safety clamps
40132094,Tools and Equipment|Miscellaneous or unclassified|Safety cones,4,Tools and Equipment,12,Miscellaneous or unclassified,2094,Safety cones
40132095,Tools and Equipment|Miscellaneous or unclassified|Safety helmets,4,Tools and Equipment,12,Miscellaneous or unclassified,2095,Safety helmets
40132096,Tools and Equipment|Miscellaneous or unclassified|Safety jackets,4,Tools and Equipment,12,Miscellaneous or unclassified,2096,Safety jackets
40132097,Tools and Equipment|Miscellaneous or unclassified|Safety lines,4,Tools and Equipment,12,Miscellaneous or unclassified,2097,Safety lines
40132098,Tools and Equipment|Miscellaneous or unclassified|Safety masks,4,Tools and Equipment,12,Miscellaneous or unclassified,2098,Safety masks
40132099,Tools and Equipment|Miscellaneous or unclassified|Safety showers,4,Tools and Equipment,12,Miscellaneous or unclassified,2099,Safety showers
40132100,Tools and Equipment|Miscellaneous or unclassified|Safety-toe boots,4,Tools and Equipment,12,Miscellaneous or unclassified,2100,Safety-toe boots
40132101,Tools and Equipment|Miscellaneous or unclassified|Salamanders,4,Tools and Equipment,12,Miscellaneous or unclassified,2101,Salamanders
40132102,Tools and Equipment|Miscellaneous or unclassified|Saline locks,4,Tools and Equipment,12,Miscellaneous or unclassified,2102,Saline locks
40132103,Tools and Equipment|Miscellaneous or unclassified|Saliva ejectors,4,Tools and Equipment,12,Miscellaneous or unclassified,2103,Saliva ejectors
40132104,Tools and Equipment|Miscellaneous or unclassified|Salt spreaders,4,Tools and Equipment,12,Miscellaneous or unclassified,2104,Salt spreaders
40132105,Tools and Equipment|Miscellaneous or unclassified|Sample bottles,4,Tools and Equipment,12,Miscellaneous or unclassified,2105,Sample bottles
40132106,Tools and Equipment|Miscellaneous or unclassified|Sample containers,4,Tools and Equipment,12,Miscellaneous or unclassified,2106,Sample containers
40132107,Tools and Equipment|Miscellaneous or unclassified|Sample jars,4,Tools and Equipment,12,Miscellaneous or unclassified,2107,Sample jars
40132108,Tools and Equipment|Miscellaneous or unclassified|Sample vials,4,Tools and Equipment,12,Miscellaneous or unclassified,2108,Sample vials
40132109,Tools and Equipment|Miscellaneous or unclassified|Sampling probes,4,Tools and Equipment,12,Miscellaneous or unclassified,2109,Sampling probes
40132110,Tools and Equipment|Miscellaneous or unclassified|Sand blasters,4,Tools and Equipment,12,Miscellaneous or unclassified,2110,Sand blasters
40132111,Tools and Equipment|Miscellaneous or unclassified|Sandbags,4,Tools and Equipment,12,Miscellaneous or unclassified,2111,Sandbags
40132112,Tools and Equipment|Miscellaneous or unclassified|Sanding blocks,4,Tools and Equipment,12,Miscellaneous or unclassified,2112,Sanding blocks
40132113,Tools and Equipment|Miscellaneous or unclassified|Sanding machines,4,Tools and Equipment,12,Miscellaneous or unclassified,2113,Sanding machines
40132114,Tools and Equipment|Miscellaneous or unclassified|Sanitizing units,4,Tools and Equipment,12,Miscellaneous or unclassified,2114,Sanitizing units
40132115,Tools and Equipment|Miscellaneous or unclassified|Satellite phones,4,Tools and Equipment,12,Miscellaneous or unclassified,2115,Satellite phones
40132116,Tools and Equipment|Miscellaneous or unclassified|Satellite radios,4,Tools and Equipment,12,Miscellaneous or unclassified,2116,Satellite radios
40132117,Tools and Equipment|Miscellaneous or unclassified|Satellite receivers,4,Tools and Equipment,12,Miscellaneous or unclassified,2117,Satellite receivers
40132118,Tools and Equipment|Miscellaneous or unclassified|Satellite telephones,4,Tools and Equipment,12,Miscellaneous or unclassified,2118,Satellite telephones
40132119,Tools and Equipment|Miscellaneous or unclassified|Saute pans,4,Tools and Equipment,12,Miscellaneous or unclassified,2119,Saute pans
40132120,Tools and Equipment|Miscellaneous or unclassified|Sawbucks,4,Tools and Equipment,12,Miscellaneous or unclassified,2120,Sawbucks
40132121,Tools and Equipment|Miscellaneous or unclassified|Sawing machines,4,Tools and Equipment,12,Miscellaneous or unclassified,2121,Sawing machines
40132122,Tools and Equipment|Miscellaneous or unclassified|Scalers,4,Tools and Equipment,12,Miscellaneous or unclassified,2122,Scalers
40132123,Tools and Equipment|Miscellaneous or unclassified|Scaling bars,4,Tools and Equipment,12,Miscellaneous or unclassified,2123,Scaling bars
40132124,Tools and Equipment|Miscellaneous or unclassified|Scalpels,4,Tools and Equipment,12,Miscellaneous or unclassified,2124,Scalpels
40132125,Tools and Equipment|Miscellaneous or unclassified|Scanning electron microscopes,4,Tools and Equipment,12,Miscellaneous or unclassified,2125,Scanning electron microscopes
40132126,Tools and Equipment|Miscellaneous or unclassified|Scarifiers,4,Tools and Equipment,12,Miscellaneous or unclassified,2126,Scarifiers
40132127,Tools and Equipment|Miscellaneous or unclassified|Scientific calculators,4,Tools and Equipment,12,Miscellaneous or unclassified,2127,Scientific calculators
40132128,Tools and Equipment|Miscellaneous or unclassified|Scope meters,4,Tools and Equipment,12,Miscellaneous or unclassified,2128,Scope meters
40132129,Tools and Equipment|Miscellaneous or unclassified|Scorers,4,Tools and Equipment,12,Miscellaneous or unclassified,2129,Scorers
40132130,Tools and Equipment|Miscellaneous or unclassified|Scoring machines,4,Tools and Equipment,12,Miscellaneous or unclassified,2130,Scoring machines
40132131,Tools and Equipment|Miscellaneous or unclassified|Scoring tools,4,Tools and Equipment,12,Miscellaneous or unclassified,2131,Scoring tools
40132132,Tools and Equipment|Miscellaneous or unclassified|Scouring pads,4,Tools and Equipment,12,Miscellaneous or unclassified,2132,Scouring pads
40132133,Tools and Equipment|Miscellaneous or unclassified|Scraped surface heat exchangers,4,Tools and Equipment,12,Miscellaneous or unclassified,2133,Scraped surface heat exchangers
40132134,Tools and Equipment|Miscellaneous or unclassified|Scraping tools,4,Tools and Equipment,12,Miscellaneous or unclassified,2134,Scraping tools
40132135,Tools and Equipment|Miscellaneous or unclassified|Screen filters,4,Tools and Equipment,12,Miscellaneous or unclassified,2135,Screen filters
40132136,Tools and Equipment|Miscellaneous or unclassified|Screen printing press,4,Tools and Equipment,12,Miscellaneous or unclassified,2136,Screen printing press
40132137,Tools and Equipment|Miscellaneous or unclassified|Screen printing presses,4,Tools and Equipment,12,Miscellaneous or unclassified,2137,Screen printing presses
40132138,Tools and Equipment|Miscellaneous or unclassified|Scribers,4,Tools and Equipment,12,Miscellaneous or unclassified,2138,Scribers
40132139,Tools and Equipment|Miscellaneous or unclassified|Scribes,4,Tools and Equipment,12,Miscellaneous or unclassified,2139,Scribes
40132140,Tools and Equipment|Miscellaneous or unclassified|Scribing tools,4,Tools and Equipment,12,Miscellaneous or unclassified,2140,Scribing tools
40132141,Tools and Equipment|Miscellaneous or unclassified|Scrub brushes,4,Tools and Equipment,12,Miscellaneous or unclassified,2141,Scrub brushes
40132142,Tools and Equipment|Miscellaneous or unclassified|Sealing machines,4,Tools and Equipment,12,Miscellaneous or unclassified,2142,Sealing machines
40132143,Tools and Equipment|Miscellaneous or unclassified|Seamers,4,Tools and Equipment,12,Miscellaneous or unclassified,2143,Seamers
40132144,Tools and Equipment|Miscellaneous or unclassified|Security monitors,4,Tools and Equipment,12,Miscellaneous or unclassified,2144,Security monitors
40132145,Tools and Equipment|Miscellaneous or unclassified|Sediment traps,4,Tools and Equipment,12,Miscellaneous or unclassified,2145,Sediment traps
40132146,Tools and Equipment|Miscellaneous or unclassified|Seed distributors,4,Tools and Equipment,12,Miscellaneous or unclassified,2146,Seed distributors
40132147,Tools and Equipment|Miscellaneous or unclassified|Seed drills,4,Tools and Equipment,12,Miscellaneous or unclassified,2147,Seed drills
40132148,Tools and Equipment|Miscellaneous or unclassified|Seismographs,4,Tools and Equipment,12,Miscellaneous or unclassified,2148,Seismographs
40132149,Tools and Equipment|Miscellaneous or unclassified|Selective laser sintering SLS systems,4,Tools and Equipment,12,Miscellaneous or unclassified,2149,Selective laser sintering SLS systems
40132150,Tools and Equipment|Miscellaneous or unclassified|Self-retracting lifelines,4,Tools and Equipment,12,Miscellaneous or unclassified,2150,Self-retracting lifelines
40132151,Tools and Equipment|Miscellaneous or unclassified|Semaphores,4,Tools and Equipment,12,Miscellaneous or unclassified,2151,Semaphores
40132152,Tools and Equipment|Miscellaneous or unclassified|Semiconductor detectors,4,Tools and Equipment,12,Miscellaneous or unclassified,2152,Semiconductor detectors
40132153,Tools and Equipment|Miscellaneous or unclassified|Serger sewing machines,4,Tools and Equipment,12,Miscellaneous or unclassified,2153,Serger sewing machines
40132154,Tools and Equipment|Miscellaneous or unclassified|Sergers,4,Tools and Equipment,12,Miscellaneous or unclassified,2154,Sergers
40132155,Tools and Equipment|Miscellaneous or unclassified|Serving spoons,4,Tools and Equipment,12,Miscellaneous or unclassified,2155,Serving spoons
40132156,Tools and Equipment|Miscellaneous or unclassified|Setup templates,4,Tools and Equipment,12,Miscellaneous or unclassified,2156,Setup templates
40132157,Tools and Equipment|Miscellaneous or unclassified|Sewage pumps,4,Tools and Equipment,12,Miscellaneous or unclassified,2157,Sewage pumps
40132158,Tools and Equipment|Miscellaneous or unclassified|Sewage treatment systems,4,Tools and Equipment,12,Miscellaneous or unclassified,2158,Sewage treatment systems
40132159,Tools and Equipment|Miscellaneous or unclassified|Sewer tapes,4,Tools and Equipment,12,Miscellaneous or unclassified,2159,Sewer tapes
40132160,Tools and Equipment|Miscellaneous or unclassified|Sewing machine needles,4,Tools and Equipment,12,Miscellaneous or unclassified,2160,Sewing machine needles
40132161,Tools and Equipment|Miscellaneous or unclassified|Sewing needles,4,Tools and Equipment,12,Miscellaneous or unclassified,2161,Sewing needles
40132162,Tools and Equipment|Miscellaneous or unclassified|Shaker screens,4,Tools and Equipment,12,Miscellaneous or unclassified,2162,Shaker screens
40132163,Tools and Equipment|Miscellaneous or unclassified|Shakers,4,Tools and Equipment,12,Miscellaneous or unclassified,2163,Shakers
40132164,Tools and Equipment|Miscellaneous or unclassified|Shale shakers,4,Tools and Equipment,12,Miscellaneous or unclassified,2164,Shale shakers
40132165,Tools and Equipment|Miscellaneous or unclassified|Shaping machines,4,Tools and Equipment,12,Miscellaneous or unclassified,2165,Shaping machines
40132166,Tools and Equipment|Miscellaneous or unclassified|Shear lines,4,Tools and Equipment,12,Miscellaneous or unclassified,2166,Shear lines
40132167,Tools and Equipment|Miscellaneous or unclassified|Shearing equipment,4,Tools and Equipment,12,Miscellaneous or unclassified,2167,Shearing equipment
40132168,Tools and Equipment|Miscellaneous or unclassified|Sheet metal brakes,4,Tools and Equipment,12,Miscellaneous or unclassified,2168,Sheet metal brakes
40132169,Tools and Equipment|Miscellaneous or unclassified|Sheet metal rolls,4,Tools and Equipment,12,Miscellaneous or unclassified,2169,Sheet metal rolls
40132170,Tools and Equipment|Miscellaneous or unclassified|Sheet metal shears,4,Tools and Equipment,12,Miscellaneous or unclassified,2170,Sheet metal shears
40132171,Tools and Equipment|Miscellaneous or unclassified|Sheet-fed presses,4,Tools and Equipment,12,Miscellaneous or unclassified,2171,Sheet-fed presses
40132172,Tools and Equipment|Miscellaneous or unclassified|Sheetfed presses,4,Tools and Equipment,12,Miscellaneous or unclassified,2172,Sheetfed presses
40132173,Tools and Equipment|Miscellaneous or unclassified|Shell and tube heat exchangers,4,Tools and Equipment,12,Miscellaneous or unclassified,2173,Shell and tube heat exchangers
40132174,Tools and Equipment|Miscellaneous or unclassified|Shims,4,Tools and Equipment,12,Miscellaneous or unclassified,2174,Shims
40132175,Tools and Equipment|Miscellaneous or unclassified|Shipping scales,4,Tools and Equipment,12,Miscellaneous or unclassified,2175,Shipping scales
40132176,Tools and Equipment|Miscellaneous or unclassified|Shock tube detonators,4,Tools and Equipment,12,Miscellaneous or unclassified,2176,Shock tube detonators
40132177,Tools and Equipment|Miscellaneous or unclassified|Shoe lasts,4,Tools and Equipment,12,Miscellaneous or unclassified,2177,Shoe lasts
40132178,Tools and Equipment|Miscellaneous or unclassified|Shop vacuums,4,Tools and Equipment,12,Miscellaneous or unclassified,2178,Shop vacuums
40132179,Tools and Equipment|Miscellaneous or unclassified|Shot blasters,4,Tools and Equipment,12,Miscellaneous or unclassified,2179,Shot blasters
40132180,Tools and Equipment|Miscellaneous or unclassified|Shotguns,4,Tools and Equipment,12,Miscellaneous or unclassified,2180,Shotguns
40132181,Tools and Equipment|Miscellaneous or unclassified|Shower chairs,4,Tools and Equipment,12,Miscellaneous or unclassified,2181,Shower chairs
40132182,Tools and Equipment|Miscellaneous or unclassified|Shredding machines,4,Tools and Equipment,12,Miscellaneous or unclassified,2182,Shredding machines
40132183,Tools and Equipment|Miscellaneous or unclassified|Shrink wrap machines,4,Tools and Equipment,12,Miscellaneous or unclassified,2183,Shrink wrap machines
40132184,Tools and Equipment|Miscellaneous or unclassified|Shrink wrappers,4,Tools and Equipment,12,Miscellaneous or unclassified,2184,Shrink wrappers
40132185,Tools and Equipment|Miscellaneous or unclassified|Shuttle cars,4,Tools and Equipment,12,Miscellaneous or unclassified,2185,Shuttle cars
40132186,Tools and Equipment|Miscellaneous or unclassified|Side cutters,4,Tools and Equipment,12,Miscellaneous or unclassified,2186,Side cutters
40132187,Tools and Equipment|Miscellaneous or unclassified|Sidelights,4,Tools and Equipment,12,Miscellaneous or unclassified,2187,Sidelights
40132188,Tools and Equipment|Miscellaneous or unclassified|Sidewalk sweepers,4,Tools and Equipment,12,Miscellaneous or unclassified,2188,Sidewalk sweepers
40132189,Tools and Equipment|Miscellaneous or unclassified|Sifters,4,Tools and Equipment,12,Miscellaneous or unclassified,2189,Sifters
40132190,Tools and Equipment|Miscellaneous or unclassified|Signal analyzers,4,Tools and Equipment,12,Miscellaneous or unclassified,2190,Signal analyzers
40132191,Tools and Equipment|Miscellaneous or unclassified|Signal flags,4,Tools and Equipment,12,Miscellaneous or unclassified,2191,Signal flags
40132192,Tools and Equipment|Miscellaneous or unclassified|Signal generators,4,Tools and Equipment,12,Miscellaneous or unclassified,2192,Signal generators
40132193,Tools and Equipment|Miscellaneous or unclassified|Signal horns,4,Tools and Equipment,12,Miscellaneous or unclassified,2193,Signal horns
40132194,Tools and Equipment|Miscellaneous or unclassified|Signal level meters,4,Tools and Equipment,12,Miscellaneous or unclassified,2194,Signal level meters
40132195,Tools and Equipment|Miscellaneous or unclassified|Signal lights,4,Tools and Equipment,12,Miscellaneous or unclassified,2195,Signal lights
40132196,Tools and Equipment|Miscellaneous or unclassified|Silage boxes,4,Tools and Equipment,12,Miscellaneous or unclassified,2196,Silage boxes
40132197,Tools and Equipment|Miscellaneous or unclassified|Silkscreen machines,4,Tools and Equipment,12,Miscellaneous or unclassified,2197,Silkscreen machines
40132198,Tools and Equipment|Miscellaneous or unclassified|Sine bars,4,Tools and Equipment,12,Miscellaneous or unclassified,2198,Sine bars
40132199,Tools and Equipment|Miscellaneous or unclassified|Single axle dump trucks,4,Tools and Equipment,12,Miscellaneous or unclassified,2199,Single axle dump trucks
40132200,Tools and Equipment|Miscellaneous or unclassified|Single needle sewing machines,4,Tools and Equipment,12,Miscellaneous or unclassified,2200,Single needle sewing machines
40132201,Tools and Equipment|Miscellaneous or unclassified|Sink lines,4,Tools and Equipment,12,Miscellaneous or unclassified,2201,Sink lines
40132202,Tools and Equipment|Miscellaneous or unclassified|Sit-down forklifts,4,Tools and Equipment,12,Miscellaneous or unclassified,2202,Sit-down forklifts
40132203,Tools and Equipment|Miscellaneous or unclassified|Sizers,4,Tools and Equipment,12,Miscellaneous or unclassified,2203,Sizers
40132204,Tools and Equipment|Miscellaneous or unclassified|Skid steer machines,4,Tools and Equipment,12,Miscellaneous or unclassified,2204,Skid steer machines
40132205,Tools and Equipment|Miscellaneous or unclassified|Skid steer tractors,4,Tools and Equipment,12,Miscellaneous or unclassified,2205,Skid steer tractors
40132206,Tools and Equipment|Miscellaneous or unclassified|Skimmers,4,Tools and Equipment,12,Miscellaneous or unclassified,2206,Skimmers
40132207,Tools and Equipment|Miscellaneous or unclassified|Skylines,4,Tools and Equipment,12,Miscellaneous or unclassified,2207,Skylines
40132208,Tools and Equipment|Miscellaneous or unclassified|Slide calipers,4,Tools and Equipment,12,Miscellaneous or unclassified,2208,Slide calipers
40132209,Tools and Equipment|Miscellaneous or unclassified|Slide projectors,4,Tools and Equipment,12,Miscellaneous or unclassified,2209,Slide projectors
40132210,Tools and Equipment|Miscellaneous or unclassified|Slide scanners,4,Tools and Equipment,12,Miscellaneous or unclassified,2210,Slide scanners
40132211,Tools and Equipment|Miscellaneous or unclassified|Slide stainers,4,Tools and Equipment,12,Miscellaneous or unclassified,2211,Slide stainers
40132212,Tools and Equipment|Miscellaneous or unclassified|Sliding panel saws,4,Tools and Equipment,12,Miscellaneous or unclassified,2212,Sliding panel saws
40132213,Tools and Equipment|Miscellaneous or unclassified|Sliding table saws,4,Tools and Equipment,12,Miscellaneous or unclassified,2213,Sliding table saws
40132214,Tools and Equipment|Miscellaneous or unclassified|Slit lamps,4,Tools and Equipment,12,Miscellaneous or unclassified,2214,Slit lamps
40132215,Tools and Equipment|Miscellaneous or unclassified|Slush machines,4,Tools and Equipment,12,Miscellaneous or unclassified,2215,Slush machines
40132216,Tools and Equipment|Miscellaneous or unclassified|Smart grids,4,Tools and Equipment,12,Miscellaneous or unclassified,2216,Smart grids
40132217,Tools and Equipment|Miscellaneous or unclassified|Smoke generators,4,Tools and Equipment,12,Miscellaneous or unclassified,2217,Smoke generators
40132218,Tools and Equipment|Miscellaneous or unclassified|Smokehouses,4,Tools and Equipment,12,Miscellaneous or unclassified,2218,Smokehouses
40132219,Tools and Equipment|Miscellaneous or unclassified|Snap gauges,4,Tools and Equipment,12,Miscellaneous or unclassified,2219,Snap gauges
40132220,Tools and Equipment|Miscellaneous or unclassified|Snatch blocks,4,Tools and Equipment,12,Miscellaneous or unclassified,2220,Snatch blocks
40132221,Tools and Equipment|Miscellaneous or unclassified|Snoots,4,Tools and Equipment,12,Miscellaneous or unclassified,2221,Snoots
40132222,Tools and Equipment|Miscellaneous or unclassified|Snorkels,4,Tools and Equipment,12,Miscellaneous or unclassified,2222,Snorkels
40132223,Tools and Equipment|Miscellaneous or unclassified|Snow chains,4,Tools and Equipment,12,Miscellaneous or unclassified,2223,Snow chains
40132224,Tools and Equipment|Miscellaneous or unclassified|Snowplow attachments,4,Tools and Equipment,12,Miscellaneous or unclassified,2224,Snowplow attachments
40132225,Tools and Equipment|Miscellaneous or unclassified|Snowplows,4,Tools and Equipment,12,Miscellaneous or unclassified,2225,Snowplows
40132226,Tools and Equipment|Miscellaneous or unclassified|Snowshoes,4,Tools and Equipment,12,Miscellaneous or unclassified,2226,Snowshoes
40132227,Tools and Equipment|Miscellaneous or unclassified|Soccer balls,4,Tools and Equipment,12,Miscellaneous or unclassified,2227,Soccer balls
40132228,Tools and Equipment|Miscellaneous or unclassified|Soccer goals,4,Tools and Equipment,12,Miscellaneous or unclassified,2228,Soccer goals
40132229,Tools and Equipment|Miscellaneous or unclassified|Socket drivers,4,Tools and Equipment,12,Miscellaneous or unclassified,2229,Socket drivers
40132230,Tools and Equipment|Miscellaneous or unclassified|Socket sets,4,Tools and Equipment,12,Miscellaneous or unclassified,2230,Socket sets
40132231,Tools and Equipment|Miscellaneous or unclassified|Socket wrenches,4,Tools and Equipment,12,Miscellaneous or unclassified,2231,Socket wrenches
40132232,Tools and Equipment|Miscellaneous or unclassified|Soda machines,4,Tools and Equipment,12,Miscellaneous or unclassified,2232,Soda machines
40132233,Tools and Equipment|Miscellaneous or unclassified|Soft jaws,4,Tools and Equipment,12,Miscellaneous or unclassified,2233,Soft jaws
40132234,Tools and Equipment|Miscellaneous or unclassified|Softboxes,4,Tools and Equipment,12,Miscellaneous or unclassified,2234,Softboxes
40132235,Tools and Equipment|Miscellaneous or unclassified|Soil cultivators,4,Tools and Equipment,12,Miscellaneous or unclassified,2235,Soil cultivators
40132236,Tools and Equipment|Miscellaneous or unclassified|Soil mixers,4,Tools and Equipment,12,Miscellaneous or unclassified,2236,Soil mixers
40132237,Tools and Equipment|Miscellaneous or unclassified|Soil samplers,4,Tools and Equipment,12,Miscellaneous or unclassified,2237,Soil samplers
40132238,Tools and Equipment|Miscellaneous or unclassified|Soil sampling probes,4,Tools and Equipment,12,Miscellaneous or unclassified,2238,Soil sampling probes
40132239,Tools and Equipment|Miscellaneous or unclassified|Soldering guns,4,Tools and Equipment,12,Miscellaneous or unclassified,2239,Soldering guns
40132240,Tools and Equipment|Miscellaneous or unclassified|Soldering stations,4,Tools and Equipment,12,Miscellaneous or unclassified,2240,Soldering stations
40132241,Tools and Equipment|Miscellaneous or unclassified|Soldering torches,4,Tools and Equipment,12,Miscellaneous or unclassified,2241,Soldering torches
40132242,Tools and Equipment|Miscellaneous or unclassified|Solid state laser systems,4,Tools and Equipment,12,Miscellaneous or unclassified,2242,Solid state laser systems
40132243,Tools and Equipment|Miscellaneous or unclassified|Sonar devices,4,Tools and Equipment,12,Miscellaneous or unclassified,2243,Sonar devices
40132244,Tools and Equipment|Miscellaneous or unclassified|Sonar equipment,4,Tools and Equipment,12,Miscellaneous or unclassified,2244,Sonar equipment
40132245,Tools and Equipment|Miscellaneous or unclassified|Sonic cleaners,4,Tools and Equipment,12,Miscellaneous or unclassified,2245,Sonic cleaners
40132246,Tools and Equipment|Miscellaneous or unclassified|Sonicators,4,Tools and Equipment,12,Miscellaneous or unclassified,2246,Sonicators
40132247,Tools and Equipment|Miscellaneous or unclassified|Sorting machines,4,Tools and Equipment,12,Miscellaneous or unclassified,2247,Sorting machines
40132248,Tools and Equipment|Miscellaneous or unclassified|Sound boards,4,Tools and Equipment,12,Miscellaneous or unclassified,2248,Sound boards
40132249,Tools and Equipment|Miscellaneous or unclassified|Sound booths,4,Tools and Equipment,12,Miscellaneous or unclassified,2249,Sound booths
40132250,Tools and Equipment|Miscellaneous or unclassified|Sound level meters,4,Tools and Equipment,12,Miscellaneous or unclassified,2250,Sound level meters
40132251,Tools and Equipment|Miscellaneous or unclassified|Sound mixers,4,Tools and Equipment,12,Miscellaneous or unclassified,2251,Sound mixers
40132252,Tools and Equipment|Miscellaneous or unclassified|Sound mixing equipment,4,Tools and Equipment,12,Miscellaneous or unclassified,2252,Sound mixing equipment
40132253,Tools and Equipment|Miscellaneous or unclassified|Sound recording equipment,4,Tools and Equipment,12,Miscellaneous or unclassified,2253,Sound recording equipment
40132254,Tools and Equipment|Miscellaneous or unclassified|Spanners,4,Tools and Equipment,12,Miscellaneous or unclassified,2254,Spanners
40132255,Tools and Equipment|Miscellaneous or unclassified|Specimen collection containers,4,Tools and Equipment,12,Miscellaneous or unclassified,2255,Specimen collection containers
40132256,Tools and Equipment|Miscellaneous or unclassified|Spectrometers,4,Tools and Equipment,12,Miscellaneous or unclassified,2256,Spectrometers
40132257,Tools and Equipment|Miscellaneous or unclassified|Spectrum analyzers,4,Tools and Equipment,12,Miscellaneous or unclassified,2257,Spectrum analyzers
40132258,Tools and Equipment|Miscellaneous or unclassified|Speed indicators,4,Tools and Equipment,12,Miscellaneous or unclassified,2258,Speed indicators
40132259,Tools and Equipment|Miscellaneous or unclassified|Sphygmomanometers,4,Tools and Equipment,12,Miscellaneous or unclassified,2259,Sphygmomanometers
40132260,Tools and Equipment|Miscellaneous or unclassified|Spindles,4,Tools and Equipment,12,Miscellaneous or unclassified,2260,Spindles
40132261,Tools and Equipment|Miscellaneous or unclassified|Spinners,4,Tools and Equipment,12,Miscellaneous or unclassified,2261,Spinners
40132262,Tools and Equipment|Miscellaneous or unclassified|Spiral freezers,4,Tools and Equipment,12,Miscellaneous or unclassified,2262,Spiral freezers
40132263,Tools and Equipment|Miscellaneous or unclassified|Spirometers,4,Tools and Equipment,12,Miscellaneous or unclassified,2263,Spirometers
40132264,Tools and Equipment|Miscellaneous or unclassified|Splicing machines,4,Tools and Equipment,12,Miscellaneous or unclassified,2264,Splicing machines
40132265,Tools and Equipment|Miscellaneous or unclassified|Spore strips,4,Tools and Equipment,12,Miscellaneous or unclassified,2265,Spore strips
40132266,Tools and Equipment|Miscellaneous or unclassified|Spot lights,4,Tools and Equipment,12,Miscellaneous or unclassified,2266,Spot lights
40132267,Tools and Equipment|Miscellaneous or unclassified|Spot welding equipment,4,Tools and Equipment,12,Miscellaneous or unclassified,2267,Spot welding equipment
40132268,Tools and Equipment|Miscellaneous or unclassified|Spray booths,4,Tools and Equipment,12,Miscellaneous or unclassified,2268,Spray booths
40132269,Tools and Equipment|Miscellaneous or unclassified|Spray bottles,4,Tools and Equipment,12,Miscellaneous or unclassified,2269,Spray bottles
40132270,Tools and Equipment|Miscellaneous or unclassified|Spray dryers,4,Tools and Equipment,12,Miscellaneous or unclassified,2270,Spray dryers
40132271,Tools and Equipment|Miscellaneous or unclassified|Spray suits,4,Tools and Equipment,12,Miscellaneous or unclassified,2271,Spray suits
40132272,Tools and Equipment|Miscellaneous or unclassified|Sprayers,4,Tools and Equipment,12,Miscellaneous or unclassified,2272,Sprayers
40132273,Tools and Equipment|Miscellaneous or unclassified|Spreader beams,4,Tools and Equipment,12,Miscellaneous or unclassified,2273,Spreader beams
40132274,Tools and Equipment|Miscellaneous or unclassified|Spring clips,4,Tools and Equipment,12,Miscellaneous or unclassified,2274,Spring clips
40132275,Tools and Equipment|Miscellaneous or unclassified|Spud wrenches,4,Tools and Equipment,12,Miscellaneous or unclassified,2275,Spud wrenches
40132276,Tools and Equipment|Miscellaneous or unclassified|Squat racks,4,Tools and Equipment,12,Miscellaneous or unclassified,2276,Squat racks
40132277,Tools and Equipment|Miscellaneous or unclassified|Squeeze bottles,4,Tools and Equipment,12,Miscellaneous or unclassified,2277,Squeeze bottles
40132278,Tools and Equipment|Miscellaneous or unclassified|Stability balls,4,Tools and Equipment,12,Miscellaneous or unclassified,2278,Stability balls
40132279,Tools and Equipment|Miscellaneous or unclassified|Stage lighting equipment,4,Tools and Equipment,12,Miscellaneous or unclassified,2279,Stage lighting equipment
40132280,Tools and Equipment|Miscellaneous or unclassified|Staging equipment,4,Tools and Equipment,12,Miscellaneous or unclassified,2280,Staging equipment
40132281,Tools and Equipment|Miscellaneous or unclassified|Staging platforms,4,Tools and Equipment,12,Miscellaneous or unclassified,2281,Staging platforms
40132282,Tools and Equipment|Miscellaneous or unclassified|Stair chairs,4,Tools and Equipment,12,Miscellaneous or unclassified,2282,Stair chairs
40132283,Tools and Equipment|Miscellaneous or unclassified|Stair climbers,4,Tools and Equipment,12,Miscellaneous or unclassified,2283,Stair climbers
40132284,Tools and Equipment|Miscellaneous or unclassified|Stamping dies,4,Tools and Equipment,12,Miscellaneous or unclassified,2284,Stamping dies
40132285,Tools and Equipment|Miscellaneous or unclassified|Stamping equipment,4,Tools and Equipment,12,Miscellaneous or unclassified,2285,Stamping equipment
40132286,Tools and Equipment|Miscellaneous or unclassified|Stamping presses,4,Tools and Equipment,12,Miscellaneous or unclassified,2286,Stamping presses
40132287,Tools and Equipment|Miscellaneous or unclassified|Stamping tools,4,Tools and Equipment,12,Miscellaneous or unclassified,2287,Stamping tools
40132288,Tools and Equipment|Miscellaneous or unclassified|Stand mixers,4,Tools and Equipment,12,Miscellaneous or unclassified,2288,Stand mixers
40132289,Tools and Equipment|Miscellaneous or unclassified|Static mixers,4,Tools and Equipment,12,Miscellaneous or unclassified,2289,Static mixers
40132290,Tools and Equipment|Miscellaneous or unclassified|Stationary pumps,4,Tools and Equipment,12,Miscellaneous or unclassified,2290,Stationary pumps
40132291,Tools and Equipment|Miscellaneous or unclassified|Steam autoclaves,4,Tools and Equipment,12,Miscellaneous or unclassified,2291,Steam autoclaves
40132292,Tools and Equipment|Miscellaneous or unclassified|Steam baths,4,Tools and Equipment,12,Miscellaneous or unclassified,2292,Steam baths
40132293,Tools and Equipment|Miscellaneous or unclassified|Steam condensers,4,Tools and Equipment,12,Miscellaneous or unclassified,2293,Steam condensers
40132294,Tools and Equipment|Miscellaneous or unclassified|Steam controls,4,Tools and Equipment,12,Miscellaneous or unclassified,2294,Steam controls
40132295,Tools and Equipment|Miscellaneous or unclassified|Steam cookers,4,Tools and Equipment,12,Miscellaneous or unclassified,2295,Steam cookers
40132296,Tools and Equipment|Miscellaneous or unclassified|Steam distribution systems,4,Tools and Equipment,12,Miscellaneous or unclassified,2296,Steam distribution systems
40132297,Tools and Equipment|Miscellaneous or unclassified|Steam engines,4,Tools and Equipment,12,Miscellaneous or unclassified,2297,Steam engines
40132298,Tools and Equipment|Miscellaneous or unclassified|Steam presses,4,Tools and Equipment,12,Miscellaneous or unclassified,2298,Steam presses
40132299,Tools and Equipment|Miscellaneous or unclassified|Steam sterilizers,4,Tools and Equipment,12,Miscellaneous or unclassified,2299,Steam sterilizers
40132300,Tools and Equipment|Miscellaneous or unclassified|Steam-operated sterilizers,4,Tools and Equipment,12,Miscellaneous or unclassified,2300,Steam-operated sterilizers
40132301,Tools and Equipment|Miscellaneous or unclassified|Steel cutters,4,Tools and Equipment,12,Miscellaneous or unclassified,2301,Steel cutters
40132302,Tools and Equipment|Miscellaneous or unclassified|Steel forms,4,Tools and Equipment,12,Miscellaneous or unclassified,2302,Steel forms
40132303,Tools and Equipment|Miscellaneous or unclassified|Steel rods,4,Tools and Equipment,12,Miscellaneous or unclassified,2303,Steel rods
40132304,Tools and Equipment|Miscellaneous or unclassified|Steel rules,4,Tools and Equipment,12,Miscellaneous or unclassified,2304,Steel rules
40132305,Tools and Equipment|Miscellaneous or unclassified|Steel tapes,4,Tools and Equipment,12,Miscellaneous or unclassified,2305,Steel tapes
40132306,Tools and Equipment|Miscellaneous or unclassified|Steel-toes boots,4,Tools and Equipment,12,Miscellaneous or unclassified,2306,Steel-toes boots
40132307,Tools and Equipment|Miscellaneous or unclassified|Stem augers,4,Tools and Equipment,12,Miscellaneous or unclassified,2307,Stem augers
40132308,Tools and Equipment|Miscellaneous or unclassified|Step stools,4,Tools and Equipment,12,Miscellaneous or unclassified,2308,Step stools
40132309,Tools and Equipment|Miscellaneous or unclassified|Stepladders,4,Tools and Equipment,12,Miscellaneous or unclassified,2309,Stepladders
40132310,Tools and Equipment|Miscellaneous or unclassified|Stereo microscopes,4,Tools and Equipment,12,Miscellaneous or unclassified,2310,Stereo microscopes
40132311,Tools and Equipment|Miscellaneous or unclassified|Sterile drapes,4,Tools and Equipment,12,Miscellaneous or unclassified,2311,Sterile drapes
40132312,Tools and Equipment|Miscellaneous or unclassified|Stick electrodes,4,Tools and Equipment,12,Miscellaneous or unclassified,2312,Stick electrodes
40132313,Tools and Equipment|Miscellaneous or unclassified|Stick welders,4,Tools and Equipment,12,Miscellaneous or unclassified,2313,Stick welders
40132314,Tools and Equipment|Miscellaneous or unclassified|Stilts,4,Tools and Equipment,12,Miscellaneous or unclassified,2314,Stilts
40132315,Tools and Equipment|Miscellaneous or unclassified|Stitching equipment,4,Tools and Equipment,12,Miscellaneous or unclassified,2315,Stitching equipment
40132316,Tools and Equipment|Miscellaneous or unclassified|Stomachers,4,Tools and Equipment,12,Miscellaneous or unclassified,2316,Stomachers
40132317,Tools and Equipment|Miscellaneous or unclassified|Stone grinders,4,Tools and Equipment,12,Miscellaneous or unclassified,2317,Stone grinders
40132318,Tools and Equipment|Miscellaneous or unclassified|Stone polishers,4,Tools and Equipment,12,Miscellaneous or unclassified,2318,Stone polishers
40132319,Tools and Equipment|Miscellaneous or unclassified|Stone saws,4,Tools and Equipment,12,Miscellaneous or unclassified,2319,Stone saws
40132320,Tools and Equipment|Miscellaneous or unclassified|Stop blocks,4,Tools and Equipment,12,Miscellaneous or unclassified,2320,Stop blocks
40132321,Tools and Equipment|Miscellaneous or unclassified|Stop valves,4,Tools and Equipment,12,Miscellaneous or unclassified,2321,Stop valves
40132322,Tools and Equipment|Miscellaneous or unclassified|Stop watches,4,Tools and Equipment,12,Miscellaneous or unclassified,2322,Stop watches
40132323,Tools and Equipment|Miscellaneous or unclassified|Stopwatches,4,Tools and Equipment,12,Miscellaneous or unclassified,2323,Stopwatches
40132324,Tools and Equipment|Miscellaneous or unclassified|Storage compartments,4,Tools and Equipment,12,Miscellaneous or unclassified,2324,Storage compartments
40132325,Tools and Equipment|Miscellaneous or unclassified|Storm drainage,4,Tools and Equipment,12,Miscellaneous or unclassified,2325,Storm drainage
40132326,Tools and Equipment|Miscellaneous or unclassified|Straddle carriers,4,Tools and Equipment,12,Miscellaneous or unclassified,2326,Straddle carriers
40132327,Tools and Equipment|Miscellaneous or unclassified|Straight edges,4,Tools and Equipment,12,Miscellaneous or unclassified,2327,Straight edges
40132328,Tools and Equipment|Miscellaneous or unclassified|Straight razors,4,Tools and Equipment,12,Miscellaneous or unclassified,2328,Straight razors
40132329,Tools and Equipment|Miscellaneous or unclassified|Straightening presses,4,Tools and Equipment,12,Miscellaneous or unclassified,2329,Straightening presses
40132330,Tools and Equipment|Miscellaneous or unclassified|Strain gauges,4,Tools and Equipment,12,Miscellaneous or unclassified,2330,Strain gauges
40132331,Tools and Equipment|Miscellaneous or unclassified|Strapping tools,4,Tools and Equipment,12,Miscellaneous or unclassified,2331,Strapping tools
40132332,Tools and Equipment|Miscellaneous or unclassified|Streaming current detectors,4,Tools and Equipment,12,Miscellaneous or unclassified,2332,Streaming current detectors
40132333,Tools and Equipment|Miscellaneous or unclassified|Strikers,4,Tools and Equipment,12,Miscellaneous or unclassified,2333,Strikers
40132334,Tools and Equipment|Miscellaneous or unclassified|Striking tools,4,Tools and Equipment,12,Miscellaneous or unclassified,2334,Striking tools
40132335,Tools and Equipment|Miscellaneous or unclassified|String lines,4,Tools and Equipment,12,Miscellaneous or unclassified,2335,String lines
40132336,Tools and Equipment|Miscellaneous or unclassified|Strobe lights,4,Tools and Equipment,12,Miscellaneous or unclassified,2336,Strobe lights
40132337,Tools and Equipment|Miscellaneous or unclassified|Stroboscopes,4,Tools and Equipment,12,Miscellaneous or unclassified,2337,Stroboscopes
40132338,Tools and Equipment|Miscellaneous or unclassified|Student response systems,4,Tools and Equipment,12,Miscellaneous or unclassified,2338,Student response systems
40132339,Tools and Equipment|Miscellaneous or unclassified|Studio cameras,4,Tools and Equipment,12,Miscellaneous or unclassified,2339,Studio cameras
40132340,Tools and Equipment|Miscellaneous or unclassified|Studio lighting systems,4,Tools and Equipment,12,Miscellaneous or unclassified,2340,Studio lighting systems
40132341,Tools and Equipment|Miscellaneous or unclassified|Studio microphones,4,Tools and Equipment,12,Miscellaneous or unclassified,2341,Studio microphones
40132342,Tools and Equipment|Miscellaneous or unclassified|Stuffing boxes,4,Tools and Equipment,12,Miscellaneous or unclassified,2342,Stuffing boxes
40132343,Tools and Equipment|Miscellaneous or unclassified|Stump cutters,4,Tools and Equipment,12,Miscellaneous or unclassified,2343,Stump cutters
40132344,Tools and Equipment|Miscellaneous or unclassified|Stump grinders,4,Tools and Equipment,12,Miscellaneous or unclassified,2344,Stump grinders
40132345,Tools and Equipment|Miscellaneous or unclassified|Sublimation printers,4,Tools and Equipment,12,Miscellaneous or unclassified,2345,Sublimation printers
40132346,Tools and Equipment|Miscellaneous or unclassified|Suction cups,4,Tools and Equipment,12,Miscellaneous or unclassified,2346,Suction cups
40132347,Tools and Equipment|Miscellaneous or unclassified|Suction hoses,4,Tools and Equipment,12,Miscellaneous or unclassified,2347,Suction hoses
40132348,Tools and Equipment|Miscellaneous or unclassified|Surface gauges,4,Tools and Equipment,12,Miscellaneous or unclassified,2348,Surface gauges
40132349,Tools and Equipment|Miscellaneous or unclassified|Surface grinding machines,4,Tools and Equipment,12,Miscellaneous or unclassified,2349,Surface grinding machines
40132350,Tools and Equipment|Miscellaneous or unclassified|Surface plates,4,Tools and Equipment,12,Miscellaneous or unclassified,2350,Surface plates
40132351,Tools and Equipment|Miscellaneous or unclassified|Surfacing machines,4,Tools and Equipment,12,Miscellaneous or unclassified,2351,Surfacing machines
40132352,Tools and Equipment|Miscellaneous or unclassified|Surfboards,4,Tools and Equipment,12,Miscellaneous or unclassified,2352,Surfboards
40132353,Tools and Equipment|Miscellaneous or unclassified|Surge protectors,4,Tools and Equipment,12,Miscellaneous or unclassified,2353,Surge protectors
40132354,Tools and Equipment|Miscellaneous or unclassified|Surge testers,4,Tools and Equipment,12,Miscellaneous or unclassified,2354,Surge testers
40132355,Tools and Equipment|Miscellaneous or unclassified|Surgical drains,4,Tools and Equipment,12,Miscellaneous or unclassified,2355,Surgical drains
40132356,Tools and Equipment|Miscellaneous or unclassified|Surgical drapes,4,Tools and Equipment,12,Miscellaneous or unclassified,2356,Surgical drapes
40132357,Tools and Equipment|Miscellaneous or unclassified|Surgical gloves,4,Tools and Equipment,12,Miscellaneous or unclassified,2357,Surgical gloves
40132358,Tools and Equipment|Miscellaneous or unclassified|Surgical lights,4,Tools and Equipment,12,Miscellaneous or unclassified,2358,Surgical lights
40132359,Tools and Equipment|Miscellaneous or unclassified|Surgical masks,4,Tools and Equipment,12,Miscellaneous or unclassified,2359,Surgical masks
40132360,Tools and Equipment|Miscellaneous or unclassified|Surround sound systems,4,Tools and Equipment,12,Miscellaneous or unclassified,2360,Surround sound systems
40132361,Tools and Equipment|Miscellaneous or unclassified|Survey levels,4,Tools and Equipment,12,Miscellaneous or unclassified,2361,Survey levels
40132362,Tools and Equipment|Miscellaneous or unclassified|Survey meters,4,Tools and Equipment,12,Miscellaneous or unclassified,2362,Survey meters
40132363,Tools and Equipment|Miscellaneous or unclassified|Survival suits,4,Tools and Equipment,12,Miscellaneous or unclassified,2363,Survival suits
40132364,Tools and Equipment|Miscellaneous or unclassified|Sweeper vehicles,4,Tools and Equipment,12,Miscellaneous or unclassified,2364,Sweeper vehicles
40132365,Tools and Equipment|Miscellaneous or unclassified|Swing chairs,4,Tools and Equipment,12,Miscellaneous or unclassified,2365,Swing chairs
40132366,Tools and Equipment|Miscellaneous or unclassified|Switch controls,4,Tools and Equipment,12,Miscellaneous or unclassified,2366,Switch controls
40132367,Tools and Equipment|Miscellaneous or unclassified|Swivel hooks,4,Tools and Equipment,12,Miscellaneous or unclassified,2367,Swivel hooks
40132368,Tools and Equipment|Miscellaneous or unclassified|Synthesizers,4,Tools and Equipment,12,Miscellaneous or unclassified,2368,Synthesizers
40132369,Tools and Equipment|Miscellaneous or unclassified|Synthetic aperture radar SAR,4,Tools and Equipment,12,Miscellaneous or unclassified,2369,Synthetic aperture radar SAR
40132370,Tools and Equipment|Miscellaneous or unclassified|Synthetic web slings,4,Tools and Equipment,12,Miscellaneous or unclassified,2370,Synthetic web slings
40132371,Tools and Equipment|Miscellaneous or unclassified|Syringe pumps,4,Tools and Equipment,12,Miscellaneous or unclassified,2371,Syringe pumps
40132372,Tools and Equipment|Miscellaneous or unclassified|T-Birds,4,Tools and Equipment,12,Miscellaneous or unclassified,2372,T-Birds
40132373,Tools and Equipment|Miscellaneous or unclassified|Table game drop boxes,4,Tools and Equipment,12,Miscellaneous or unclassified,2373,Table game drop boxes
40132374,Tools and Equipment|Miscellaneous or unclassified|Table routers,4,Tools and Equipment,12,Miscellaneous or unclassified,2374,Table routers
40132375,Tools and Equipment|Miscellaneous or unclassified|Tablet computers,4,Tools and Equipment,12,Miscellaneous or unclassified,2375,Tablet computers
40132376,Tools and Equipment|Miscellaneous or unclassified|Tachometers,4,Tools and Equipment,12,Miscellaneous or unclassified,2376,Tachometers
40132377,Tools and Equipment|Miscellaneous or unclassified|Tack pullers,4,Tools and Equipment,12,Miscellaneous or unclassified,2377,Tack pullers
40132378,Tools and Equipment|Miscellaneous or unclassified|Tackers,4,Tools and Equipment,12,Miscellaneous or unclassified,2378,Tackers
40132379,Tools and Equipment|Miscellaneous or unclassified|Tactile maps,4,Tools and Equipment,12,Miscellaneous or unclassified,2379,Tactile maps
40132380,Tools and Equipment|Miscellaneous or unclassified|Tamping machines,4,Tools and Equipment,12,Miscellaneous or unclassified,2380,Tamping machines
40132381,Tools and Equipment|Miscellaneous or unclassified|Tandem axle dump trucks,4,Tools and Equipment,12,Miscellaneous or unclassified,2381,Tandem axle dump trucks
40132382,Tools and Equipment|Miscellaneous or unclassified|Tank trailers,4,Tools and Equipment,12,Miscellaneous or unclassified,2382,Tank trailers
40132383,Tools and Equipment|Miscellaneous or unclassified|Tap and die sets,4,Tools and Equipment,12,Miscellaneous or unclassified,2383,Tap and die sets
40132384,Tools and Equipment|Miscellaneous or unclassified|Tap sets,4,Tools and Equipment,12,Miscellaneous or unclassified,2384,Tap sets
40132385,Tools and Equipment|Miscellaneous or unclassified|Tape libraries,4,Tools and Equipment,12,Miscellaneous or unclassified,2385,Tape libraries
40132386,Tools and Equipment|Miscellaneous or unclassified|Tape machines,4,Tools and Equipment,12,Miscellaneous or unclassified,2386,Tape machines
40132387,Tools and Equipment|Miscellaneous or unclassified|Taping machines,4,Tools and Equipment,12,Miscellaneous or unclassified,2387,Taping machines
40132388,Tools and Equipment|Miscellaneous or unclassified|Tapping tools,4,Tools and Equipment,12,Miscellaneous or unclassified,2388,Tapping tools
40132389,Tools and Equipment|Miscellaneous or unclassified|Taps,4,Tools and Equipment,12,Miscellaneous or unclassified,2389,Taps
40132390,Tools and Equipment|Miscellaneous or unclassified|Tar kettles,4,Tools and Equipment,12,Miscellaneous or unclassified,2390,Tar kettles
40132391,Tools and Equipment|Miscellaneous or unclassified|Tattoo equipment,4,Tools and Equipment,12,Miscellaneous or unclassified,2391,Tattoo equipment
40132392,Tools and Equipment|Miscellaneous or unclassified|Tea brewers,4,Tools and Equipment,12,Miscellaneous or unclassified,2392,Tea brewers
40132393,Tools and Equipment|Miscellaneous or unclassified|Teach pendants,4,Tools and Equipment,12,Miscellaneous or unclassified,2393,Teach pendants
40132394,Tools and Equipment|Miscellaneous or unclassified|Telecom test sets,4,Tools and Equipment,12,Miscellaneous or unclassified,2394,Telecom test sets
40132395,Tools and Equipment|Miscellaneous or unclassified|Telemedicine equipment,4,Tools and Equipment,12,Miscellaneous or unclassified,2395,Telemedicine equipment
40132396,Tools and Equipment|Miscellaneous or unclassified|Telemetry equipment,4,Tools and Equipment,12,Miscellaneous or unclassified,2396,Telemetry equipment
40132397,Tools and Equipment|Miscellaneous or unclassified|Telemetry monitors,4,Tools and Equipment,12,Miscellaneous or unclassified,2397,Telemetry monitors
40132398,Tools and Equipment|Miscellaneous or unclassified|Telemetry units,4,Tools and Equipment,12,Miscellaneous or unclassified,2398,Telemetry units
40132399,Tools and Equipment|Miscellaneous or unclassified|Telephone headsets,4,Tools and Equipment,12,Miscellaneous or unclassified,2399,Telephone headsets
40132400,Tools and Equipment|Miscellaneous or unclassified|Telephone test sets,4,Tools and Equipment,12,Miscellaneous or unclassified,2400,Telephone test sets
40132401,Tools and Equipment|Miscellaneous or unclassified|Telephoto lenses,4,Tools and Equipment,12,Miscellaneous or unclassified,2401,Telephoto lenses
40132402,Tools and Equipment|Miscellaneous or unclassified|Teleprompters,4,Tools and Equipment,12,Miscellaneous or unclassified,2402,Teleprompters
40132403,Tools and Equipment|Miscellaneous or unclassified|Telescopes,4,Tools and Equipment,12,Miscellaneous or unclassified,2403,Telescopes
40132404,Tools and Equipment|Miscellaneous or unclassified|Telescopic forklifts,4,Tools and Equipment,12,Miscellaneous or unclassified,2404,Telescopic forklifts
40132405,Tools and Equipment|Miscellaneous or unclassified|Television cameras,4,Tools and Equipment,12,Miscellaneous or unclassified,2405,Television cameras
40132406,Tools and Equipment|Miscellaneous or unclassified|Temperature chambers,4,Tools and Equipment,12,Miscellaneous or unclassified,2406,Temperature chambers
40132407,Tools and Equipment|Miscellaneous or unclassified|Temperature data loggers,4,Tools and Equipment,12,Miscellaneous or unclassified,2407,Temperature data loggers
40132408,Tools and Equipment|Miscellaneous or unclassified|Temperature gauges,4,Tools and Equipment,12,Miscellaneous or unclassified,2408,Temperature gauges
40132409,Tools and Equipment|Miscellaneous or unclassified|Temperature guns,4,Tools and Equipment,12,Miscellaneous or unclassified,2409,Temperature guns
40132410,Tools and Equipment|Miscellaneous or unclassified|Temperature meters,4,Tools and Equipment,12,Miscellaneous or unclassified,2410,Temperature meters
40132411,Tools and Equipment|Miscellaneous or unclassified|Temperature monitors,4,Tools and Equipment,12,Miscellaneous or unclassified,2411,Temperature monitors
40132412,Tools and Equipment|Miscellaneous or unclassified|Temperature probes,4,Tools and Equipment,12,Miscellaneous or unclassified,2412,Temperature probes
40132413,Tools and Equipment|Miscellaneous or unclassified|Temperature sensors,4,Tools and Equipment,12,Miscellaneous or unclassified,2413,Temperature sensors
40132414,Tools and Equipment|Miscellaneous or unclassified|Temperature sticks,4,Tools and Equipment,12,Miscellaneous or unclassified,2414,Temperature sticks
40132415,Tools and Equipment|Miscellaneous or unclassified|Temperature testers,4,Tools and Equipment,12,Miscellaneous or unclassified,2415,Temperature testers
40132416,Tools and Equipment|Miscellaneous or unclassified|Temporary protective grounds,4,Tools and Equipment,12,Miscellaneous or unclassified,2416,Temporary protective grounds
40132417,Tools and Equipment|Miscellaneous or unclassified|Tennis nets,4,Tools and Equipment,12,Miscellaneous or unclassified,2417,Tennis nets
40132418,Tools and Equipment|Miscellaneous or unclassified|Tenoners,4,Tools and Equipment,12,Miscellaneous or unclassified,2418,Tenoners
40132419,Tools and Equipment|Miscellaneous or unclassified|Tensile testers,4,Tools and Equipment,12,Miscellaneous or unclassified,2419,Tensile testers
40132420,Tools and Equipment|Miscellaneous or unclassified|Tensiometers,4,Tools and Equipment,12,Miscellaneous or unclassified,2420,Tensiometers
40132421,Tools and Equipment|Miscellaneous or unclassified|Tension machines,4,Tools and Equipment,12,Miscellaneous or unclassified,2421,Tension machines
40132422,Tools and Equipment|Miscellaneous or unclassified|Terminal computers,4,Tools and Equipment,12,Miscellaneous or unclassified,2422,Terminal computers
40132423,Tools and Equipment|Miscellaneous or unclassified|Termination tools,4,Tools and Equipment,12,Miscellaneous or unclassified,2423,Termination tools
40132424,Tools and Equipment|Miscellaneous or unclassified|Test lamps,4,Tools and Equipment,12,Miscellaneous or unclassified,2424,Test lamps
40132425,Tools and Equipment|Miscellaneous or unclassified|Test lights,4,Tools and Equipment,12,Miscellaneous or unclassified,2425,Test lights
40132426,Tools and Equipment|Miscellaneous or unclassified|Test separators,4,Tools and Equipment,12,Miscellaneous or unclassified,2426,Test separators
40132427,Tools and Equipment|Miscellaneous or unclassified|Test tubes,4,Tools and Equipment,12,Miscellaneous or unclassified,2427,Test tubes
40132428,Tools and Equipment|Miscellaneous or unclassified|Testing workstations,4,Tools and Equipment,12,Miscellaneous or unclassified,2428,Testing workstations
40132429,Tools and Equipment|Miscellaneous or unclassified|Theodolites,4,Tools and Equipment,12,Miscellaneous or unclassified,2429,Theodolites
40132430,Tools and Equipment|Miscellaneous or unclassified|Thermal cameras,4,Tools and Equipment,12,Miscellaneous or unclassified,2430,Thermal cameras
40132431,Tools and Equipment|Miscellaneous or unclassified|Thermal chambers,4,Tools and Equipment,12,Miscellaneous or unclassified,2431,Thermal chambers
40132432,Tools and Equipment|Miscellaneous or unclassified|Thermal cyclers,4,Tools and Equipment,12,Miscellaneous or unclassified,2432,Thermal cyclers
40132433,Tools and Equipment|Miscellaneous or unclassified|Thermal fluid systems,4,Tools and Equipment,12,Miscellaneous or unclassified,2433,Thermal fluid systems
40132434,Tools and Equipment|Miscellaneous or unclassified|Thermal imaging cameras,4,Tools and Equipment,12,Miscellaneous or unclassified,2434,Thermal imaging cameras
40132435,Tools and Equipment|Miscellaneous or unclassified|Thermal imaging systems,4,Tools and Equipment,12,Miscellaneous or unclassified,2435,Thermal imaging systems
40132436,Tools and Equipment|Miscellaneous or unclassified|Thermal printers,4,Tools and Equipment,12,Miscellaneous or unclassified,2436,Thermal printers
40132437,Tools and Equipment|Miscellaneous or unclassified|Thermal spray systems,4,Tools and Equipment,12,Miscellaneous or unclassified,2437,Thermal spray systems
40132438,Tools and Equipment|Miscellaneous or unclassified|Thermocouples,4,Tools and Equipment,12,Miscellaneous or unclassified,2438,Thermocouples
40132439,Tools and Equipment|Miscellaneous or unclassified|Thermocyclers,4,Tools and Equipment,12,Miscellaneous or unclassified,2439,Thermocyclers
40132440,Tools and Equipment|Miscellaneous or unclassified|Thermopiles,4,Tools and Equipment,12,Miscellaneous or unclassified,2440,Thermopiles
40132441,Tools and Equipment|Miscellaneous or unclassified|Thickness planers,4,Tools and Equipment,12,Miscellaneous or unclassified,2441,Thickness planers
40132442,Tools and Equipment|Miscellaneous or unclassified|Thimbles,4,Tools and Equipment,12,Miscellaneous or unclassified,2442,Thimbles
40132443,Tools and Equipment|Miscellaneous or unclassified|Thinning shears,4,Tools and Equipment,12,Miscellaneous or unclassified,2443,Thinning shears
40132444,Tools and Equipment|Miscellaneous or unclassified|Thread gauges,4,Tools and Equipment,12,Miscellaneous or unclassified,2444,Thread gauges
40132445,Tools and Equipment|Miscellaneous or unclassified|Threshers,4,Tools and Equipment,12,Miscellaneous or unclassified,2445,Threshers
40132446,Tools and Equipment|Miscellaneous or unclassified|Thumb drives,4,Tools and Equipment,12,Miscellaneous or unclassified,2446,Thumb drives
40132447,Tools and Equipment|Miscellaneous or unclassified|Ticket dispensing machines,4,Tools and Equipment,12,Miscellaneous or unclassified,2447,Ticket dispensing machines
40132448,Tools and Equipment|Miscellaneous or unclassified|Ticket printers,4,Tools and Equipment,12,Miscellaneous or unclassified,2448,Ticket printers
40132449,Tools and Equipment|Miscellaneous or unclassified|Ticket printing machines,4,Tools and Equipment,12,Miscellaneous or unclassified,2449,Ticket printing machines
40132450,Tools and Equipment|Miscellaneous or unclassified|Tie downs,4,Tools and Equipment,12,Miscellaneous or unclassified,2450,Tie downs
40132451,Tools and Equipment|Miscellaneous or unclassified|Tie-down equipment,4,Tools and Equipment,12,Miscellaneous or unclassified,2451,Tie-down equipment
40132452,Tools and Equipment|Miscellaneous or unclassified|Tile cutters,4,Tools and Equipment,12,Miscellaneous or unclassified,2452,Tile cutters
40132453,Tools and Equipment|Miscellaneous or unclassified|Tile saws,4,Tools and Equipment,12,Miscellaneous or unclassified,2453,Tile saws
40132454,Tools and Equipment|Miscellaneous or unclassified|Tilt skillets,4,Tools and Equipment,12,Miscellaneous or unclassified,2454,Tilt skillets
40132455,Tools and Equipment|Miscellaneous or unclassified|Tilt tables,4,Tools and Equipment,12,Miscellaneous or unclassified,2455,Tilt tables
40132456,Tools and Equipment|Miscellaneous or unclassified|Tilt trailers,4,Tools and Equipment,12,Miscellaneous or unclassified,2456,Tilt trailers
40132457,Tools and Equipment|Miscellaneous or unclassified|Timing equipment,4,Tools and Equipment,12,Miscellaneous or unclassified,2457,Timing equipment
40132458,Tools and Equipment|Miscellaneous or unclassified|Timing lights,4,Tools and Equipment,12,Miscellaneous or unclassified,2458,Timing lights
40132459,Tools and Equipment|Miscellaneous or unclassified|Timpani,4,Tools and Equipment,12,Miscellaneous or unclassified,2459,Timpani
40132460,Tools and Equipment|Miscellaneous or unclassified|Tire balancers,4,Tools and Equipment,12,Miscellaneous or unclassified,2460,Tire balancers
40132461,Tools and Equipment|Miscellaneous or unclassified|Tire changers,4,Tools and Equipment,12,Miscellaneous or unclassified,2461,Tire changers
40132462,Tools and Equipment|Miscellaneous or unclassified|Tire levers,4,Tools and Equipment,12,Miscellaneous or unclassified,2462,Tire levers
40132463,Tools and Equipment|Miscellaneous or unclassified|Tire stands,4,Tools and Equipment,12,Miscellaneous or unclassified,2463,Tire stands
40132464,Tools and Equipment|Miscellaneous or unclassified|Tirfors,4,Tools and Equipment,12,Miscellaneous or unclassified,2464,Tirfors
40132465,Tools and Equipment|Miscellaneous or unclassified|Tissue cassettes,4,Tools and Equipment,12,Miscellaneous or unclassified,2465,Tissue cassettes
40132466,Tools and Equipment|Miscellaneous or unclassified|Tissue culture incubators,4,Tools and Equipment,12,Miscellaneous or unclassified,2466,Tissue culture incubators
40132467,Tools and Equipment|Miscellaneous or unclassified|Tissue processors,4,Tools and Equipment,12,Miscellaneous or unclassified,2467,Tissue processors
40132468,Tools and Equipment|Miscellaneous or unclassified|Titrators,4,Tools and Equipment,12,Miscellaneous or unclassified,2468,Titrators
40132469,Tools and Equipment|Miscellaneous or unclassified|Tongs,4,Tools and Equipment,12,Miscellaneous or unclassified,2469,Tongs
40132470,Tools and Equipment|Miscellaneous or unclassified|Tongue depressors,4,Tools and Equipment,12,Miscellaneous or unclassified,2470,Tongue depressors
40132471,Tools and Equipment|Miscellaneous or unclassified|Top loaders,4,Tools and Equipment,12,Miscellaneous or unclassified,2471,Top loaders
40132472,Tools and Equipment|Miscellaneous or unclassified|Torque drivers,4,Tools and Equipment,12,Miscellaneous or unclassified,2472,Torque drivers
40132473,Tools and Equipment|Miscellaneous or unclassified|Torque meters,4,Tools and Equipment,12,Miscellaneous or unclassified,2473,Torque meters
40132474,Tools and Equipment|Miscellaneous or unclassified|Total organic carbon analyzers,4,Tools and Equipment,12,Miscellaneous or unclassified,2474,Total organic carbon analyzers
40132475,Tools and Equipment|Miscellaneous or unclassified|Touch screen computers,4,Tools and Equipment,12,Miscellaneous or unclassified,2475,Touch screen computers
40132476,Tools and Equipment|Miscellaneous or unclassified|Touch screen monitors,4,Tools and Equipment,12,Miscellaneous or unclassified,2476,Touch screen monitors
40132477,Tools and Equipment|Miscellaneous or unclassified|Touch screen registers,4,Tools and Equipment,12,Miscellaneous or unclassified,2477,Touch screen registers
40132478,Tools and Equipment|Miscellaneous or unclassified|Touch screens,4,Tools and Equipment,12,Miscellaneous or unclassified,2478,Touch screens
40132479,Tools and Equipment|Miscellaneous or unclassified|Tour boats,4,Tools and Equipment,12,Miscellaneous or unclassified,2479,Tour boats
40132480,Tools and Equipment|Miscellaneous or unclassified|Tourniquet cuffs,4,Tools and Equipment,12,Miscellaneous or unclassified,2480,Tourniquet cuffs
40132481,Tools and Equipment|Miscellaneous or unclassified|Tourniquets,4,Tools and Equipment,12,Miscellaneous or unclassified,2481,Tourniquets
40132482,Tools and Equipment|Miscellaneous or unclassified|Tow vehicles,4,Tools and Equipment,12,Miscellaneous or unclassified,2482,Tow vehicles
40132483,Tools and Equipment|Miscellaneous or unclassified|Tracheostomy tubes,4,Tools and Equipment,12,Miscellaneous or unclassified,2483,Tracheostomy tubes
40132484,Tools and Equipment|Miscellaneous or unclassified|Tracheotomy tubes,4,Tools and Equipment,12,Miscellaneous or unclassified,2484,Tracheotomy tubes
40132485,Tools and Equipment|Miscellaneous or unclassified|Track loaders,4,Tools and Equipment,12,Miscellaneous or unclassified,2485,Track loaders
40132486,Tools and Equipment|Miscellaneous or unclassified|Tracked bulldozers,4,Tools and Equipment,12,Miscellaneous or unclassified,2486,Tracked bulldozers
40132487,Tools and Equipment|Miscellaneous or unclassified|Tracked excavators,4,Tools and Equipment,12,Miscellaneous or unclassified,2487,Tracked excavators
40132488,Tools and Equipment|Miscellaneous or unclassified|Tracked loaders,4,Tools and Equipment,12,Miscellaneous or unclassified,2488,Tracked loaders
40132489,Tools and Equipment|Miscellaneous or unclassified|Trackhoes,4,Tools and Equipment,12,Miscellaneous or unclassified,2489,Trackhoes
40132490,Tools and Equipment|Miscellaneous or unclassified|Traction splints,4,Tools and Equipment,12,Miscellaneous or unclassified,2490,Traction splints
40132491,Tools and Equipment|Miscellaneous or unclassified|Traction tables,4,Tools and Equipment,12,Miscellaneous or unclassified,2491,Traction tables
40132492,Tools and Equipment|Miscellaneous or unclassified|Tractor tires,4,Tools and Equipment,12,Miscellaneous or unclassified,2492,Tractor tires
40132493,Tools and Equipment|Miscellaneous or unclassified|Tractor-trailer trucks,4,Tools and Equipment,12,Miscellaneous or unclassified,2493,Tractor-trailer trucks
40132494,Tools and Equipment|Miscellaneous or unclassified|Traffic cones,4,Tools and Equipment,12,Miscellaneous or unclassified,2494,Traffic cones
40132495,Tools and Equipment|Miscellaneous or unclassified|Traffic counters,4,Tools and Equipment,12,Miscellaneous or unclassified,2495,Traffic counters
40132496,Tools and Equipment|Miscellaneous or unclassified|Traffic gates,4,Tools and Equipment,12,Miscellaneous or unclassified,2496,Traffic gates
40132497,Tools and Equipment|Miscellaneous or unclassified|Trail cameras,4,Tools and Equipment,12,Miscellaneous or unclassified,2497,Trail cameras
40132498,Tools and Equipment|Miscellaneous or unclassified|Trammels,4,Tools and Equipment,12,Miscellaneous or unclassified,2498,Trammels
40132499,Tools and Equipment|Miscellaneous or unclassified|Transcribing equipment,4,Tools and Equipment,12,Miscellaneous or unclassified,2499,Transcribing equipment
40132500,Tools and Equipment|Miscellaneous or unclassified|Transfer augers,4,Tools and Equipment,12,Miscellaneous or unclassified,2500,Transfer augers
40132501,Tools and Equipment|Miscellaneous or unclassified|Transfer boards,4,Tools and Equipment,12,Miscellaneous or unclassified,2501,Transfer boards
40132502,Tools and Equipment|Miscellaneous or unclassified|Transfer gages,4,Tools and Equipment,12,Miscellaneous or unclassified,2502,Transfer gages
40132503,Tools and Equipment|Miscellaneous or unclassified|Transfer pumps,4,Tools and Equipment,12,Miscellaneous or unclassified,2503,Transfer pumps
40132504,Tools and Equipment|Miscellaneous or unclassified|Transformer controls,4,Tools and Equipment,12,Miscellaneous or unclassified,2504,Transformer controls
40132505,Tools and Equipment|Miscellaneous or unclassified|Transit levels,4,Tools and Equipment,12,Miscellaneous or unclassified,2505,Transit levels
40132506,Tools and Equipment|Miscellaneous or unclassified|Transparencies,4,Tools and Equipment,12,Miscellaneous or unclassified,2506,Transparencies
40132507,Tools and Equipment|Miscellaneous or unclassified|Transplanters,4,Tools and Equipment,12,Miscellaneous or unclassified,2507,Transplanters
40132508,Tools and Equipment|Miscellaneous or unclassified|Transvenous pacemakers,4,Tools and Equipment,12,Miscellaneous or unclassified,2508,Transvenous pacemakers
40132509,Tools and Equipment|Miscellaneous or unclassified|Trash compactors,4,Tools and Equipment,12,Miscellaneous or unclassified,2509,Trash compactors
40132510,Tools and Equipment|Miscellaneous or unclassified|Travel lifts,4,Tools and Equipment,12,Miscellaneous or unclassified,2510,Travel lifts
40132511,Tools and Equipment|Miscellaneous or unclassified|Trawlers,4,Tools and Equipment,12,Miscellaneous or unclassified,2511,Trawlers
40132512,Tools and Equipment|Miscellaneous or unclassified|Treatment tables,4,Tools and Equipment,12,Miscellaneous or unclassified,2512,Treatment tables
40132513,Tools and Equipment|Miscellaneous or unclassified|Tree pruning saws,4,Tools and Equipment,12,Miscellaneous or unclassified,2513,Tree pruning saws
40132514,Tools and Equipment|Miscellaneous or unclassified|Trenchers,4,Tools and Equipment,12,Miscellaneous or unclassified,2514,Trenchers
40132515,Tools and Equipment|Miscellaneous or unclassified|Trial lenses,4,Tools and Equipment,12,Miscellaneous or unclassified,2515,Trial lenses
40132516,Tools and Equipment|Miscellaneous or unclassified|Trim knives,4,Tools and Equipment,12,Miscellaneous or unclassified,2516,Trim knives
40132517,Tools and Equipment|Miscellaneous or unclassified|Trim saws,4,Tools and Equipment,12,Miscellaneous or unclassified,2517,Trim saws
40132518,Tools and Equipment|Miscellaneous or unclassified|Trimming knives,4,Tools and Equipment,12,Miscellaneous or unclassified,2518,Trimming knives
40132519,Tools and Equipment|Miscellaneous or unclassified|Tripods,4,Tools and Equipment,12,Miscellaneous or unclassified,2519,Tripods
40132520,Tools and Equipment|Miscellaneous or unclassified|Trombones,4,Tools and Equipment,12,Miscellaneous or unclassified,2520,Trombones
40132521,Tools and Equipment|Miscellaneous or unclassified|Truck cranes,4,Tools and Equipment,12,Miscellaneous or unclassified,2521,Truck cranes
40132522,Tools and Equipment|Miscellaneous or unclassified|Truck mounted cranes,4,Tools and Equipment,12,Miscellaneous or unclassified,2522,Truck mounted cranes
40132523,Tools and Equipment|Miscellaneous or unclassified|Truck-mounted cranes,4,Tools and Equipment,12,Miscellaneous or unclassified,2523,Truck-mounted cranes
40132524,Tools and Equipment|Miscellaneous or unclassified|Truck-mounted lifts,4,Tools and Equipment,12,Miscellaneous or unclassified,2524,Truck-mounted lifts
40132525,Tools and Equipment|Miscellaneous or unclassified|Trumpets,4,Tools and Equipment,12,Miscellaneous or unclassified,2525,Trumpets
40132526,Tools and Equipment|Miscellaneous or unclassified|Tub grinders,4,Tools and Equipment,12,Miscellaneous or unclassified,2526,Tub grinders
40132527,Tools and Equipment|Miscellaneous or unclassified|Tube cutters,4,Tools and Equipment,12,Miscellaneous or unclassified,2527,Tube cutters
40132528,Tools and Equipment|Miscellaneous or unclassified|Tubing benders,4,Tools and Equipment,12,Miscellaneous or unclassified,2528,Tubing benders
40132529,Tools and Equipment|Miscellaneous or unclassified|Tubing cutters,4,Tools and Equipment,12,Miscellaneous or unclassified,2529,Tubing cutters
40132530,Tools and Equipment|Miscellaneous or unclassified|Tubing pumps,4,Tools and Equipment,12,Miscellaneous or unclassified,2530,Tubing pumps
40132531,Tools and Equipment|Miscellaneous or unclassified|Tufting machines,4,Tools and Equipment,12,Miscellaneous or unclassified,2531,Tufting machines
40132532,Tools and Equipment|Miscellaneous or unclassified|Tuggers,4,Tools and Equipment,12,Miscellaneous or unclassified,2532,Tuggers
40132533,Tools and Equipment|Miscellaneous or unclassified|Tungsten inert gas TIG welding equipment,4,Tools and Equipment,12,Miscellaneous or unclassified,2533,Tungsten inert gas TIG welding equipment
40132534,Tools and Equipment|Miscellaneous or unclassified|Tunnel ovens,4,Tools and Equipment,12,Miscellaneous or unclassified,2534,Tunnel ovens
40132535,Tools and Equipment|Miscellaneous or unclassified|Tunneling machines,4,Tools and Equipment,12,Miscellaneous or unclassified,2535,Tunneling machines
40132536,Tools and Equipment|Miscellaneous or unclassified|Turbidimeters,4,Tools and Equipment,12,Miscellaneous or unclassified,2536,Turbidimeters
40132537,Tools and Equipment|Miscellaneous or unclassified|Turbidity meters,4,Tools and Equipment,12,Miscellaneous or unclassified,2537,Turbidity meters
40132538,Tools and Equipment|Miscellaneous or unclassified|Turbine pumps,4,Tools and Equipment,12,Miscellaneous or unclassified,2538,Turbine pumps
40132539,Tools and Equipment|Miscellaneous or unclassified|Turbo pumps,4,Tools and Equipment,12,Miscellaneous or unclassified,2539,Turbo pumps
40132540,Tools and Equipment|Miscellaneous or unclassified|Turnbuckles,4,Tools and Equipment,12,Miscellaneous or unclassified,2540,Turnbuckles
40132541,Tools and Equipment|Miscellaneous or unclassified|Turning centers,4,Tools and Equipment,12,Miscellaneous or unclassified,2541,Turning centers
40132542,Tools and Equipment|Miscellaneous or unclassified|Turning lathes,4,Tools and Equipment,12,Miscellaneous or unclassified,2542,Turning lathes
40132543,Tools and Equipment|Miscellaneous or unclassified|Turning machines,4,Tools and Equipment,12,Miscellaneous or unclassified,2543,Turning machines
40132544,Tools and Equipment|Miscellaneous or unclassified|Turning tools,4,Tools and Equipment,12,Miscellaneous or unclassified,2544,Turning tools
40132545,Tools and Equipment|Miscellaneous or unclassified|Turret lathes,4,Tools and Equipment,12,Miscellaneous or unclassified,2545,Turret lathes
40132546,Tools and Equipment|Miscellaneous or unclassified|Turret presses,4,Tools and Equipment,12,Miscellaneous or unclassified,2546,Turret presses
40132547,Tools and Equipment|Miscellaneous or unclassified|Turret punch presses,4,Tools and Equipment,12,Miscellaneous or unclassified,2547,Turret punch presses
40132548,Tools and Equipment|Miscellaneous or unclassified|Turret punches,4,Tools and Equipment,12,Miscellaneous or unclassified,2548,Turret punches
40132549,Tools and Equipment|Miscellaneous or unclassified|Twin screw extruders,4,Tools and Equipment,12,Miscellaneous or unclassified,2549,Twin screw extruders
40132550,Tools and Equipment|Miscellaneous or unclassified|Twin-screw extruders,4,Tools and Equipment,12,Miscellaneous or unclassified,2550,Twin-screw extruders
40132551,Tools and Equipment|Miscellaneous or unclassified|Twisting machines,4,Tools and Equipment,12,Miscellaneous or unclassified,2551,Twisting machines
40132552,Tools and Equipment|Miscellaneous or unclassified|Tympanometers,4,Tools and Equipment,12,Miscellaneous or unclassified,2552,Tympanometers
40132553,Tools and Equipment|Miscellaneous or unclassified|Ultra high frequency UHF radio communication systems,4,Tools and Equipment,12,Miscellaneous or unclassified,2553,Ultra high frequency UHF radio communication systems
40132554,Tools and Equipment|Miscellaneous or unclassified|Ultrasonic cleaners,4,Tools and Equipment,12,Miscellaneous or unclassified,2554,Ultrasonic cleaners
40132555,Tools and Equipment|Miscellaneous or unclassified|Ultrasonic welding equipment,4,Tools and Equipment,12,Miscellaneous or unclassified,2555,Ultrasonic welding equipment
40132556,Tools and Equipment|Miscellaneous or unclassified|Ultrasound machines,4,Tools and Equipment,12,Miscellaneous or unclassified,2556,Ultrasound machines
40132557,Tools and Equipment|Miscellaneous or unclassified|Ultrasound probes,4,Tools and Equipment,12,Miscellaneous or unclassified,2557,Ultrasound probes
40132558,Tools and Equipment|Miscellaneous or unclassified|Uncoupling levers,4,Tools and Equipment,12,Miscellaneous or unclassified,2558,Uncoupling levers
40132559,Tools and Equipment|Miscellaneous or unclassified|Underwater cameras,4,Tools and Equipment,12,Miscellaneous or unclassified,2559,Underwater cameras
40132560,Tools and Equipment|Miscellaneous or unclassified|Underwater recording equipment,4,Tools and Equipment,12,Miscellaneous or unclassified,2560,Underwater recording equipment
40132561,Tools and Equipment|Miscellaneous or unclassified|Underwater welding equipment,4,Tools and Equipment,12,Miscellaneous or unclassified,2561,Underwater welding equipment
40132562,Tools and Equipment|Miscellaneous or unclassified|Universal grinding machines,4,Tools and Equipment,12,Miscellaneous or unclassified,2562,Universal grinding machines
40132563,Tools and Equipment|Miscellaneous or unclassified|Universal testing machines,4,Tools and Equipment,12,Miscellaneous or unclassified,2563,Universal testing machines
40132564,Tools and Equipment|Miscellaneous or unclassified|Urinary catheters,4,Tools and Equipment,12,Miscellaneous or unclassified,2564,Urinary catheters
40132565,Tools and Equipment|Miscellaneous or unclassified|Urine analyzers,4,Tools and Equipment,12,Miscellaneous or unclassified,2565,Urine analyzers
40132566,Tools and Equipment|Miscellaneous or unclassified|Utility trucks,4,Tools and Equipment,12,Miscellaneous or unclassified,2566,Utility trucks
40132567,Tools and Equipment|Miscellaneous or unclassified|Vacutainer tubes,4,Tools and Equipment,12,Miscellaneous or unclassified,2567,Vacutainer tubes
40132568,Tools and Equipment|Miscellaneous or unclassified|Vacuum bags,4,Tools and Equipment,12,Miscellaneous or unclassified,2568,Vacuum bags
40132569,Tools and Equipment|Miscellaneous or unclassified|Vacuum brushes,4,Tools and Equipment,12,Miscellaneous or unclassified,2569,Vacuum brushes
40132570,Tools and Equipment|Miscellaneous or unclassified|Vacuum cups,4,Tools and Equipment,12,Miscellaneous or unclassified,2570,Vacuum cups
40132571,Tools and Equipment|Miscellaneous or unclassified|Vacuum deposition systems,4,Tools and Equipment,12,Miscellaneous or unclassified,2571,Vacuum deposition systems
40132572,Tools and Equipment|Miscellaneous or unclassified|Vacuum filters,4,Tools and Equipment,12,Miscellaneous or unclassified,2572,Vacuum filters
40132573,Tools and Equipment|Miscellaneous or unclassified|Vacuum formers,4,Tools and Equipment,12,Miscellaneous or unclassified,2573,Vacuum formers
40132574,Tools and Equipment|Miscellaneous or unclassified|Vacuum furnaces,4,Tools and Equipment,12,Miscellaneous or unclassified,2574,Vacuum furnaces
40132575,Tools and Equipment|Miscellaneous or unclassified|Vacuum gauges,4,Tools and Equipment,12,Miscellaneous or unclassified,2575,Vacuum gauges
40132576,Tools and Equipment|Miscellaneous or unclassified|Vacuum lifters,4,Tools and Equipment,12,Miscellaneous or unclassified,2576,Vacuum lifters
40132577,Tools and Equipment|Miscellaneous or unclassified|Vacuum lifts,4,Tools and Equipment,12,Miscellaneous or unclassified,2577,Vacuum lifts
40132578,Tools and Equipment|Miscellaneous or unclassified|Vacuum ovens,4,Tools and Equipment,12,Miscellaneous or unclassified,2578,Vacuum ovens
40132579,Tools and Equipment|Miscellaneous or unclassified|Vacuum pumps,4,Tools and Equipment,12,Miscellaneous or unclassified,2579,Vacuum pumps
40132580,Tools and Equipment|Miscellaneous or unclassified|Vacuum stations,4,Tools and Equipment,12,Miscellaneous or unclassified,2580,Vacuum stations
40132581,Tools and Equipment|Miscellaneous or unclassified|Vacuum tanks,4,Tools and Equipment,12,Miscellaneous or unclassified,2581,Vacuum tanks
40132582,Tools and Equipment|Miscellaneous or unclassified|Vacuum test chambers,4,Tools and Equipment,12,Miscellaneous or unclassified,2582,Vacuum test chambers
40132583,Tools and Equipment|Miscellaneous or unclassified|Vector network analyzers,4,Tools and Equipment,12,Miscellaneous or unclassified,2583,Vector network analyzers
40132584,Tools and Equipment|Miscellaneous or unclassified|Vector scopes,4,Tools and Equipment,12,Miscellaneous or unclassified,2584,Vector scopes
40132585,Tools and Equipment|Miscellaneous or unclassified|Vectorscopes,4,Tools and Equipment,12,Miscellaneous or unclassified,2585,Vectorscopes
40132586,Tools and Equipment|Miscellaneous or unclassified|Vehicle hoists,4,Tools and Equipment,12,Miscellaneous or unclassified,2586,Vehicle hoists
40132587,Tools and Equipment|Miscellaneous or unclassified|Velocimeters,4,Tools and Equipment,12,Miscellaneous or unclassified,2587,Velocimeters
40132588,Tools and Equipment|Miscellaneous or unclassified|Ventilation equipment,4,Tools and Equipment,12,Miscellaneous or unclassified,2588,Ventilation equipment
40132589,Tools and Equipment|Miscellaneous or unclassified|Ventricular assist devices VAD,4,Tools and Equipment,12,Miscellaneous or unclassified,2589,Ventricular assist devices VAD
40132590,Tools and Equipment|Miscellaneous or unclassified|Vernier micrometers,4,Tools and Equipment,12,Miscellaneous or unclassified,2590,Vernier micrometers
40132591,Tools and Equipment|Miscellaneous or unclassified|Vertical bandsaws,4,Tools and Equipment,12,Miscellaneous or unclassified,2591,Vertical bandsaws
40132592,Tools and Equipment|Miscellaneous or unclassified|Vertical milling machines,4,Tools and Equipment,12,Miscellaneous or unclassified,2592,Vertical milling machines
40132593,Tools and Equipment|Miscellaneous or unclassified|Vertical mills,4,Tools and Equipment,12,Miscellaneous or unclassified,2593,Vertical mills
40132594,Tools and Equipment|Miscellaneous or unclassified|Vertical turning centers,4,Tools and Equipment,12,Miscellaneous or unclassified,2594,Vertical turning centers
40132595,Tools and Equipment|Miscellaneous or unclassified|Vibrating screens,4,Tools and Equipment,12,Miscellaneous or unclassified,2595,Vibrating screens
40132596,Tools and Equipment|Miscellaneous or unclassified|Vibrating tables,4,Tools and Equipment,12,Miscellaneous or unclassified,2596,Vibrating tables
40132597,Tools and Equipment|Miscellaneous or unclassified|Vibration analyzers,4,Tools and Equipment,12,Miscellaneous or unclassified,2597,Vibration analyzers
40132598,Tools and Equipment|Miscellaneous or unclassified|Vibration isolators,4,Tools and Equipment,12,Miscellaneous or unclassified,2598,Vibration isolators
40132599,Tools and Equipment|Miscellaneous or unclassified|Vibration monitors,4,Tools and Equipment,12,Miscellaneous or unclassified,2599,Vibration monitors
40132600,Tools and Equipment|Miscellaneous or unclassified|Vibration tables,4,Tools and Equipment,12,Miscellaneous or unclassified,2600,Vibration tables
40132601,Tools and Equipment|Miscellaneous or unclassified|Vibratomes,4,Tools and Equipment,12,Miscellaneous or unclassified,2601,Vibratomes
40132602,Tools and Equipment|Miscellaneous or unclassified|Vibratory compactors,4,Tools and Equipment,12,Miscellaneous or unclassified,2602,Vibratory compactors
40132603,Tools and Equipment|Miscellaneous or unclassified|Vibratory rollers,4,Tools and Equipment,12,Miscellaneous or unclassified,2603,Vibratory rollers
40132604,Tools and Equipment|Miscellaneous or unclassified|Video camcorders,4,Tools and Equipment,12,Miscellaneous or unclassified,2604,Video camcorders
40132605,Tools and Equipment|Miscellaneous or unclassified|Video camera systems,4,Tools and Equipment,12,Miscellaneous or unclassified,2605,Video camera systems
40132606,Tools and Equipment|Miscellaneous or unclassified|Video consoles,4,Tools and Equipment,12,Miscellaneous or unclassified,2606,Video consoles
40132607,Tools and Equipment|Miscellaneous or unclassified|Video converters,4,Tools and Equipment,12,Miscellaneous or unclassified,2607,Video converters
40132608,Tools and Equipment|Miscellaneous or unclassified|Video editing equipment,4,Tools and Equipment,12,Miscellaneous or unclassified,2608,Video editing equipment
40132609,Tools and Equipment|Miscellaneous or unclassified|Video projectors,4,Tools and Equipment,12,Miscellaneous or unclassified,2609,Video projectors
40132610,Tools and Equipment|Miscellaneous or unclassified|Video recording systems,4,Tools and Equipment,12,Miscellaneous or unclassified,2610,Video recording systems
40132611,Tools and Equipment|Miscellaneous or unclassified|Video screens,4,Tools and Equipment,12,Miscellaneous or unclassified,2611,Video screens
40132612,Tools and Equipment|Miscellaneous or unclassified|Video servers,4,Tools and Equipment,12,Miscellaneous or unclassified,2612,Video servers
40132613,Tools and Equipment|Miscellaneous or unclassified|Video surveillance cameras,4,Tools and Equipment,12,Miscellaneous or unclassified,2613,Video surveillance cameras
40132614,Tools and Equipment|Miscellaneous or unclassified|Videoconferencing equipment,4,Tools and Equipment,12,Miscellaneous or unclassified,2614,Videoconferencing equipment
40132615,Tools and Equipment|Miscellaneous or unclassified|Videophones,4,Tools and Equipment,12,Miscellaneous or unclassified,2615,Videophones
40132616,Tools and Equipment|Miscellaneous or unclassified|Videoscopes,4,Tools and Equipment,12,Miscellaneous or unclassified,2616,Videoscopes
40132617,Tools and Equipment|Miscellaneous or unclassified|Vinyl gloves,4,Tools and Equipment,12,Miscellaneous or unclassified,2617,Vinyl gloves
40132618,Tools and Equipment|Miscellaneous or unclassified|Violins,4,Tools and Equipment,12,Miscellaneous or unclassified,2618,Violins
40132619,Tools and Equipment|Miscellaneous or unclassified|Viscometers,4,Tools and Equipment,12,Miscellaneous or unclassified,2619,Viscometers
40132620,Tools and Equipment|Miscellaneous or unclassified|Viscosity cups,4,Tools and Equipment,12,Miscellaneous or unclassified,2620,Viscosity cups
40132621,Tools and Equipment|Miscellaneous or unclassified|Viscosity meters,4,Tools and Equipment,12,Miscellaneous or unclassified,2621,Viscosity meters
40132622,Tools and Equipment|Miscellaneous or unclassified|Visual display boards,4,Tools and Equipment,12,Miscellaneous or unclassified,2622,Visual display boards
40132623,Tools and Equipment|Miscellaneous or unclassified|Vital signs monitors,4,Tools and Equipment,12,Miscellaneous or unclassified,2623,Vital signs monitors
40132624,Tools and Equipment|Miscellaneous or unclassified|Voice output devices,4,Tools and Equipment,12,Miscellaneous or unclassified,2624,Voice output devices
40132625,Tools and Equipment|Miscellaneous or unclassified|Voice switches,4,Tools and Equipment,12,Miscellaneous or unclassified,2625,Voice switches
40132626,Tools and Equipment|Miscellaneous or unclassified|Volt meters,4,Tools and Equipment,12,Miscellaneous or unclassified,2626,Volt meters
40132627,Tools and Equipment|Miscellaneous or unclassified|Voltage meters,4,Tools and Equipment,12,Miscellaneous or unclassified,2627,Voltage meters
40132628,Tools and Equipment|Miscellaneous or unclassified|Voltage probes,4,Tools and Equipment,12,Miscellaneous or unclassified,2628,Voltage probes
40132629,Tools and Equipment|Miscellaneous or unclassified|Voltage sensors,4,Tools and Equipment,12,Miscellaneous or unclassified,2629,Voltage sensors
40132630,Tools and Equipment|Miscellaneous or unclassified|Voltage testers,4,Tools and Equipment,12,Miscellaneous or unclassified,2630,Voltage testers
40132631,Tools and Equipment|Miscellaneous or unclassified|Voltmeters,4,Tools and Equipment,12,Miscellaneous or unclassified,2631,Voltmeters
40132632,Tools and Equipment|Miscellaneous or unclassified|Volume ventilators,4,Tools and Equipment,12,Miscellaneous or unclassified,2632,Volume ventilators
40132633,Tools and Equipment|Miscellaneous or unclassified|Volumetric flasks,4,Tools and Equipment,12,Miscellaneous or unclassified,2633,Volumetric flasks
40132634,Tools and Equipment|Miscellaneous or unclassified|Volumetric glassware,4,Tools and Equipment,12,Miscellaneous or unclassified,2634,Volumetric glassware
40132635,Tools and Equipment|Miscellaneous or unclassified|Wafer probers,4,Tools and Equipment,12,Miscellaneous or unclassified,2635,Wafer probers
40132636,Tools and Equipment|Miscellaneous or unclassified|Waffle irons,4,Tools and Equipment,12,Miscellaneous or unclassified,2636,Waffle irons
40132637,Tools and Equipment|Miscellaneous or unclassified|Waffle makers,4,Tools and Equipment,12,Miscellaneous or unclassified,2637,Waffle makers
40132638,Tools and Equipment|Miscellaneous or unclassified|Walk-behind power trowels,4,Tools and Equipment,12,Miscellaneous or unclassified,2638,Walk-behind power trowels
40132639,Tools and Equipment|Miscellaneous or unclassified|Walk-behind saws,4,Tools and Equipment,12,Miscellaneous or unclassified,2639,Walk-behind saws
40132640,Tools and Equipment|Miscellaneous or unclassified|Walk-through metal detectors,4,Tools and Equipment,12,Miscellaneous or unclassified,2640,Walk-through metal detectors
40132641,Tools and Equipment|Miscellaneous or unclassified|Walking floor trailers,4,Tools and Equipment,12,Miscellaneous or unclassified,2641,Walking floor trailers
40132642,Tools and Equipment|Miscellaneous or unclassified|Walking foot machines,4,Tools and Equipment,12,Miscellaneous or unclassified,2642,Walking foot machines
40132643,Tools and Equipment|Miscellaneous or unclassified|Warning flags,4,Tools and Equipment,12,Miscellaneous or unclassified,2643,Warning flags
40132644,Tools and Equipment|Miscellaneous or unclassified|Warning flares,4,Tools and Equipment,12,Miscellaneous or unclassified,2644,Warning flares
40132645,Tools and Equipment|Miscellaneous or unclassified|Warning horns,4,Tools and Equipment,12,Miscellaneous or unclassified,2645,Warning horns
40132646,Tools and Equipment|Miscellaneous or unclassified|Warning sirens,4,Tools and Equipment,12,Miscellaneous or unclassified,2646,Warning sirens
40132647,Tools and Equipment|Miscellaneous or unclassified|Washer sanitizers,4,Tools and Equipment,12,Miscellaneous or unclassified,2647,Washer sanitizers
40132648,Tools and Equipment|Miscellaneous or unclassified|Wastewater lift stations,4,Tools and Equipment,12,Miscellaneous or unclassified,2648,Wastewater lift stations
40132649,Tools and Equipment|Miscellaneous or unclassified|Wastewater samplers,4,Tools and Equipment,12,Miscellaneous or unclassified,2649,Wastewater samplers
40132650,Tools and Equipment|Miscellaneous or unclassified|Water baths,4,Tools and Equipment,12,Miscellaneous or unclassified,2650,Water baths
40132651,Tools and Equipment|Miscellaneous or unclassified|Water clarifiers,4,Tools and Equipment,12,Miscellaneous or unclassified,2651,Water clarifiers
40132652,Tools and Equipment|Miscellaneous or unclassified|Water filters,4,Tools and Equipment,12,Miscellaneous or unclassified,2652,Water filters
40132653,Tools and Equipment|Miscellaneous or unclassified|Water flow meters,4,Tools and Equipment,12,Miscellaneous or unclassified,2653,Water flow meters
40132654,Tools and Equipment|Miscellaneous or unclassified|Water jet cutters,4,Tools and Equipment,12,Miscellaneous or unclassified,2654,Water jet cutters
40132655,Tools and Equipment|Miscellaneous or unclassified|Water jet cutting machines,4,Tools and Equipment,12,Miscellaneous or unclassified,2655,Water jet cutting machines
40132656,Tools and Equipment|Miscellaneous or unclassified|Water jets,4,Tools and Equipment,12,Miscellaneous or unclassified,2656,Water jets
40132657,Tools and Equipment|Miscellaneous or unclassified|Water level meters,4,Tools and Equipment,12,Miscellaneous or unclassified,2657,Water level meters
40132658,Tools and Equipment|Miscellaneous or unclassified|Water mist systems,4,Tools and Equipment,12,Miscellaneous or unclassified,2658,Water mist systems
40132659,Tools and Equipment|Miscellaneous or unclassified|Water pressure regulators,4,Tools and Equipment,12,Miscellaneous or unclassified,2659,Water pressure regulators
40132660,Tools and Equipment|Miscellaneous or unclassified|Water pump pliers,4,Tools and Equipment,12,Miscellaneous or unclassified,2660,Water pump pliers
40132661,Tools and Equipment|Miscellaneous or unclassified|Water purification systems,4,Tools and Equipment,12,Miscellaneous or unclassified,2661,Water purification systems
40132662,Tools and Equipment|Miscellaneous or unclassified|Water purifiers,4,Tools and Equipment,12,Miscellaneous or unclassified,2662,Water purifiers
40132663,Tools and Equipment|Miscellaneous or unclassified|Water quality samplers,4,Tools and Equipment,12,Miscellaneous or unclassified,2663,Water quality samplers
40132664,Tools and Equipment|Miscellaneous or unclassified|Water removal pumps,4,Tools and Equipment,12,Miscellaneous or unclassified,2664,Water removal pumps
40132665,Tools and Equipment|Miscellaneous or unclassified|Water retention tanks,4,Tools and Equipment,12,Miscellaneous or unclassified,2665,Water retention tanks
40132666,Tools and Equipment|Miscellaneous or unclassified|Water samplers,4,Tools and Equipment,12,Miscellaneous or unclassified,2666,Water samplers
40132667,Tools and Equipment|Miscellaneous or unclassified|Water softeners,4,Tools and Equipment,12,Miscellaneous or unclassified,2667,Water softeners
40132668,Tools and Equipment|Miscellaneous or unclassified|Water spraying equipment,4,Tools and Equipment,12,Miscellaneous or unclassified,2668,Water spraying equipment
40132669,Tools and Equipment|Miscellaneous or unclassified|Water test kits,4,Tools and Equipment,12,Miscellaneous or unclassified,2669,Water test kits
40132670,Tools and Equipment|Miscellaneous or unclassified|Water transfer systems,4,Tools and Equipment,12,Miscellaneous or unclassified,2670,Water transfer systems
40132671,Tools and Equipment|Miscellaneous or unclassified|Watt meters,4,Tools and Equipment,12,Miscellaneous or unclassified,2671,Watt meters
40132672,Tools and Equipment|Miscellaneous or unclassified|Wattmeters,4,Tools and Equipment,12,Miscellaneous or unclassified,2672,Wattmeters
40132673,Tools and Equipment|Miscellaneous or unclassified|Wave gauges,4,Tools and Equipment,12,Miscellaneous or unclassified,2673,Wave gauges
40132674,Tools and Equipment|Miscellaneous or unclassified|Waveform generators,4,Tools and Equipment,12,Miscellaneous or unclassified,2674,Waveform generators
40132675,Tools and Equipment|Miscellaneous or unclassified|Waveform monitors,4,Tools and Equipment,12,Miscellaneous or unclassified,2675,Waveform monitors
40132676,Tools and Equipment|Miscellaneous or unclassified|Wavelength meters,4,Tools and Equipment,12,Miscellaneous or unclassified,2676,Wavelength meters
40132677,Tools and Equipment|Miscellaneous or unclassified|Wearable computers,4,Tools and Equipment,12,Miscellaneous or unclassified,2677,Wearable computers
40132678,Tools and Equipment|Miscellaneous or unclassified|Weather balloons,4,Tools and Equipment,12,Miscellaneous or unclassified,2678,Weather balloons
40132679,Tools and Equipment|Miscellaneous or unclassified|Weather instruments,4,Tools and Equipment,12,Miscellaneous or unclassified,2679,Weather instruments
40132680,Tools and Equipment|Miscellaneous or unclassified|Weather stations,4,Tools and Equipment,12,Miscellaneous or unclassified,2680,Weather stations
40132681,Tools and Equipment|Miscellaneous or unclassified|Web presses,4,Tools and Equipment,12,Miscellaneous or unclassified,2681,Web presses
40132682,Tools and Equipment|Miscellaneous or unclassified|Webbing stretchers,4,Tools and Equipment,12,Miscellaneous or unclassified,2682,Webbing stretchers
40132683,Tools and Equipment|Miscellaneous or unclassified|Webinar equipment,4,Tools and Equipment,12,Miscellaneous or unclassified,2683,Webinar equipment
40132684,Tools and Equipment|Miscellaneous or unclassified|Weed cutters,4,Tools and Equipment,12,Miscellaneous or unclassified,2684,Weed cutters
40132685,Tools and Equipment|Miscellaneous or unclassified|Weed sprayers,4,Tools and Equipment,12,Miscellaneous or unclassified,2685,Weed sprayers
40132686,Tools and Equipment|Miscellaneous or unclassified|Weedeaters,4,Tools and Equipment,12,Miscellaneous or unclassified,2686,Weedeaters
40132687,Tools and Equipment|Miscellaneous or unclassified|Weight belts,4,Tools and Equipment,12,Miscellaneous or unclassified,2687,Weight belts
40132688,Tools and Equipment|Miscellaneous or unclassified|Weight machines,4,Tools and Equipment,12,Miscellaneous or unclassified,2688,Weight machines
40132689,Tools and Equipment|Miscellaneous or unclassified|Weight plates,4,Tools and Equipment,12,Miscellaneous or unclassified,2689,Weight plates
40132690,Tools and Equipment|Miscellaneous or unclassified|Weight training equipment,4,Tools and Equipment,12,Miscellaneous or unclassified,2690,Weight training equipment
40132691,Tools and Equipment|Miscellaneous or unclassified|Welding electrodes,4,Tools and Equipment,12,Miscellaneous or unclassified,2691,Welding electrodes
40132692,Tools and Equipment|Miscellaneous or unclassified|Welding gloves,4,Tools and Equipment,12,Miscellaneous or unclassified,2692,Welding gloves
40132693,Tools and Equipment|Miscellaneous or unclassified|Welding guns,4,Tools and Equipment,12,Miscellaneous or unclassified,2693,Welding guns
40132694,Tools and Equipment|Miscellaneous or unclassified|Welding helmets,4,Tools and Equipment,12,Miscellaneous or unclassified,2694,Welding helmets
40132695,Tools and Equipment|Miscellaneous or unclassified|Welding tips,4,Tools and Equipment,12,Miscellaneous or unclassified,2695,Welding tips
40132696,Tools and Equipment|Miscellaneous or unclassified|Welding torches,4,Tools and Equipment,12,Miscellaneous or unclassified,2696,Welding torches
40132697,Tools and Equipment|Miscellaneous or unclassified|Well drilling rigs,4,Tools and Equipment,12,Miscellaneous or unclassified,2697,Well drilling rigs
40132698,Tools and Equipment|Miscellaneous or unclassified|Wellhead drives,4,Tools and Equipment,12,Miscellaneous or unclassified,2698,Wellhead drives
40132699,Tools and Equipment|Miscellaneous or unclassified|Wet saws,4,Tools and Equipment,12,Miscellaneous or unclassified,2699,Wet saws
40132700,Tools and Equipment|Miscellaneous or unclassified|Wet-dry vacuums,4,Tools and Equipment,12,Miscellaneous or unclassified,2700,Wet-dry vacuums
40132701,Tools and Equipment|Miscellaneous or unclassified|Wheel aligners,4,Tools and Equipment,12,Miscellaneous or unclassified,2701,Wheel aligners
40132702,Tools and Equipment|Miscellaneous or unclassified|Wheel alignment gauges,4,Tools and Equipment,12,Miscellaneous or unclassified,2702,Wheel alignment gauges
40132703,Tools and Equipment|Miscellaneous or unclassified|Wheel chocks,4,Tools and Equipment,12,Miscellaneous or unclassified,2703,Wheel chocks
40132704,Tools and Equipment|Miscellaneous or unclassified|Wheel cutters,4,Tools and Equipment,12,Miscellaneous or unclassified,2704,Wheel cutters
40132705,Tools and Equipment|Miscellaneous or unclassified|Wheelchair lifts,4,Tools and Equipment,12,Miscellaneous or unclassified,2705,Wheelchair lifts
40132706,Tools and Equipment|Miscellaneous or unclassified|Wheeled carts,4,Tools and Equipment,12,Miscellaneous or unclassified,2706,Wheeled carts
40132707,Tools and Equipment|Miscellaneous or unclassified|Wheeled excavators,4,Tools and Equipment,12,Miscellaneous or unclassified,2707,Wheeled excavators
40132708,Tools and Equipment|Miscellaneous or unclassified|Whirlpool baths,4,Tools and Equipment,12,Miscellaneous or unclassified,2708,Whirlpool baths
40132709,Tools and Equipment|Miscellaneous or unclassified|Whirlpool tubs,4,Tools and Equipment,12,Miscellaneous or unclassified,2709,Whirlpool tubs
40132710,Tools and Equipment|Miscellaneous or unclassified|Wide belt sanders,4,Tools and Equipment,12,Miscellaneous or unclassified,2710,Wide belt sanders
40132711,Tools and Equipment|Miscellaneous or unclassified|Wide format printers,4,Tools and Equipment,12,Miscellaneous or unclassified,2711,Wide format printers
40132712,Tools and Equipment|Miscellaneous or unclassified|Wildlife cameras,4,Tools and Equipment,12,Miscellaneous or unclassified,2712,Wildlife cameras
40132713,Tools and Equipment|Miscellaneous or unclassified|Winch trucks,4,Tools and Equipment,12,Miscellaneous or unclassified,2713,Winch trucks
40132714,Tools and Equipment|Miscellaneous or unclassified|Wind gauges,4,Tools and Equipment,12,Miscellaneous or unclassified,2714,Wind gauges
40132715,Tools and Equipment|Miscellaneous or unclassified|Wind sensors,4,Tools and Equipment,12,Miscellaneous or unclassified,2715,Wind sensors
40132716,Tools and Equipment|Miscellaneous or unclassified|Windrowers,4,Tools and Equipment,12,Miscellaneous or unclassified,2716,Windrowers
40132717,Tools and Equipment|Miscellaneous or unclassified|Wire bonders,4,Tools and Equipment,12,Miscellaneous or unclassified,2717,Wire bonders
40132718,Tools and Equipment|Miscellaneous or unclassified|Wire crimpers,4,Tools and Equipment,12,Miscellaneous or unclassified,2718,Wire crimpers
40132719,Tools and Equipment|Miscellaneous or unclassified|Wire cutting machines,4,Tools and Equipment,12,Miscellaneous or unclassified,2719,Wire cutting machines
40132720,Tools and Equipment|Miscellaneous or unclassified|Wire cutting tools,4,Tools and Equipment,12,Miscellaneous or unclassified,2720,Wire cutting tools
40132721,Tools and Equipment|Miscellaneous or unclassified|Wire electrical discharge machines,4,Tools and Equipment,12,Miscellaneous or unclassified,2721,Wire electrical discharge machines
40132722,Tools and Equipment|Miscellaneous or unclassified|Wire gauges,4,Tools and Equipment,12,Miscellaneous or unclassified,2722,Wire gauges
40132723,Tools and Equipment|Miscellaneous or unclassified|Wire ropes,4,Tools and Equipment,12,Miscellaneous or unclassified,2723,Wire ropes
40132724,Tools and Equipment|Miscellaneous or unclassified|Wire snips,4,Tools and Equipment,12,Miscellaneous or unclassified,2724,Wire snips
40132725,Tools and Equipment|Miscellaneous or unclassified|Wire strippers,4,Tools and Equipment,12,Miscellaneous or unclassified,2725,Wire strippers
40132726,Tools and Equipment|Miscellaneous or unclassified|Wire stripping pliers,4,Tools and Equipment,12,Miscellaneous or unclassified,2726,Wire stripping pliers
40132727,Tools and Equipment|Miscellaneous or unclassified|Wired microphones,4,Tools and Equipment,12,Miscellaneous or unclassified,2727,Wired microphones
40132728,Tools and Equipment|Miscellaneous or unclassified|Wireless microphones,4,Tools and Equipment,12,Miscellaneous or unclassified,2728,Wireless microphones
40132729,Tools and Equipment|Miscellaneous or unclassified|Wireless network controllers,4,Tools and Equipment,12,Miscellaneous or unclassified,2729,Wireless network controllers
40132730,Tools and Equipment|Miscellaneous or unclassified|Wireless presenters,4,Tools and Equipment,12,Miscellaneous or unclassified,2730,Wireless presenters
40132731,Tools and Equipment|Miscellaneous or unclassified|Wiring machines,4,Tools and Equipment,12,Miscellaneous or unclassified,2731,Wiring machines
40132732,Tools and Equipment|Miscellaneous or unclassified|Wood burners,4,Tools and Equipment,12,Miscellaneous or unclassified,2732,Wood burners
40132733,Tools and Equipment|Miscellaneous or unclassified|Wood chippers,4,Tools and Equipment,12,Miscellaneous or unclassified,2733,Wood chippers
40132734,Tools and Equipment|Miscellaneous or unclassified|Wood files,4,Tools and Equipment,12,Miscellaneous or unclassified,2734,Wood files
40132735,Tools and Equipment|Miscellaneous or unclassified|Wood lathes,4,Tools and Equipment,12,Miscellaneous or unclassified,2735,Wood lathes
40132736,Tools and Equipment|Miscellaneous or unclassified|Wood saws,4,Tools and Equipment,12,Miscellaneous or unclassified,2736,Wood saws
40132737,Tools and Equipment|Miscellaneous or unclassified|Wooden forms,4,Tools and Equipment,12,Miscellaneous or unclassified,2737,Wooden forms
40132738,Tools and Equipment|Miscellaneous or unclassified|Work lights,4,Tools and Equipment,12,Miscellaneous or unclassified,2738,Work lights
40132739,Tools and Equipment|Miscellaneous or unclassified|Work vans,4,Tools and Equipment,12,Miscellaneous or unclassified,2739,Work vans
40132740,Tools and Equipment|Miscellaneous or unclassified|Workshop presses,4,Tools and Equipment,12,Miscellaneous or unclassified,2740,Workshop presses
40132741,Tools and Equipment|Miscellaneous or unclassified|Workstation platforms,4,Tools and Equipment,12,Miscellaneous or unclassified,2741,Workstation platforms
40132742,Tools and Equipment|Miscellaneous or unclassified|Wound drains,4,Tools and Equipment,12,Miscellaneous or unclassified,2742,Wound drains
40132743,Tools and Equipment|Miscellaneous or unclassified|Wrapping equipment,4,Tools and Equipment,12,Miscellaneous or unclassified,2743,Wrapping equipment
40132744,Tools and Equipment|Miscellaneous or unclassified|Wrench sets,4,Tools and Equipment,12,Miscellaneous or unclassified,2744,Wrench sets
40132745,Tools and Equipment|Miscellaneous or unclassified|Wrist splints,4,Tools and Equipment,12,Miscellaneous or unclassified,2745,Wrist splints
40132746,Tools and Equipment|Miscellaneous or unclassified|Writing guides,4,Tools and Equipment,12,Miscellaneous or unclassified,2746,Writing guides
40132747,Tools and Equipment|Miscellaneous or unclassified|X ray equipment,4,Tools and Equipment,12,Miscellaneous or unclassified,2747,X ray equipment
40132748,Tools and Equipment|Miscellaneous or unclassified|Xylophones,4,Tools and Equipment,12,Miscellaneous or unclassified,2748,Xylophones
40132749,Tools and Equipment|Miscellaneous or unclassified|Zoom lenses,4,Tools and Equipment,12,Miscellaneous or unclassified,2749,Zoom lenses
40132750,Tools and Equipment|Miscellaneous or unclassified|pH analyzers,4,Tools and Equipment,12,Miscellaneous or unclassified,2750,pH analyzers
40132751,Tools and Equipment|Miscellaneous or unclassified|pH probes,4,Tools and Equipment,12,Miscellaneous or unclassified,2751,pH probes
40140001,Tools and Equipment|Office and business operations|Automatic teller machines ATMs,4,Tools and Equipment,13,Office and business operations,1,Automatic teller machines ATMs
40140002,Tools and Equipment|Office and business operations|Balance scales,4,Tools and Equipment,13,Office and business operations,2,Balance scales
40140003,Tools and Equipment|Office and business operations|Cash drawers,4,Tools and Equipment,13,Office and business operations,3,Cash drawers
40140004,Tools and Equipment|Office and business operations|Cash registers,4,Tools and Equipment,13,Office and business operations,4,Cash registers
40140005,Tools and Equipment|Office and business operations|Collating equipment,4,Tools and Equipment,13,Office and business operations,5,Collating equipment
40140006,Tools and Equipment|Office and business operations|Communication boards,4,Tools and Equipment,13,Office and business operations,6,Communication boards
40140007,Tools and Equipment|Office and business operations|Design templates,4,Tools and Equipment,13,Office and business operations,7,Design templates
40140008,Tools and Equipment|Office and business operations|Filing systems,4,Tools and Equipment,13,Office and business operations,8,Filing systems
40140009,Tools and Equipment|Office and business operations|Handheld scanners,4,Tools and Equipment,13,Office and business operations,9,Handheld scanners
40140010,Tools and Equipment|Office and business operations|Label printers,4,Tools and Equipment,13,Office and business operations,10,Label printers
40140011,Tools and Equipment|Office and business operations|Laser printers,4,Tools and Equipment,13,Office and business operations,11,Laser printers
40140012,Tools and Equipment|Office and business operations|Mail bins,4,Tools and Equipment,13,Office and business operations,12,Mail bins
40150001,Tools and Equipment|Painting and coating|Airless spray equipment,4,Tools and Equipment,14,Painting and coating,1,Airless spray equipment
40150002,Tools and Equipment|Painting and coating|Paint application sprayers,4,Tools and Equipment,14,Painting and coating,2,Paint application sprayers
40150003,Tools and Equipment|Painting and coating|Paint sprayguns,4,Tools and Equipment,14,Painting and coating,3,Paint sprayguns
40150004,Tools and Equipment|Painting and coating|Spray guns,4,Tools and Equipment,14,Painting and coating,4,Spray guns
40150005,Tools and Equipment|Painting and coating|Stencils,4,Tools and Equipment,14,Painting and coating,5,Stencils
40160001,Tools and Equipment|Security|Access control systems,4,Tools and Equipment,15,Security,1,Access control systems
40160002,Tools and Equipment|Security|Alarm systems,4,Tools and Equipment,15,Security,2,Alarm systems
40160003,Tools and Equipment|Security|Intrusion detection systems,4,Tools and Equipment,15,Security,3,Intrusion detection systems
40160004,Tools and Equipment|Security|Security devices,4,Tools and Equipment,15,Security,4,Security devices
40160005,Tools and Equipment|Security|Security surveillance systems,4,Tools and Equipment,15,Security,5,Security surveillance systems
40170001,Tools and Equipment|Transportation and warehousing|Avionics Systems,4,Tools and Equipment,16,Transportation and warehousing,1,Avionics Systems
40170002,Tools and Equipment|Transportation and warehousing|Cargo dollies,4,Tools and Equipment,16,Transportation and warehousing,2,Cargo dollies
40170003,Tools and Equipment|Transportation and warehousing|Cruise ships,4,Tools and Equipment,16,Transportation and warehousing,3,Cruise ships
40170004,Tools and Equipment|Transportation and warehousing|Drogues,4,Tools and Equipment,16,Transportation and warehousing,4,Drogues
40170005,Tools and Equipment|Transportation and warehousing|Flatbed trailers,4,Tools and Equipment,16,Transportation and warehousing,5,Flatbed trailers
40170006,Tools and Equipment|Transportation and warehousing|Ground throw switches,4,Tools and Equipment,16,Transportation and warehousing,6,Ground throw switches
40170007,Tools and Equipment|Transportation and warehousing|Hand trucks,4,Tools and Equipment,16,Transportation and warehousing,7,Hand trucks
40170008,Tools and Equipment|Transportation and warehousing|Handtrucks,4,Tools and Equipment,16,Transportation and warehousing,8,Handtrucks
40170009,Tools and Equipment|Transportation and warehousing|Industrial trucks,4,Tools and Equipment,16,Transportation and warehousing,9,Industrial trucks
40170010,Tools and Equipment|Transportation and warehousing|Moving dollies,4,Tools and Equipment,16,Transportation and warehousing,10,Moving dollies
40170011,Tools and Equipment|Transportation and warehousing|Navigation equipment,4,Tools and Equipment,16,Transportation and warehousing,11,Navigation equipment
40170012,Tools and Equipment|Transportation and warehousing|Order selectors,4,Tools and Equipment,16,Transportation and warehousing,12,Order selectors
40170013,Tools and Equipment|Transportation and warehousing|Rigging equipment,4,Tools and Equipment,16,Transportation and warehousing,13,Rigging equipment
40170014,Tools and Equipment|Transportation and warehousing|Scooters,4,Tools and Equipment,16,Transportation and warehousing,14,Scooters
40170015,Tools and Equipment|Transportation and warehousing|Taxicabs,4,Tools and Equipment,16,Transportation and warehousing,15,Taxicabs
40170016,Tools and Equipment|Transportation and warehousing|Tire chains,4,Tools and Equipment,16,Transportation and warehousing,16,Tire chains
40170017,Tools and Equipment|Transportation and warehousing|Track switches,4,Tools and Equipment,16,Transportation and warehousing,17,Track switches
40170018,Tools and Equipment|Transportation and warehousing|Transfer belts,4,Tools and Equipment,16,Transportation and warehousing,18,Transfer belts
40170019,Tools and Equipment|Transportation and warehousing|Warehouse dollies,4,Tools and Equipment,16,Transportation and warehousing,19,Warehouse dollies
40170020,Tools and Equipment|Transportation and warehousing|Wrapping machines,4,Tools and Equipment,16,Transportation and warehousing,20,Wrapping machines
